id,source,vulnerability,description,recommendation,url
1,arXiv Research,VLAI: A RoBERTa-Based Model for Automated Vulnerability Severity Classification,"This paper presents VLAI, a transformer-based model that predicts software vulnerability severity levels directly from text descriptions. Built on RoBERTa, VLAI is fine-tuned on over 600,000 real-world vulnerabilities and achieves over 82% accuracy in predicting severity categories, enabling faster and more consistent triage ahead of manual CVSS scoring. The model and dataset are open-source and integrated into the Vulnerability-Lookup service.",Review academic findings for mitigation strategies.,http://arxiv.org/abs/2507.03607v1
2,arXiv Research,Towards Vulnerability Discovery Using Staged Program Analysis,"Eliminating vulnerabilities from low-level code is vital for securing software. Static analysis is a promising approach for discovering vulnerabilities since it can provide developers early feedback on the code they write. But, it presents multiple challenges not the least of which is understanding what makes a bug exploitable and conveying this information to the developer. In this paper, we present the design and implementation of a practical vulnerability assessment framework, called Melange. Melange performs data and control flow analysis to diagnose potential security bugs, and outputs well-formatted bug reports that help developers understand and fix security bugs. Based on the intuition that real-world vulnerabilities manifest themselves across multiple parts of a program, Melange performs both local and global analyses. To scale up to large programs, global analysis is demand-driven. Our prototype detects multiple vulnerability classes in C and C++ code including type confusion, and garbage memory reads. We have evaluated Melange extensively. Our case studies show that Melange scales up to large codebases such as Chromium, is easy-to-use, and most importantly, capable of discovering vulnerabilities in real-world code. Our findings indicate that static analysis is a viable reinforcement to the software testing tool set.",Review academic findings for mitigation strategies.,http://arxiv.org/abs/1508.04627v2
3,arXiv Research,Identifying and Supporting Financially Vulnerable Consumers in a Privacy-Preserving Manner: A Use Case Using Decentralised Identifiers and Verifiable Credentials,"Vulnerable individuals have a limited ability to make reasonable financial decisions and choices and, thus, the level of care that is appropriate to be provided to them by financial institutions may be different from that required for other consumers. Therefore, identifying vulnerability is of central importance for the design and effective provision of financial services and products. However, validating the information that customers share and respecting their privacy are both particularly important in finance and this poses a challenge for identifying and caring for vulnerable populations. This position paper examines the potential of the combination of two emerging technologies, Decentralized Identifiers (DIDs) and Verifiable Credentials (VCs), for the identification of vulnerable consumers in finance in an efficient and privacy-preserving manner.",Review academic findings for mitigation strategies.,http://arxiv.org/abs/2106.06053v1
4,arXiv Research,Zer0n: An AI-Assisted Vulnerability Discovery and Blockchain-Backed Integrity Framework,"As vulnerability research increasingly adopts generative AI, a critical reliance on opaque model outputs has emerged, creating a ""trust gap"" in security automation. We address this by introducing Zer0n, a framework that anchors the reasoning capabilities of Large Language Models (LLMs) to the immutable audit trails of blockchain technology. Specifically, we integrate Gemini 2.0 Pro for logic-based vulnerability detection with the Avalanche C-Chain for tamper-evident artifact logging. Unlike fully decentralized solutions that suffer from high latency, Zer0n employs a hybrid architecture: execution remains off-chain for performance, while integrity proofs are finalized on-chain. Our evaluation on a dataset of 500 endpoints reveals that this approach achieves 80% detection accuracy with only a marginal 22.9% overhead, effectively demonstrating that decentralized integrity can coexist with high-speed security workflows.",Review academic findings for mitigation strategies.,http://arxiv.org/abs/2601.07019v1
5,arXiv Research,Risk analysis beyond vulnerability and resilience - characterizing the defensibility of critical systems,"A common problem in risk analysis is to characterize the overall security of a system of valuable assets (e.g., government buildings or communication hubs), and to suggest measures to mitigate any hazards or security threats. Currently, analysts typically rely on a combination of indices, such as resilience, robustness, redundancy, security, and vulnerability. However, these indices are not by themselves sufficient as a guide to action; for example, while it is possible to develop policies to decrease vulnerability, such policies may not always be cost-effective. Motivated by this gap, we propose a new index, defensibility. A system is considered defensible to the extent that a modest investment can significantly reduce the damage from an attack or disruption. To compare systems whose performance is not readily commensurable (e.g., the electrical grid vs. the water-distribution network, both of which are critical, but which provide distinct types of services), we defined defensibility as a dimensionless index. After defining defensibility quantitatively, we illustrate how the defensibility of a system depends on factors such as the defender and attacker asset valuations, the nature of the threat (whether intelligent and adaptive, or random), and the levels of attack and defense strengths and provide analytical results that support the observations arising from the above illustrations. Overall, we argue that the defensibility of a system is an important dimension to consider when evaluating potential defensive investments, and that it can be applied in a variety of different contexts.",Review academic findings for mitigation strategies.,http://arxiv.org/abs/1901.07313v1
6,arXiv Research,Vulnerability Analysis of 2500 Docker Hub Images,"The use of container technology has skyrocketed during the last few years, with Docker as the leading container platform. Docker's online repository for publicly available container images, called Docker Hub, hosts over 3.5 million images at the time of writing, making it the world's largest community of container images. We perform an extensive vulnerability analysis of 2500 Docker images. It is of particular interest to perform this type of analysis because the vulnerability landscape is a rapidly changing category, the vulnerability scanners are constantly developed and updated, new vulnerabilities are discovered, and the volume of images on Docker Hub is increasing every day. Our main findings reveal that (1) the number of newly introduced vulnerabilities on Docker Hub is rapidly increasing; (2) certified images are the most vulnerable; (3) official images are the least vulnerable; (4) there is no correlation between the number of vulnerabilities and image features (i.e., number of pulls, number of stars, and days since the last update); (5) the most severe vulnerabilities originate from two of the most popular scripting languages, JavaScript and Python; and (6) Python 2.x packages and jackson-databind packages contain the highest number of severe vulnerabilities. We perceive our study as the most extensive vulnerability analysis published in the open literature in the last couple of years.",Review academic findings for mitigation strategies.,http://arxiv.org/abs/2006.02932v3
7,arXiv Research,Bringing UFUs Back into the Air With FUEL: A Framework for Evaluating the Effectiveness of Unrestricted File Upload Vulnerability Scanners,"Unrestricted file upload (UFU) is a class of web security vulnerabilities that can have a severe impact on web applications if uploaded files are not sufficiently validated or securely handled. A review of related work shows an increased interest in finding new methods to discover such vulnerabilities. However, each publication evaluates its new vulnerability scanner against a different set of artificial or real-world applications available at the time of writing. Thus, we identify the need for a comprehensive testing framework to allow a reproducible comparison between existing and future UFU vulnerability scanners. Our contributions include the File Upload Exploitation Lab (FUEL), which models 15 distinct UFU vulnerabilities in isolated scenarios to enable a reproducible evaluation of UFU scanners' capabilities. The results of evaluating four black-box UFU scanners against FUEL show that no scanner manages to identify all UFU vulnerabilities, leaving real-world websites at risk of compromise due to false negatives. Our work aims to solve this problem by extending an existing UFU scanner with multiple new detection and exploitation techniques, which we call Fuxploider-NG, to increase its accuracy from ~50% to over 90%, thereby surpassing the capabilities of existing UFU scanners and showcasing the importance of FUEL as a UFU vulnerability evaluation framework. To foster open science and future work in this area, we open-source FUEL and Fuxploider-NG.",Review academic findings for mitigation strategies.,http://arxiv.org/abs/2405.16619v1
8,arXiv Research,Semantic Learning and Emulation Based Cross-platform Binary Vulnerability Seeker,"Clone detection is widely exploited for software vulnerability search. The approaches based on source code analysis cannot be applied to binary clone detection because the same source code can produce significantly different binaries. In this paper, we present BinSeeker, a cross-platform binary seeker that integrates semantic learning and emulation. With the help of the labeled semantic flow graph, BinSeeker can quickly identify M candidate functions that are most similar to the vulnerability from the target binary. The value of M is relatively large so this semantic learning procedure essentially eliminates those functions that are very unlikely to have the vulnerability. Then, semantic emulation is conducted on these M candidates to obtain their dynamic signature sequences. By comparing signature sequences, BinSeeker produces top-N functions that exhibit most similar behavior to that of the vulnerability. With fast filtering of semantic learning and accurate comparison of semantic emulation, BinSeeker seeks vulnerability precisely with little overhead. The experiments on six widely used programs with fifteen known CVE vulnerabilities demonstrate that BinSeeker outperforms three state-of-the-art tools Genius, Gemini and CACompare. Regarding search accuracy, BinSeeker achieves an MRR value of 0.65 in the target programs, whereas the MRR values by Genius, Gemini and CACompare are 0.17, 0.07 and 0.42, respectively. If we consider ranking a function with the targeted vulnerability in the top-5 as accurate, BinSeeker achieves the accuracy of 93.33 percent, while the accuracy of the other three tools is merely 33.33, 13.33 and 53.33 percent, respectively. Such accuracy is achieved with 0.27s on average to determine whether the target binary function contains a known vulnerability, and the time for the other three tools are 1.57s, 0.15s and 0.98s, respectively.",Review academic findings for mitigation strategies.,http://arxiv.org/abs/2211.05441v1
9,arXiv Research,A Placement Vulnerability Study in Multi-tenant Public Clouds,"Public infrastructure-as-a-service clouds, such as Amazon EC2, Google Compute Engine (GCE) and Microsoft Azure allow clients to run virtual machines (VMs) on shared physical infrastructure. This practice of multi-tenancy brings economies of scale, but also introduces the risk of sharing a physical server with an arbitrary and potentially malicious VM. Past works have demonstrated how to place a VM alongside a target victim (co-location) in early-generation clouds and how to extract secret information via side- channels. Although there have been numerous works on side-channel attacks, there have been no studies on placement vulnerabilities in public clouds since the adoption of stronger isolation technologies such as Virtual Private Clouds (VPCs).   We investigate this problem of placement vulnerabilities and quantitatively evaluate three popular public clouds for their susceptibility to co-location attacks. We find that adoption of new technologies (e.g., VPC) makes many prior attacks, such as cloud cartography, ineffective. We find new ways to reliably test for co-location across Amazon EC2, Google GCE, and Microsoft Azure. We also found ways to detect co-location with victim web servers in a multi-tiered cloud application located behind a load balancer.   We use our new co-residence tests and multiple customer accounts to launch VM instances under different strategies that seek to maximize the likelihood of co-residency. We find that it is much easier (10x higher success rate) and cheaper (up to $114 less) to achieve co-location in these three clouds when compared to a secure reference placement policy.",Review academic findings for mitigation strategies.,http://arxiv.org/abs/1507.03114v1
10,arXiv Research,A Prospective Analysis of Security Vulnerabilities within Link Traversal-Based Query Processing (Extended Version),"The societal and economical consequences surrounding Big Data-driven platforms have increased the call for decentralized solutions. However, retrieving and querying data in more decentralized environments requires fundamentally different approaches, whose properties are not yet well understood. Link Traversal-based Query Processing (LTQP) is a technique for querying over decentralized data networks, in which a client-side query engine discovers data by traversing links between documents. Since decentralized environments are potentially unsafe due to their non-centrally controlled nature, there is a need for client-side LTQP query engines to be resistant against security threats aimed at the query engine's host machine or the query initiator's personal data. As such, we have performed an analysis of potential security vulnerabilities of LTQP. This article provides an overview of security threats in related domains, which are used as inspiration for the identification of 10 LTQP security threats. Each threat is explained, together with an example, and one or more avenues for mitigations are proposed. We conclude with several concrete recommendations for LTQP query engine developers and data publishers as a first step to mitigate some of these issues. With this work, we start filling the unknowns for enabling querying over decentralized environments. Aside from future work on security, wider research is needed to uncover missing building blocks for enabling true decentralization.",Review academic findings for mitigation strategies.,http://arxiv.org/abs/2210.04631v1
11,arXiv Research,Vulnerability Detection is Just the Beginning,"Vulnerability detection plays a key role in secure software development. There are many different vulnerability detection tools and techniques to choose from, and insufficient information on which vulnerability detection techniques to use and when. The goal of this research is to assist managers and other decision-makers on software projects in making informed choices about the use of different software vulnerability detection techniques through empirical analysis of the efficiency and effectiveness of each technique. We will examine the relationships between the vulnerability detection technique used to find a vulnerability, the type of vulnerability found, the exploitability of the vulnerability, and the effort needed to fix a vulnerability on two projects where we ensure all vulnerabilities found have been fixed. We will then examine how these relationships are seen in Open Source Software more broadly where practitioners may use different vulnerability detection techniques, or may not fix all vulnerabilities found due to resource constraints.",Review academic findings for mitigation strategies.,http://arxiv.org/abs/2103.05160v1
12,arXiv Research,KernJC: Automated Vulnerable Environment Generation for Linux Kernel Vulnerabilities,"Linux kernel vulnerability reproduction is a critical task in system security. To reproduce a kernel vulnerability, the vulnerable environment and the Proof of Concept (PoC) program are needed. Most existing research focuses on the generation of PoC, while the construction of environment is overlooked. However, establishing an effective vulnerable environment to trigger a vulnerability is challenging. Firstly, it is hard to guarantee that the selected kernel version for reproduction is vulnerable, as the vulnerability version claims in online databases can occasionally be spurious. Secondly, many vulnerabilities can not be reproduced in kernels built with default configurations. Intricate non-default kernel configurations must be set to include and trigger a kernel vulnerability, but less information is available on how to recognize these configurations.   To solve these challenges, we propose a patch-based approach to identify real vulnerable kernel versions and a graph-based approach to identify necessary configs for activating a specific vulnerability. We implement these approaches in a tool, KernJC, automating the generation of vulnerable environments for kernel vulnerabilities. To evaluate the efficacy of KernJC, we build a dataset containing 66 representative real-world vulnerabilities with PoCs from kernel vulnerability research in the past five years. The evaluation shows that KernJC builds vulnerable environments for all these vulnerabilities, 48.5% of which require non-default configs, and 4 have incorrect version claims in the National Vulnerability Database (NVD). Furthermore, we conduct large-scale spurious version detection on kernel vulnerabilities and identify 128 vulnerabilities which have spurious version claims in NVD. To foster future research, we release KernJC with the dataset in the community.",Review academic findings for mitigation strategies.,http://arxiv.org/abs/2404.11107v3
13,arXiv Research,Vulnerability Abundance: A formal proof of infinite vulnerabilities in code,"We present a constructive proof that a single C program, the \emph{Vulnerability Factory}, admits a countably infinite set of distinct, independently CVE-assignable software vulnerabilities. We formalise the argument using elementary set theory, verify it against MITRE's CVE Numbering Authority counting rules, sketch a model-checking analysis that corroborates unbounded vulnerability generation, and provide a Turing-machine characterisation that situates the result within classical computability theory. We then contextualise this result within the long-running debate on whether undiscovered vulnerabilities in software are \emph{dense} or \emph{sparse}, and introduce the concept of \emph{vulnerability abundance}: a quantitative analogy to chemical elemental abundance that describes the proportional distribution of vulnerability classes across the global software corpus. Because different programming languages render different vulnerability classes possible or impossible, and because language popularity shifts over time, vulnerability abundance is neither static nor uniform. Crucially, we distinguish between infinite \emph{vulnerabilities} and the far smaller set of \emph{exploits}: empirical evidence suggests that fewer than 6\% of published CVEs are ever exploited in the wild, and that exploitation frequency depends not only on vulnerability abundance but on the market share of the affected software. We argue that measuring vulnerability abundance, and its interaction with software deployment, has practical value for both vulnerability prevention and cyber-risk analysis. We conclude that if one programme can harbour infinitely many vulnerabilities, the set of all software vulnerabilities is necessarily infinite, and we suggest the Vulnerability Factory may serve as a reusable proof artifact, a foundational `test object',for future formal results in vulnerability theory.",Review academic findings for mitigation strategies.,http://arxiv.org/abs/2604.07539v2
14,arXiv Research,Enhancing Code Vulnerability Detection via Vulnerability-Preserving Data Augmentation,"Source code vulnerability detection aims to identify inherent vulnerabilities to safeguard software systems from potential attacks. Many prior studies overlook diverse vulnerability characteristics, simplifying the problem into a binary (0-1) classification task for example determining whether it is vulnerable or not. This poses a challenge for a single deep learning-based model to effectively learn the wide array of vulnerability characteristics. Furthermore, due to the challenges associated with collecting large-scale vulnerability data, these detectors often overfit limited training datasets, resulting in lower model generalization performance.   To address the aforementioned challenges, in this work, we introduce a fine-grained vulnerability detector namely FGVulDet. Unlike previous approaches, FGVulDet employs multiple classifiers to discern characteristics of various vulnerability types and combines their outputs to identify the specific type of vulnerability. Each classifier is designed to learn type-specific vulnerability semantics. Additionally, to address the scarcity of data for some vulnerability types and enhance data diversity for learning better vulnerability semantics, we propose a novel vulnerability-preserving data augmentation technique to augment the number of vulnerabilities. Taking inspiration from recent advancements in graph neural networks for learning program semantics, we incorporate a Gated Graph Neural Network (GGNN) and extend it to an edge-aware GGNN to capture edge-type information. FGVulDet is trained on a large-scale dataset from GitHub, encompassing five different types of vulnerabilities. Extensive experiments compared with static-analysis-based approaches and learning-based approaches have demonstrated the effectiveness of FGVulDet.",Review academic findings for mitigation strategies.,http://arxiv.org/abs/2404.09599v1
15,arXiv Research,Creating a vulnerable node based on the vulnerability MS17-010,"The creation of a vulnerable node has been demonstrated through the analysis and implementation of the MS17-010 (CVE-2017-0144) vulnerability, affecting the SMBv1 protocol on various Windows operating systems. The principle and methodology of exploiting the vulnerability are described, with a formalized representation of the exploitation in the form of a Meta Attack Language (MAL) graph. Additionally, the attacker's implementation is outlined as the execution of an automated script in Python using the Metasploit Framework. Basic security measures for systems utilizing the SMBv1 protocol are provided.",Review academic findings for mitigation strategies.,http://arxiv.org/abs/2401.14979v1
16,arXiv Research,On the Effectiveness of Function-Level Vulnerability Detectors for Inter-Procedural Vulnerabilities,"Software vulnerabilities are a major cyber threat and it is important to detect them. One important approach to detecting vulnerabilities is to use deep learning while treating a program function as a whole, known as function-level vulnerability detectors. However, the limitation of this approach is not understood. In this paper, we investigate its limitation in detecting one class of vulnerabilities known as inter-procedural vulnerabilities, where the to-be-patched statements and the vulnerability-triggering statements belong to different functions. For this purpose, we create the first Inter-Procedural Vulnerability Dataset (InterPVD) based on C/C++ open-source software, and we propose a tool dubbed VulTrigger for identifying vulnerability-triggering statements across functions. Experimental results show that VulTrigger can effectively identify vulnerability-triggering statements and inter-procedural vulnerabilities. Our findings include: (i) inter-procedural vulnerabilities are prevalent with an average of 2.8 inter-procedural layers; and (ii) function-level vulnerability detectors are much less effective in detecting to-be-patched functions of inter-procedural vulnerabilities than detecting their counterparts of intra-procedural vulnerabilities.",Review academic findings for mitigation strategies.,http://arxiv.org/abs/2401.09767v2
17,arXiv Research,Web Vulnerability Scanners: A Case Study,"Cloud security is one of the biggest concerns for many companies. The growth in the number and size of websites increases the need for better securing those websites. Manual testing and detection of web vulnerabilities can be very time consuming. Automated Web Vulnerability Scanners (WVS) help with the detection of vulnerabilities in web applications. Acunetix is one of the widely used vulnerability scanners. Acunetix is also easy to implement and to use. The scan results not only provide the details of the vulnerabilities, but also give information about fixing the vulnerabilities. AcuSensor and AcuMonitor (technologies used by Acunetix) help generate more accurate potential vulnerability results. One of the purposes of this paper is to orient current students of computer security with using vulnerability scanners. Secondly, this paper provides a literature review related to the topic of security vulnerability scanners. Finally, web vulnerabilities are addressed from the mobile device and browser perspectives.",Review academic findings for mitigation strategies.,http://arxiv.org/abs/1706.08017v1
18,arXiv Research,Cargo Ecosystem Dependency-Vulnerability Knowledge Graph Construction and Vulnerability Propagation Study,"Currently, little is known about the structure of the Cargo ecosystem and the potential for vulnerability propagation. Many empirical studies generalize third-party dependency governance strategies from a single software ecosystem to other ecosystems but ignore the differences in the technical structures of different software ecosystems, making it difficult to directly generalize security governance strategies from other ecosystems to the Cargo ecosystem. To fill the gap in this area, this paper constructs a knowledge graph of dependency vulnerabilities for the Cargo ecosystem using techniques related to knowledge graphs to address this challenge. This paper is the first large-scale empirical study in a related research area to address vulnerability propagation in the Cargo ecosystem. This paper proposes a dependency-vulnerability knowledge graph parsing algorithm to determine the vulnerability propagation path and propagation range and empirically studies the characteristics of vulnerabilities in the Cargo ecosystem, the propagation range, and the factors that cause vulnerability propagation. Our research has found that the Cargo ecosystem's security vulnerabilities are primarily memory-related. 18% of the libraries affected by the vulnerability is still affected by the vulnerability in the latest version of the library. The number of versions affected by the propagation of the vulnerabilities is 19.78% in the entire Cargo ecosystem. This paper looks at the characteristics and propagation factors triggering vulnerabilities in the Cargo ecosystem. It provides some practical resolution strategies for administrators of the Cargo community, developers who use Cargo to manage third-party libraries, and library owners. This paper provides new ideas for improving the overall security of the Cargo ecosystem.",Review academic findings for mitigation strategies.,http://arxiv.org/abs/2210.07482v1
19,arXiv Research,Learning to Quantize Vulnerability Patterns and Match to Locate Statement-Level Vulnerabilities,"Deep learning (DL) models have become increasingly popular in identifying software vulnerabilities. Prior studies found that vulnerabilities across different vulnerable programs may exhibit similar vulnerable scopes, implicitly forming discernible vulnerability patterns that can be learned by DL models through supervised training. However, vulnerable scopes still manifest in various spatial locations and formats within a program, posing challenges for models to accurately identify vulnerable statements. Despite this challenge, state-of-the-art vulnerability detection approaches fail to exploit the vulnerability patterns that arise in vulnerable programs. To take full advantage of vulnerability patterns and unleash the ability of DL models, we propose a novel vulnerability-matching approach in this paper, drawing inspiration from program analysis tools that locate vulnerabilities based on pre-defined patterns. Specifically, a vulnerability codebook is learned, which consists of quantized vectors representing various vulnerability patterns. During inference, the codebook is iterated to match all learned patterns and predict the presence of potential vulnerabilities within a given program. Our approach was extensively evaluated on a real-world dataset comprising more than 188,000 C/C++ functions. The evaluation results show that our approach achieves an F1-score of 94% (6% higher than the previous best) and 82% (19% higher than the previous best) for function and statement-level vulnerability identification, respectively. These substantial enhancements highlight the effectiveness of our approach to identifying vulnerabilities. The training code and pre-trained models are available at https://github.com/optimatch/optimatch.",Review academic findings for mitigation strategies.,http://arxiv.org/abs/2306.06109v1
20,arXiv Research,"Vulnerability, Where Art Thou? An Investigation of Vulnerability Management in Android Smartphone Chipsets","Vulnerabilities in Android smartphone chipsets have severe consequences, as recent real-world attacks have demonstrated that adversaries can leverage vulnerabilities to execute arbitrary code or exfiltrate confidential information. Despite the far-reaching impact of such attacks, the lifecycle of chipset vulnerabilities has yet to be investigated, with existing papers primarily investigating vulnerabilities in the Android operating system. This paper provides a comprehensive and empirical study of the current state of smartphone chipset vulnerability management within the Android ecosystem. For the first time, we create a unified knowledge base of 3,676 chipset vulnerabilities affecting 437 chipset models from all four major chipset manufacturers, combined with 6,866 smartphone models. Our analysis revealed that the same vulnerabilities are often included in multiple generations of chipsets, providing novel empirical evidence that vulnerabilities are inherited through multiple chipset generations. Furthermore, we demonstrate that the commonly accepted 90-day responsible vulnerability disclosure period is seldom adhered to. We find that a single vulnerability often affects hundreds to thousands of different smartphone models, for which update availability is, as we show, often unclear or heavily delayed. Leveraging the new insights gained from our empirical analysis, we recommend several changes that chipset manufacturers can implement to improve the security posture of their products. At the same time, our knowledge base enables academic researchers to conduct more representative evaluations of smartphone chipsets, accurately assess the impact of vulnerabilities they discover, and identify avenues for future research.",Review academic findings for mitigation strategies.,http://arxiv.org/abs/2412.06556v1
21,arXiv Research,Vulnerability Coverage for Secure Configuration,"We present a novel idea on adequacy testing called ``{vulnerability coverage}.'' The introduced coverage measure examines the underlying software for the presence of certain classes of vulnerabilities often found in the National Vulnerability Database (NVD) website. The thoroughness of the test input generation procedure is performed through the adaptation of evolutionary algorithms namely Genetic Algorithms (GA) and Particle Swarm Optimization (PSO). The methodology utilizes the Common Vulnerability Scoring System (CVSS), a free and open industry standard for assessing the severity of computer system security vulnerabilities, as a fitness measure for test inputs generation. The outcomes of these evolutionary algorithms are then evaluated in order to identify the vulnerabilities that match a class of vulnerability patterns for testing purposes.",Review academic findings for mitigation strategies.,http://arxiv.org/abs/2006.08604v1
22,arXiv Research,Cryptography Vulnerabilities on HackerOne,"Previous studies have shown that cryptography is hard for developers to use and misusing cryptography leads to severe security vulnerabilities. We studied relevant vulnerability reports on the HackerOne bug bounty platform to understand what types of cryptography vulnerabilities exist in the wild. We extracted eight themes of vulnerabilities from the vulnerability reports and discussed their real-world implications and mitigation strategies. We hope that our findings alert developers, familiarize them with the dire consequences of cryptography misuses, and support them in avoiding such mistakes.",Review academic findings for mitigation strategies.,http://arxiv.org/abs/2111.03859v1
23,arXiv Research,Path-wise Vulnerability Mitigation,"Software vulnerabilities are prevalent but fixing software vulnerabilities is not trivial. Studies have shown that a considerable prepatch window exists because it often takes weeks or months for software vendors to fix a vulnerability. Existing approaches aim to reduce the pre-patch window by generating and applying mitigation patches that prevent adversaries from exploiting vulnerabilities rather than fix vulnerabilities. Because mitigation patches typically terminate the execution of vulnerability-triggering program paths at the level of functions, they can have significant side-effects. This paper describes an approach called PAVER that generates and inserts mitigation patches at the level of program paths, i.e. path-wise vulnerability mitigation patches, in order to reduce their side-effects. PAVER generates a program path graph that includes the paths leading to vulnerabilities and the control dependencies on these paths, then identifies candidate patch locations based on the program path graph. For each candidate patch location, PAVER generates and inserts a mitigation patch, and tests the patched program to assess the side-effect of the patch. It ranks the patches by the extent of their side-effects. We evaluates the prototype of PAVER on real world vulnerabilities and the evaluation shows that our path-wise vulnerability mitigation patches can achieve minimum side-effects.",Review academic findings for mitigation strategies.,http://arxiv.org/abs/2405.16372v1
24,arXiv Research,A Historical and Statistical Studyof the Software Vulnerability Landscape,"Understanding the landscape of software vulnerabilities is key for developing effective security solutions. Fortunately, the evaluation of vulnerability databases that use a framework for communicating vulnerability attributes and their severity scores, such as the Common Vulnerability Scoring System (CVSS), can help shed light on the nature of publicly published vulnerabilities. In this paper, we characterize the software vulnerability landscape by performing a historical and statistical analysis of CVSS vulnerability metrics over the period of 2005 to 2019 through using data from the National Vulnerability Database. We conduct three studies analyzing the following: the distribution of CVSS scores (both empirical and theoretical), the distribution of CVSS metric values and how vulnerability characteristics change over time, and the relative rankings of the most frequent metric value over time. Our resulting analysis shows that the vulnerability threat landscape has been dominated by only a few vulnerability types and has changed little during the time period of the study. The overwhelming majority of vulnerabilities are exploitable over the network. The complexity to successfully exploit these vulnerabilities is dominantly low; very little authentication to the target victim is necessary for a successful attack. And most of the flaws require very limited interaction with users. However on the positive side, the damage of these vulnerabilities is mostly confined within the security scope of the impacted components. A discussion of lessons that could be learned from this analysis is presented.",Review academic findings for mitigation strategies.,http://arxiv.org/abs/2102.01722v1
25,arXiv Research,Game Rewards Vulnerabilities: Software Vulnerability Detection with Zero-Sum Game and Prototype Learning,"Recent years have witnessed a growing focus on automated software vulnerability detection. Notably, deep learning (DL)-based methods, which employ source code for the implicit acquisition of vulnerability patterns, have demonstrated superior performance compared to other approaches. However, the DL-based approaches are still hard to capture the vulnerability-related information from the whole code snippet, since the vulnerable parts usually account for only a small proportion. As evidenced by our experiments, the approaches tend to excessively emphasize semantic information, potentially leading to limited vulnerability detection performance in practical scenarios. First, they cannot well distinguish between the code snippets before (i.e., vulnerable code) and after (i.e., non-vulnerable code) developers' fixes due to the minimal code changes. Besides, substituting user-defined identifiers with placeholders (e.g., ""VAR1"" and ""FUN1"") in obvious performance degradation at up to 14.53% with respect to the F1 score. To mitigate these issues, we propose to leverage the vulnerable and corresponding fixed code snippets, in which the minimal changes can provide hints about semantic-agnostic features for vulnerability detection. In this paper, we propose a software vulneRability dEteCtion framework with zerO-sum game and prototype learNing, named RECON. In RECON, we propose a zero-sum game construction module. Distinguishing the vulnerable code from the corresponding fixed code is regarded as one player (i.e. Calibrator), while the conventional vulnerability detection is another player (i.e. Detector) in the zero-sum game. The goal is to capture the semantic-agnostic features of the first player for enhancing the second player's performance for vulnerability detection. Experiments on the public benchmark dataset show that RECON outperforms the state-of-the-art baseline by 6.29% in F1 score.",Review academic findings for mitigation strategies.,http://arxiv.org/abs/2401.08131v1
26,arXiv Research,The Distributed Open-Source Vulnerability Ecosystem,"Identifying known software vulnerabilities is a central task in software supply chain security management. Although publicly available vulnerability information is based on shared standards, different vulnerability scanners often report divergent results for identical software inventories. These differences do not arise solely from individual data sources or scanner implementations. They can emerge at several stages of the open-source vulnerability ecosystem. This paper presents a conceptual framework that describes vulnerability management as a distributed process of information exchange and transformation. It traces vulnerability information from its creation and standardization through enrichment to context-dependent interpretation. The analysis identifies heterogeneous information sources, divergent identity and version models, temporal change, and context-dependent assessment as major causes of inconsistent scanner findings. It then discusses the implications for interpreting analysis results, designing reproducible evaluation methods, and handling dynamic vulnerability knowledge in practice.",Review academic findings for mitigation strategies.,http://arxiv.org/abs/2607.14900v1
27,arXiv Research,Vulnerability Clustering and other Machine Learning Applications of Semantic Vulnerability Embeddings,"Cyber-security vulnerabilities are usually published in form of short natural language descriptions (e.g., in form of MITRE's CVE list) that over time are further manually enriched with labels such as those defined by the Common Vulnerability Scoring System (CVSS). In the Vulnerability AI (Analytics and Intelligence) project, we investigated different types of semantic vulnerability embeddings based on natural language processing (NLP) techniques to obtain a concise representation of the vulnerability space. We also evaluated their use as a foundation for machine learning applications that can support cyber-security researchers and analysts in risk assessment and other related activities. The particular applications we explored and briefly summarize in this report are clustering, classification, and visualization, as well as a new logic-based approach to evaluate theories about the vulnerability space.",Review academic findings for mitigation strategies.,http://arxiv.org/abs/2310.05935v1
28,arXiv Research,Disparate Vulnerability to Membership Inference Attacks,"A membership inference attack (MIA) against a machine-learning model enables an attacker to determine whether a given data record was part of the model's training data or not. In this paper, we provide an in-depth study of the phenomenon of disparate vulnerability against MIAs: unequal success rate of MIAs against different population subgroups. We first establish necessary and sufficient conditions for MIAs to be prevented, both on average and for population subgroups, using a notion of distributional generalization. Second, we derive connections of disparate vulnerability to algorithmic fairness and to differential privacy. We show that fairness can only prevent disparate vulnerability against limited classes of adversaries. Differential privacy bounds disparate vulnerability but can significantly reduce the accuracy of the model. We show that estimating disparate vulnerability to MIAs by naïvely applying existing attacks can lead to overestimation. We then establish which attacks are suitable for estimating disparate vulnerability, and provide a statistical framework for doing so reliably. We conduct experiments on synthetic and real-world data finding statistically significant evidence of disparate vulnerability in realistic settings. The code is available at https://github.com/spring-epfl/disparate-vulnerability",Review academic findings for mitigation strategies.,http://arxiv.org/abs/1906.00389v4
29,arXiv Research,The (Un)Reliability of NVD Vulnerable Versions Data: an Empirical Experiment on Google Chrome Vulnerabilities,"NVD is one of the most popular databases used by researchers to conduct empirical research on data sets of vulnerabilities. Our recent analysis on Chrome vulnerability data reported by NVD has revealed an abnormally phenomenon in the data where almost vulnerabilities were originated from the first versions. This inspires our experiment to validate the reliability of the NVD vulnerable version data. In this experiment, we verify for each version of Chrome that NVD claims vulnerable is actually vulnerable. The experiment revealed several errors in the vulnerability data of Chrome. Furthermore, we have also analyzed how these errors might impact the conclusions of an empirical study on foundational vulnerability. Our results show that different conclusions could be obtained due to the data errors.",Review academic findings for mitigation strategies.,http://arxiv.org/abs/1302.4133v1
30,arXiv Research,Automated Reasoning for Vulnerability Management by Design,"For securing systems, it is essential to manage their vulnerability posture and design appropriate security controls. Vulnerability management allows to proactively address vulnerabilities by incorporating pertinent security controls into systems designs. Current vulnerability management approaches do not support systematic reasoning about the vulnerability postures of systems designs. To effectively manage vulnerabilities and design security controls, we propose a formally grounded automated reasoning mechanism. We integrate the mechanism into an open-source security design tool and demonstrate its application through an illustrative example driven by real-world challenges. The automated reasoning mechanism allows system designers to identify vulnerabilities that are applicable to a specific system design, explicitly specify vulnerability mitigation options, declare selected controls, and thus systematically manage vulnerability postures.",Review academic findings for mitigation strategies.,http://arxiv.org/abs/2507.05794v1
31,arXiv Research,Vulnerability Detection with Fine-grained Interpretations,"Despite the successes of machine learning (ML) and deep learning (DL) based vulnerability detectors (VD), they are limited to providing only the decision on whether a given code is vulnerable or not, without details on what part of the code is relevant to the detected vulnerability. We present IVDetect an interpretable vulnerability detector with the philosophy of using Artificial Intelligence (AI) to detect vulnerabilities, while using Intelligence Assistant (IA) via providing VD interpretations in terms of vulnerable statements.   For vulnerability detection, we separately consider the vulnerable statements and their surrounding contexts via data and control dependencies. This allows our model better discriminate vulnerable statements than using the mixture of vulnerable code and~contextual code as in existing approaches. In addition to the coarse-grained vulnerability detection result, we leverage interpretable AI to provide users with fine-grained interpretations that include the sub-graph in the Program Dependency Graph (PDG) with the crucial statements that are relevant to the detected vulnerability. Our empirical evaluation on vulnerability databases shows that IVDetect outperforms the existing DL-based approaches by 43%--84% and 105%--255% in top-10 nDCG and MAP ranking scores. IVDetect correctly points out the vulnerable statements relevant to the vulnerability via its interpretation~in 67% of the cases with a top-5 ranked list. It improves over baseline interpretation models by 12.3%--400% and 9%--400% in accuracy.",Review academic findings for mitigation strategies.,http://arxiv.org/abs/2106.10478v1
32,arXiv Research,Identifying Vulnerable Third-Party Java Libraries from Textual Descriptions of Vulnerabilities and Libraries,"To address security vulnerabilities arising from third-party libraries, security researchers maintain databases monitoring and curating vulnerability reports. Application developers can identify vulnerable libraries by directly querying the databases with their used libraries. However, the querying results of vulnerable libraries are not reliable due to the incompleteness of vulnerability reports. Thus, current approaches model the task of identifying vulnerable libraries as a named-entity-recognition (NER) task or an extreme multi-label learning (XML) task. These approaches suffer from highly inaccurate results in identifying vulnerable libraries with complex and similar names, e.g., Java libraries. To address these limitations, in this paper, we propose VulLibMiner, the first to identify vulnerable libraries from textual descriptions of both vulnerabilities and libraries, together with VulLib, a Java vulnerability dataset with their affected libraries. VulLibMiner consists of a TF-IDF matcher to efficiently screen out a small set of candidate libraries and a BERT-FNN model to identify vulnerable libraries from these candidates effectively. We evaluate VulLibMiner using four state-of-the-art/practice approaches of identifying vulnerable libraries on both their dataset named VeraJava and our VulLib dataset. Our evaluation results show that VulLibMiner can effectively identify vulnerable libraries with an average F1 score of 0.657 while the state-of-the-art/practice approaches achieve only 0.521.",Review academic findings for mitigation strategies.,http://arxiv.org/abs/2307.08206v3
33,arXiv Research,Technical Information on Vulnerabilities of Hypercall Handlers,"Modern virtualized service infrastructures expose attack vectors that enable attacks of high severity, such as attacks targeting hypervisors. A malicious user of a guest VM (virtual machine) may execute an attack against the underlying hypervisor via hypercalls, which are software traps from a kernel of a fully or partially paravirtualized guest VM to the hypervisor. The exploitation of a vulnerability of a hypercall handler may have severe consequences such as altering hypervisor's memory, which may result in the execution of malicious code with hypervisor privilege. Despite the importance of vulnerabilities of hypercall handlers, there is not much publicly available information on them. This significantly hinders advances towards securing hypercall interfaces. In this work, we provide in-depth technical information on publicly disclosed vulnerabilities of hypercall handlers. Our vulnerability analysis is based on reverse engineering the released patches fixing the considered vulnerabilities. For each analyzed vulnerability, we provide background information essential for understanding the vulnerability, and information on the vulnerable hypercall handler and the error causing the vulnerability. We also show how the vulnerability can be triggered and discuss the state of the targeted hypervisor after the vulnerability has been triggered.",Review academic findings for mitigation strategies.,http://arxiv.org/abs/1410.1158v1
34,arXiv Research,Introducing the Robot Vulnerability Database (RVD),"Cybersecurity in robotics is an emerging topic that has gained significant traction. Researchers have demonstrated some of the potentials and effects of cyber attacks on robots lately. This implies safety related adverse consequences causing human harm, death or lead to significant integrity loss clearly overcoming the privacy concerns in classical IT world. In cybersecurity research, the use of vulnerability databases is a very reliable tool to responsibly disclose vulnerabilities in software products and raise willingness of vendors to address these issues. In this paper we argue, that existing vulnerability databases are of insufficient information density and show some biased content with respect to vulnerabilities in robots. This paper presents the Robot Vulnerability Database (RVD), a directory for responsible disclosure of bugs, weaknesses and vulnerabilities in robots. This article aims to describe the design and process as well as the associated disclosure policy behind RVD. Furthermore the authors present preliminary selected vulnerabilities already contained in RVD and call to the robotics and security communities for contribution to the endeavour of eliminating zero-day vulnerabilities in robotics.",Review academic findings for mitigation strategies.,http://arxiv.org/abs/1912.11299v3
35,arXiv Research,An Exploratory Study into Vulnerability Chaining Blindness Terminology and Viability,"To tie together the concepts of linkage blindness and the inability to link vulnerabilities together in a Vulnerability Management Program (VMP), the researcher postulated new terminology. The terminology of vulnerability chaining blindness is proposed to understand the underlying issues behind vulnerability management and vulnerabilities that can be used in combination. The general problem is that IT and cybersecurity professionals have a difficult time identifying chained vulnerabilities due to the complexity of vulnerability prioritization and remediation (Abomhara & Køien, 2015; Felmetsger et al., 2010). The specific problem is the inability to link and view multiple vulnerabilities in combination based on limited expertise and awareness of vulnerability chaining (Tang et al., 2017). The population of this study was limited to one focus group, within the IT and Security fields, within the United States. The sample size consisted of one focus group comprised of 8-10 IT and cybersecurity professionals. The research questions focused on if participants were aware of linkage blindness or vulnerability chaining, as well as if vulnerability chaining blindness would be applicable to describe the phenomenon. Several themes emerged through top-level, eclectic, and second-level coding data analysis. These themes included complexity in cybersecurity programs, new concepts in vulnerability management, as well as fear of the unknown and where security meets technology.   Keywords: linkage blindness, vulnerability chaining, vulnerability chaining blindness, vulnerability management",Review academic findings for mitigation strategies.,http://arxiv.org/abs/2203.10403v1
36,arXiv Research,Vulpedia: Detecting Vulnerable Ethereum Smart Contracts via Abstracted Vulnerability Signatures,"Recent years have seen smart contracts are getting increasingly popular in building trustworthy decentralized applications. Previous research has proposed static and dynamic techniques to detect vulnerabilities in smart contracts. These tools check vulnerable contracts against several predefined rules. However, the emerging new vulnerable types and programming skills to prevent possible vulnerabilities emerging lead to a large number of false positive and false negative reports of tools. To address this, we propose Vulpedia, which mines expressive vulnerability signatures from contracts. Vulpedia is based on the relaxed assumption that the owner of contract is not malicious. Specifically, we extract structural program features from vulnerable and benign contracts as vulnerability signatures, and construct a systematic detection method based on detection rules composed of vulnerability signatures. Compared with the rules defined by state-of-the-arts, our approach can extract more expressive rules to achieve better completeness (i.e., detection recall) and soundness (i.e., precision). We further evaluate Vulpedia with four baselines (i.e., Slither, Securify, SmartCheck and Oyente) on the testing dataset consisting of 17,770 contracts. The experiment results show that Vulpedia achieves best performance of precision on 4 types of vulnerabilities and leading recall on 3 types of vulnerabilities meanwhile exhibiting the great efficiency performance.",Review academic findings for mitigation strategies.,http://arxiv.org/abs/1912.04466v2
37,arXiv Research,Propagation-Based Vulnerability Impact Assessment for Software Supply Chains,"Identifying the impact scope and scale is critical for software supply chain vulnerability assessment. However, existing studies face substantial limitations. First, prior studies either work at coarse package-level granularity, producing many false positives, or fail to accomplish whole-ecosystem vulnerability propagation analysis. Second, although vulnerability assessment indicators like CVSS characterize individual vulnerabilities, no metric exists to specifically quantify the dynamic impact of vulnerability propagation across software supply chains. To address these limitations and enable accurate and comprehensive vulnerability impact assessment, we propose a novel approach: (i) a hierarchical worklist-based algorithm for whole-ecosystem and call-graph-level vulnerability propagation analysis and (ii) the Vulnerability Propagation Scoring System (VPSS), a dynamic metric to quantify the scope and evolution of vulnerability impacts in software supply chains. We implement a prototype of our approach in the Java Maven ecosystem and evaluate it on 100 real-world vulnerabilities. Experimental results demonstrate that our approach enables effective ecosystem-wide vulnerability propagation analysis, and provides a practical, quantitative measure of vulnerability impact through VPSS.",Review academic findings for mitigation strategies.,http://arxiv.org/abs/2506.01342v2
38,arXiv Research,VulMatch: Binary-level Vulnerability Detection Through Signature,"Similar vulnerability repeats in real-world software products because of code reuse, especially in wildly reused third-party code and libraries. Detecting repeating vulnerabilities like 1-day and N-day vulnerabilities is an important cyber security task. Unfortunately, the state-of-the-art methods suffer from poor performance because they detect patch existence instead of vulnerability existence and infer the vulnerability signature directly from binary code. In this paper, we propose VulMatch to extract precise vulnerability-related binary instructions to generate the vulnerability-related signature. VulMatch detects vulnerability existence based on binary signatures. Unlike previous approaches, VulMatch accurately locates vulnerability-related instructions by utilizing source and binary codes. Our experiments were conducted using over 1000 vulnerable instances across seven open-source projects. VulMatch significantly outperformed the baseline tools Asm2vec and Palmtree. Besides the performance advantages over the baseline tools, VulMatch offers a better feature by providing explainable reasons during vulnerability detection. Our empirical studies demonstrate that VulMatch detects fine-grained vulnerability that the state-of-the-art tools struggle with. Our experiment on commercial firmware demonstrates VulMatch is able to find vulnerabilities in real-world scenario.",Review academic findings for mitigation strategies.,http://arxiv.org/abs/2308.00288v2
39,arXiv Research,VulBinLLM: LLM-powered Vulnerability Detection for Stripped Binaries,"Recognizing vulnerabilities in stripped binary files presents a significant challenge in software security. Although some progress has been made in generating human-readable information from decompiled binary files with Large Language Models (LLMs), effectively and scalably detecting vulnerabilities within these binary files is still an open problem. This paper explores the novel application of LLMs to detect vulnerabilities within these binary files. We demonstrate the feasibility of identifying vulnerable programs through a combined approach of decompilation optimization to make the vulnerabilities more prominent and long-term memory for a larger context window, achieving state-of-the-art performance in binary vulnerability analysis. Our findings highlight the potential for LLMs to overcome the limitations of traditional analysis methods and advance the field of binary vulnerability detection, paving the way for more secure software systems. In this paper, we present Vul-BinLLM , an LLM-based framework for binary vulnerability detection that mirrors traditional binary analysis workflows with fine-grained optimizations in decompilation and vulnerability reasoning with an extended context. In the decompilation phase, Vul-BinLLM adds vulnerability and weakness comments without altering the code structure or functionality, providing more contextual information for vulnerability reasoning later. Then for vulnerability reasoning, Vul-BinLLM combines in-context learning and chain-of-thought prompting along with a memory management agent to enhance accuracy. Our evaluations encompass the commonly used synthetic dataset Juliet to evaluate the potential feasibility for analysis and vulnerability detection in C/C++ binaries. Our evaluations show that Vul-BinLLM is highly effective in detecting vulnerabilities on the compiled Juliet dataset.",Review academic findings for mitigation strategies.,http://arxiv.org/abs/2505.22010v1
40,arXiv Research,An Empirical Study of Vulnerability Detection using Federated Learning,"Although Deep Learning (DL) methods becoming increasingly popular in vulnerability detection, their performance is seriously limited by insufficient training data. This is mainly because few existing software organizations can maintain a complete set of high-quality samples for DL-based vulnerability detection. Due to the concerns about privacy leakage, most of them are reluctant to share data, resulting in the data silo problem. Since enables collaboratively model training without data sharing, Federated Learning (FL) has been investigated as a promising means of addressing the data silo problem in DL-based vulnerability detection. However, since existing FL-based vulnerability detection methods focus on specific applications, it is still far unclear i) how well FL adapts to common vulnerability detection tasks and ii) how to design a high-performance FL solution for a specific vulnerability detection task. To answer these two questions, this paper first proposes VulFL, an effective evaluation framework for FL-based vulnerability detection. Then, based on VulFL, this paper conducts a comprehensive study to reveal the underlying capabilities of FL in dealing with different types of CWEs, especially when facing various data heterogeneity scenarios. Our experimental results show that, compared to independent training, FL can significantly improve the detection performance of common AI models on all investigated CWEs, though the performance of FL-based vulnerability detection is limited by heterogeneous data. To highlight the performance differences between different FL solutions for vulnerability detection, we extensively investigate the impacts of different configuration strategies for each framework component of VulFL. Our study sheds light on the potential of FL in vulnerability detection, which can be used to guide the design of FL-based solutions for vulnerability detection.",Review academic findings for mitigation strategies.,http://arxiv.org/abs/2411.16099v1
41,arXiv Research,Why Not Mitigate Vulnerabilities in Helm Charts?,"[Context]: Containerization ensures the resilience of distributed applications by Kubernetes. Helm is a package manager for Kubernetes applications. A Helm package, namely ""Chart'', is a set of pre-configured resources that one could quickly deploy a complex application. However, Helm broadens the attack surface of the distributed applications.   [Objective]: This study aims to investigate the prevalence of fixable vulnerabilities, the factors related to the vulnerabilities, and current mitigation strategies in Helm Charts.   [Method]: We conduct a mixed-methods study on 11,035 Helm Charts affected by 10,982 fixable vulnerabilities. We analyze the complexity of Charts and compare the distribution of vulnerabilities between official and unofficial Charts. Subsequently, we investigate vulnerability mitigation strategies from the Chart-associated repositories by a grounded theory.   [Results]: Our findings highlight that the complexity of a Chart correlates with the number of vulnerabilities, and the official Charts do not contain fewer vulnerabilities compared to unofficial Charts. The 10,982 fixable vulnerabilities are at a median of high severity and can be easily exploited. In addition, we identify 11 vulnerability mitigation strategies in three categories. Due to the complexity of Charts, maintainers are required to investigate where a vulnerability impacts and how to mitigate it. The use of automated strategies is low as automation has limited capability(e.g., a higher number of false positives) in such complex Charts.   [Conclusion]: There exists need for automation tools that assist maintainers in mitigating vulnerabilities to reduce manual effort. In addition, Chart maintainers lack incentives to mitigate vulnerabilities, given a lack of guidelines for mitigation responsibilities. Adopting a shared responsibility model in the Helm ecosystem would increase its security.",Review academic findings for mitigation strategies.,http://arxiv.org/abs/2312.15350v1
42,arXiv Research,An Empirical Study of Vulnerability Handling Times in CPython,"The paper examines the handling times of software vulnerabilities in CPython, the reference implementation and interpreter for the today's likely most popular programming language, Python. The background comes from the so-called vulnerability life cycle analysis, the literature on bug fixing times, and the recent research on security of Python software. Based on regression analysis, the associated vulnerability fixing times can be explained very well merely by knowing who have reported the vulnerabilities. Severity, proof-of-concept code, commits made to a version control system, comments posted on a bug tracker, and references to other sources do not explain the vulnerability fixing times. With these results, the paper contributes to the recent effort to better understand security of the Python ecosystem.",Review academic findings for mitigation strategies.,http://arxiv.org/abs/2411.00447v2
43,arXiv Research,QuiLL: An LLM-Based Vulnerability Assessment Framework for the Wild,"Large Language Models (LLMs) have demonstrated exceptional progress in multiple domains of software engineering including software vulnerability detection. Using LLMs to automate vulnerability detection in the wild is an important and relatively under-explored problem. In this paper we propose QuiLL, the first comprehensive evaluation framework for real-world vulnerability detection. Our solution consists of an end-to-end pipeline that draws together cutting-edge LLM optimization techniques and strategies specifically catering to the complexities of real-world vulnerability detection. Our specific contributions include (i) diverse prompt designs for vulnerability detection and reasoning (ii) a real-world vector data store constructed from the National Vulnerability Database to provide dynamic in-context learning, and (iii) a novel scoring metric which quantifies accuracy and reasoning quality of model predictions. QuiLL enables researchers to easily and systematically benchmark and compare the vulnerability detection capabilities of various LLMs and assess their readiness for deployment in actual code production pipelines.",Review academic findings for mitigation strategies.,http://arxiv.org/abs/2510.04056v2
44,arXiv Research,VulZoo: A Comprehensive Vulnerability Intelligence Dataset,"Software vulnerabilities pose critical security and risk concerns for many software systems. Many techniques have been proposed to effectively assess and prioritize these vulnerabilities before they cause serious consequences. To evaluate their performance, these solutions often craft their own experimental datasets from limited information sources, such as MITRE CVE and NVD, lacking a global overview of broad vulnerability intelligence. The repetitive data preparation process further complicates the verification and comparison of new solutions. To resolve this issue, in this paper, we propose VulZoo, a comprehensive vulnerability intelligence dataset that covers 17 popular vulnerability information sources. We also construct connections among these sources, enabling more straightforward configuration and adaptation for different vulnerability assessment tasks (e.g., vulnerability type prediction). Additionally, VulZoo provides utility scripts for automatic data synchronization and cleaning, relationship mining, and statistics generation. We make VulZoo publicly available and maintain it with incremental updates to facilitate future research. We believe that VulZoo serves as a valuable input to vulnerability assessment and prioritization studies. The dataset with utility scripts is available at https://github.com/NUS-Curiosity/VulZoo.",Review academic findings for mitigation strategies.,http://arxiv.org/abs/2406.16347v2
45,arXiv Research,Towards Demystifying and Repairing LLM-in-the-Loop Vulnerabilities,"Large Language Models (LLMs) have been actively integrated into modern software systems as critical components, introducing a new type of software vulnerability, LLM-in-the-Loop (LiL) vulnerability, in which threats are caused by LLMs. Although some studies have attempted to investigate the impact of LiL vulnerabilities, they have unfortunately failed to clearly distinguish LiL vulnerabilities from conventional ones, leaving the understanding of real-world LiL vulnerabilities an open problem. To address this gap, we first clearly define the scope of LiL vulnerability, and discuss the differences between LiL vulnerabilities and vulnerabilities that exist in LLM systems but are not really caused by LLMs (i.e., LLM-ecosystem vulnerabilities). Then, we construct the first LiL vulnerability dataset, LiLCVE, covering 41 LiL vulnerabilities and 75 LLM-ecosystem vulnerabilities, to facilitate the risk analysis of LLM-integrated software. The analysis of LiLCVE reveals that LiL vulnerabilities have higher severity than LLM-ecosystem vulnerabilities and conventional software vulnerabilities, with 15.5% and 30.3% more critical vulnerabilities, respectively. Furthermore, given the high severity of LiL vulnerabilities and the potential of LLM-based vulnerability repair methods in patching conventional software vulnerabilities. We explore the capabilities of existing widely-used LLM-based methods in repairing vulnerabilities in LiLCVE. Experimental results on 20 agent-model configuration demonstrate that LiL vulnerabilities are far more challenging to fix, with an average decrease of 10.8% Pass@1 rate compared to other types of vulnerabilities. More critically, three categories, Generated Query Execution, Agent Action, and Model Output Rendering, frequently receive 0% repair success rates.",Review academic findings for mitigation strategies.,http://arxiv.org/abs/2605.28893v2
46,arXiv Research,Enhancing Vulnerability Reports with Automated and Augmented Description Summarization,"Public vulnerability databases, such as the National Vulnerability Database (NVD), document vulnerabilities and facilitate threat information sharing. However, they often suffer from short descriptions and outdated or insufficient information. In this paper, we introduce Zad, a system designed to enrich NVD vulnerability descriptions by leveraging external resources. Zad consists of two pipelines: one collects and filters supplementary data using two encoders to build a detailed dataset, while the other fine-tunes a pre-trained model on this dataset to generate enriched descriptions. By addressing brevity and improving content quality, Zad produces more comprehensive and cohesive vulnerability descriptions. We evaluate Zad using standard summarization metrics and human assessments, demonstrating its effectiveness in enhancing vulnerability information.",Review academic findings for mitigation strategies.,http://arxiv.org/abs/2504.20726v1
47,arXiv Research,LLM-based Vulnerable Code Augmentation: Generate or Refactor?,"Vulnerability code-bases often suffer from severe imbalance, limiting the effectiveness of Deep Learning-based vulnerability classifiers. Data Augmentation could help solve this by mitigating the scarcity of under-represented vulnerability types. In this context, we investigate LLM-based augmentation for vulnerable functions, comparing controlled generation of new vulnerable samples with semantics-preserving refactoring of existing ones. Using Qwen2.5-Coder to produce augmented data and CodeBERT as a classifier on the SVEN dataset, we find that our approaches are indeed effective in enriching vulnerable code-bases through a simple process and with reasonable quality, and that a hybrid strategy best boosts vulnerability classifiers' performance. Code repository is available here : https://github.com/DynaSoumhaneOuchebara/LLM-based-code-augmentation-Generate-or-Refactor-",Review academic findings for mitigation strategies.,http://arxiv.org/abs/2512.08493v2
48,arXiv Research,From Generalist to Specialist: Exploring CWE-Specific Vulnerability Detection,"Vulnerability Detection (VD) using machine learning faces a significant challenge: the vast diversity of vulnerability types. Each Common Weakness Enumeration (CWE) represents a unique category of vulnerabilities with distinct characteristics, code semantics, and patterns. Treating all vulnerabilities as a single label with a binary classification approach may oversimplify the problem, as it fails to capture the nuances and context-specific to each CWE. As a result, a single binary classifier might merely rely on superficial text patterns rather than understanding the intricacies of each vulnerability type. Recent reports showed that even the state-of-the-art Large Language Model (LLM) with hundreds of billions of parameters struggles to generalize well to detect vulnerabilities. Our work investigates a different approach that leverages CWE-specific classifiers to address the heterogeneity of vulnerability types. We hypothesize that training separate classifiers for each CWE will enable the models to capture the unique characteristics and code semantics associated with each vulnerability category. To confirm this, we conduct an ablation study by training individual classifiers for each CWE and evaluating their performance independently. Our results demonstrate that CWE-specific classifiers outperform a single binary classifier trained on all vulnerabilities. Building upon this, we explore strategies to combine them into a unified vulnerability detection system using a multiclass approach. Even if the lack of large and high-quality datasets for vulnerability detection is still a major obstacle, our results show that multiclass detection can be a better path toward practical vulnerability detection in the future. All our models and code to produce our results are open-sourced.",Review academic findings for mitigation strategies.,http://arxiv.org/abs/2408.02329v1
49,arXiv Research,Vulnerability Analysis of Smart Contracts,"Blockchain platforms and smart contracts are vulnerable to security breaches. Security breaches of smart contracts have led to huge financial losses in terms of cryptocurrencies and tokens. In this paper, we present a systematic survey of vulnerability analysis of smart contracts. We begin by providing a brief about the major types of attacks and vulnerabilities that are present in smart contracts. Then we discuss existing frameworks, methods and technologies used for vulnerability detection. We summarise our findings in a table which lists each framework and the attacks it protects against.",Review academic findings for mitigation strategies.,http://arxiv.org/abs/2212.07387v2
50,arXiv Research,Calcium Vulnerability Scanner (CVS): A Deeper Look,"Traditional vulnerability scanning methods are time-consuming and indecisive, and they negatively affect network performance by generating high network traffic. In this paper, we present a novel vulnerability scanner that is time-efficient, simple, accurate, and safe. We call it a Calcium Vulnerability Scanner (CVS). Our contribution to vulnerability scanning are the following: (i) minimize its required time and network traffic: compared to current technologies, we reduced the former by an average of 79% and the latter by 99.9%, (ii) increase its accuracy: compared to current technologies, we improved this by an average of 2600%, and (iii) enable the scanner to learn from previous scans in order to reduce future scanning time and enhance accuracy: compared to current technologies, CVS reduced scanning time by an average of 97%. CVS enables a new frontier in vulnerability scanning and allow for scalable and efficient deployment of such tools in large-scale networks, containers, edge computing, and cloud computing.",Review academic findings for mitigation strategies.,http://arxiv.org/abs/1911.00950v1
51,arXiv Research,Vulnerability Mimicking Mutants,"With the increasing release of powerful language models trained on large code corpus (e.g. CodeBERT was trained on 6.4 million programs), a new family of mutation testing tools has arisen with the promise to generate more ""natural"" mutants in the sense that the mutated code aims at following the implicit rules and coding conventions typically produced by programmers. In this paper, we study to what extent the mutants produced by language models can semantically mimic the observable behavior of security-related vulnerabilities (a.k.a. Vulnerability-mimicking Mutants), so that designing test cases that are failed by these mutants will help in tackling mimicked vulnerabilities. Since analyzing and running mutants is computationally expensive, it is important to prioritize those mutants that are more likely to be vulnerability mimicking prior to any analysis or test execution. Taking this into account, we introduce VMMS, a machine learning based approach that automatically extracts the features from mutants and predicts the ones that mimic vulnerabilities. We conducted our experiments on a dataset of 45 vulnerabilities and found that 16.6% of the mutants fail one or more tests that are failed by 88.9% of the respective vulnerabilities. More precisely, 3.9% of the mutants from the entire mutant set are vulnerability-mimicking mutants that mimic 55.6% of the vulnerabilities. Despite the scarcity, VMMS predicts vulnerability-mimicking mutants with 0.63 MCC, 0.80 Precision, and 0.51 Recall, demonstrating that the features of vulnerability-mimicking mutants can be automatically learned by machine learning models to statically predict these without the need of investing effort in defining such features.",Review academic findings for mitigation strategies.,http://arxiv.org/abs/2303.04247v1
52,arXiv Research,Advancing Vulnerability Classification with BERT: A Multi-Objective Learning Model,"The rapid increase in cybersecurity vulnerabilities necessitates automated tools for analyzing and classifying vulnerability reports. This paper presents a novel Vulnerability Report Classifier that leverages the BERT (Bidirectional Encoder Representations from Transformers) model to perform multi-label classification of Common Vulnerabilities and Exposures (CVE) reports from the National Vulnerability Database (NVD). The classifier predicts both the severity (Low, Medium, High, Critical) and vulnerability types (e.g., Buffer Overflow, XSS) from textual descriptions. We introduce a custom training pipeline using a combined loss function-Cross-Entropy for severity and Binary Cross-Entropy with Logits for types-integrated into a Hugging Face Trainer subclass. Experiments on recent NVD data demonstrate promising results, with decreasing evaluation loss across epochs. The system is deployed via a REST API and a Streamlit UI, enabling real-time vulnerability analysis. This work contributes a scalable, open-source solution for cybersecurity practitioners to automate vulnerability triage.",Review academic findings for mitigation strategies.,http://arxiv.org/abs/2503.20831v1
53,arXiv Research,Vulnerability Assessment Combining CVSS Temporal Metrics and Bayesian Networks,"Vulnerability assessment is a critical challenge in cybersecurity, particularly in industrial environments. This work presents an innovative approach by incorporating the temporal dimension into vulnerability assessment, an aspect neglected in existing literature. Specifically, this paper focuses on refining vulnerability assessment and prioritization by integrating Common Vulnerability Scoring System (CVSS) Temporal Metrics with Bayesian Networks to account for exploit availability, remediation efforts, and confidence in reported vulnerabilities. Through probabilistic modeling, Bayesian networks enable a structured and adaptive evaluation of vulnerabilities, allowing for more accurate prioritization and decision-making. The proposed approach dynamically computes the Temporal Score and updates the CVSS Base Score by processing data on exploits and fixes from vulnerability databases.",Review academic findings for mitigation strategies.,http://arxiv.org/abs/2506.18715v1
54,arXiv Research,Tracking Patches for Open Source Software Vulnerabilities,"Open source software (OSS) vulnerabilities threaten the security of software systems that use OSS. Vulnerability databases provide valuable information (e.g., vulnerable version and patch) to mitigate OSS vulnerabilities. There arises a growing concern about the information quality of vulnerability databases. However, it is unclear what the quality of patches in existing vulnerability databases is; and existing manual or heuristic-based approaches for patch tracking are either too expensive or too specific to apply to all OSS vulnerabilities.",Review academic findings for mitigation strategies.,http://arxiv.org/abs/2112.02240v2
55,arXiv Research,Evaluation of ChatGPT Model for Vulnerability Detection,"In this technical report, we evaluated the performance of the ChatGPT and GPT-3 models for the task of vulnerability detection in code. Our evaluation was conducted on our real-world dataset, using binary and multi-label classification tasks on CWE vulnerabilities. We decided to evaluate the model because it has shown good performance on other code-based tasks, such as solving programming challenges and understanding code at a high level. However, we found that the ChatGPT model performed no better than a dummy classifier for both binary and multi-label classification tasks for code vulnerability detection.",Review academic findings for mitigation strategies.,http://arxiv.org/abs/2304.07232v1
56,arXiv Research,Statement-Level Vulnerability Detection: Learning Vulnerability Patterns Through Information Theory and Contrastive Learning,"Software vulnerabilities are a serious and crucial concern. Typically, in a program or function consisting of hundreds or thousands of source code statements, there are only a few statements causing the corresponding vulnerabilities. Most current approaches to vulnerability labelling are done on a function or program level by experts with the assistance of machine learning tools. Extending this approach to the code statement level is much more costly and time-consuming and remains an open problem. In this paper, we propose a novel end-to-end deep learning-based approach to identify the vulnerability-relevant code statements of a specific function. Inspired by the specific structures observed in real-world vulnerable code, we first leverage mutual information for learning a set of latent variables representing the relevance of the source code statements to the corresponding function's vulnerability. We then propose novel clustered spatial contrastive learning in order to further improve the representation learning and the robust selection process of vulnerability-relevant code statements. Experimental results on real-world datasets of 200k+ C/C++ functions show the superiority of our method over other state-of-the-art baselines. In general, our method obtains a higher performance in VCP, VCA, and Top-10 ACC measures of between 3% to 14% over the baselines when running on real-world datasets in an unsupervised setting. Our released source code samples are publicly available at \href{https://github.com/vannguyennd/livuitcl}{https://github.com/vannguyennd/livuitcl.}",Review academic findings for mitigation strategies.,http://arxiv.org/abs/2209.10414v2
57,arXiv Research,RAVEN: Agentic RAG for Automated Vulnerability Repair,"Automated vulnerability repair has emerged as a promising direction to mitigate the growing number of software vulnerabilities. Recent advances in Large Language Models (LLMs) have further accelerated research in automated repair. However, existing frameworks remain largely restricted to memory-related vulnerabilities and locally repairable vulnerability settings, leaving generalization to unseen vulnerability types underexplored. Their evaluations are often limited to a single programming language, and largely rely on proprietary models. In this paper, we propose RAVEN, a scalable, efficient and autonomous framework that integrates an agentic retrieval-augmented generation (RAG) pipeline with controlled iterative repair in a unified framework. The framework utilizes open-source LLMs in a fully locally deployable setting with limited GPU requirements, while building a multi-faceted retrieval pipeline to retrieve historically relevant vulnerability fixes and guide the patch generation. In addition, RAVEN introduces a dedicated Curator Agent that retrieves cross-file dependencies from the target repository, to fix complex vulnerabilities that cannot be addressed using local vulnerable code alone. We evaluate RAVEN on 160 real-world CVE vulnerabilities across diverse vulnerability types, two programming languages, unseen CWE categories, and out-of-distribution settings. RAVEN achieves an overall repair success rate of 83.13%, outperforming all existing state-of-the-art repair frameworks, while also demonstrating strong generalization capabilities and maintaining the repair cost negligible.",Review academic findings for mitigation strategies.,http://arxiv.org/abs/2606.22647v1
58,arXiv Research,DiverseVul: A New Vulnerable Source Code Dataset for Deep Learning Based Vulnerability Detection,"We propose and release a new vulnerable source code dataset. We curate the dataset by crawling security issue websites, extracting vulnerability-fixing commits and source codes from the corresponding projects. Our new dataset contains 18,945 vulnerable functions spanning 150 CWEs and 330,492 non-vulnerable functions extracted from 7,514 commits. Our dataset covers 295 more projects than all previous datasets combined.   Combining our new dataset with previous datasets, we present an analysis of the challenges and promising research directions of using deep learning for detecting software vulnerabilities. We study 11 model architectures belonging to 4 families. Our results show that deep learning is still not ready for vulnerability detection, due to high false positive rate, low F1 score, and difficulty of detecting hard CWEs. In particular, we demonstrate an important generalization challenge for the deployment of deep learning-based models. We show that increasing the volume of training data may not further improve the performance of deep learning models for vulnerability detection, but might be useful to improve the generalization ability to unseen projects.   We also identify hopeful future research directions. We demonstrate that large language models (LLMs) are a promising research direction for ML-based vulnerability detection, outperforming Graph Neural Networks (GNNs) with code-structure features in our experiments. Moreover, developing source code specific pre-training objectives is a promising research direction to improve the vulnerability detection performance.",Review academic findings for mitigation strategies.,http://arxiv.org/abs/2304.00409v2
59,arXiv Research,Constructing a Knowledge Graph from Textual Descriptions of Software Vulnerabilities in the National Vulnerability Database,"Knowledge graphs have shown promise for several cybersecurity tasks, such as vulnerability assessment and threat analysis. In this work, we present a new method for constructing a vulnerability knowledge graph from information in the National Vulnerability Database (NVD). Our approach combines named entity recognition (NER), relation extraction (RE), and entity prediction using a combination of neural models, heuristic rules, and knowledge graph embeddings. We demonstrate how our method helps to fix missing entities in knowledge graphs used for cybersecurity and evaluate the performance.",Review academic findings for mitigation strategies.,http://arxiv.org/abs/2305.00382v2
60,arXiv Research,Data Quality Issues in Vulnerability Detection Datasets,"Vulnerability detection is a crucial yet challenging task to identify potential weaknesses in software for cyber security. Recently, deep learning (DL) has made great progress in automating the detection process. Due to the complex multi-layer structure and a large number of parameters, a DL model requires massive labeled (vulnerable or secure) source code to gain knowledge to effectively distinguish between vulnerable and secure code. In the literature, many datasets have been created to train DL models for this purpose. However, these datasets suffer from several issues that will lead to low detection accuracy of DL models. In this paper, we define three critical issues (i.e., data imbalance, low vulnerability coverage, biased vulnerability distribution) that can significantly affect the model performance and three secondary issues (i.e., errors in source code, mislabeling, noisy historical data) that also affect the performance but can be addressed through a dedicated pre-processing procedure. In addition, we conduct a study of 14 papers along with 54 datasets for vulnerability detection to confirm these defined issues. Furthermore, we discuss good practices to use existing datasets and to create new ones.",Review academic findings for mitigation strategies.,http://arxiv.org/abs/2410.06030v1
61,arXiv Research,Adversarial Neural Pruning with Latent Vulnerability Suppression,"Despite the remarkable performance of deep neural networks on various computer vision tasks, they are known to be susceptible to adversarial perturbations, which makes it challenging to deploy them in real-world safety-critical applications. In this paper, we conjecture that the leading cause of adversarial vulnerability is the distortion in the latent feature space, and provide methods to suppress them effectively. Explicitly, we define \emph{vulnerability} for each latent feature and then propose a new loss for adversarial learning, \emph{Vulnerability Suppression (VS)} loss, that aims to minimize the feature-level vulnerability during training. We further propose a Bayesian framework to prune features with high vulnerability to reduce both vulnerability and loss on adversarial samples. We validate our \emph{Adversarial Neural Pruning with Vulnerability Suppression (ANP-VS)} method on multiple benchmark datasets, on which it not only obtains state-of-the-art adversarial robustness but also improves the performance on clean examples, using only a fraction of the parameters used by the full network. Further qualitative analysis suggests that the improvements come from the suppression of feature-level vulnerability.",Review academic findings for mitigation strategies.,http://arxiv.org/abs/1908.04355v4
62,arXiv Research,LLM Agents for Automated Web Vulnerability Reproduction: Are We There Yet?,"Large language model (LLM) agents have demonstrated remarkable capabilities in software engineering and cybersecurity tasks, including code generation, vulnerability discovery, and automated testing. One critical but underexplored application is automated web vulnerability reproduction, which transforms vulnerability reports into working exploits. Although recent advances suggest promising potential, challenges remain in applying LLM agents to real-world web vulnerability reproduction scenarios. In this paper, we present the first comprehensive evaluation of state-of-the-art LLM agents for automated web vulnerability reproduction. We systematically assess 20 agents from software engineering, cybersecurity, and general domains across 16 dimensions, including technical capabilities, environment adaptability, and user experience factors, on 3 representative web vulnerabilities. Based on the results, we select three top-performing agents (OpenHands, SWE-agent, and CAI) for in-depth evaluation on our benchmark dataset of 80 real-world CVEs spanning 7 vulnerability types and 6 web technologies. Our results reveal that while LLM agents achieve reasonable success on simple library-based vulnerabilities, they consistently fail on complex service-based vulnerabilities requiring multi-component environments. Complex environment configurations and authentication barriers create a gap where agents can execute exploit code but fail to trigger actual vulnerabilities. We observe high sensitivity to input guidance, with performance degrading by over 33% under incomplete authentication information. Our findings highlight the significant gap between current LLM agent capabilities and the demands of reliable automated vulnerability reproduction, emphasizing the need for advances in environmental adaptation and autonomous problem-solving capabilities.",Review academic findings for mitigation strategies.,http://arxiv.org/abs/2510.14700v1
63,arXiv Research,An Independent Validation of Vulnerability Discovery Models,"Having a precise vulnerability discovery model (VDM) would provide a useful quantitative insight to assess software security. Thus far, several models have been proposed with some evidence supporting their goodness-of-fit.   In this work we describe an independent validation of the applicability of six existing VDMs in seventeen releases of the three popular browsers Firefox, Google Chrome and Internet Explorer. We have collected five different kinds of data sets based on different definitions of a vulnerability. We introduce two quantitative metrics, goodness-of-fit entropy and goodness-of-fit quality, to analyze the impact of vulnerability data sets to the stability as well as quality of VDMs in the software life cycles.   The experiment result shows that the ""confirmed-by-vendors' advisories"" data sets apparently yields more stable and better results for VDMs. And the performance of the s-shape logistic model (AML) seems to be superior performance in overall. Meanwhile, Anderson thermodynamic model (AT) is indeed not suitable for modeling the vulnerability discovery process. This means that the discovery process of vulnerabilities and normal bugs are different because the interests of people in finding security vulnerabilities are more than finding normal programming bugs.",Review academic findings for mitigation strategies.,http://arxiv.org/abs/1203.5830v1
64,arXiv Research,OpenSCV: An Open Hierarchical Taxonomy for Smart Contract Vulnerabilities,"Smart contracts are nowadays at the core of most blockchain systems, as they specify and allow an agreement between entities that wish to perform a transaction. As any computer program, smart contracts are subject to the presence of residual faults, including severe security vulnerabilities, which require that the vulnerable contract is terminated in the blockchain. In this context, research began to be developed to prevent the deployment of smart contract holding vulnerabilities, mostly in the form of vulnerability detection tools. Along with these efforts, several and heterogeneous vulnerability classification schemes arised (e.g., most notably DASP and SWC). At the time of writing, these are mostly outdated initiatives, despite the fact that smart contract vulnerabilities are continuously being discovered and the associated rich information being mostly disregarded. In this paper, we propose OpenSCV, a new and Open hierarchical taxonomy for Smart Contract Vulnerabilities, which is open to community contributions and matches the current state of the practice, while being prepared to handle future modifications and evolution. The taxonomy was built based on the analysis of research on vulnerability classification, community-maintained classification schemes, and research on smart contract vulnerability detection. We show how OpenSCV covers the announced detection ability of current vulnerability detection tools, and highlight its usefulness as a resource in smart contract vulnerability research.",Review academic findings for mitigation strategies.,http://arxiv.org/abs/2303.14523v2
65,arXiv Research,CVEfixes: Automated Collection of Vulnerabilities and Their Fixes from Open-Source Software,"Data-driven research on the automated discovery and repair of security vulnerabilities in source code requires comprehensive datasets of real-life vulnerable code and their fixes. To assist in such research, we propose a method to automatically collect and curate a comprehensive vulnerability dataset from Common Vulnerabilities and Exposures (CVE) records in the public National Vulnerability Database (NVD). We implement our approach in a fully automated dataset collection tool and share an initial release of the resulting vulnerability dataset named CVEfixes.   The CVEfixes collection tool automatically fetches all available CVE records from the NVD, gathers the vulnerable code and corresponding fixes from associated open-source repositories, and organizes the collected information in a relational database. Moreover, the dataset is enriched with meta-data such as programming language, and detailed code and security metrics at five levels of abstraction. The collection can easily be repeated to keep up-to-date with newly discovered or patched vulnerabilities. The initial release of CVEfixes spans all published CVEs up to 9 June 2021, covering 5365 CVE records for 1754 open-source projects that were addressed in a total of 5495 vulnerability fixing commits.   CVEfixes supports various types of data-driven software security research, such as vulnerability prediction, vulnerability classification, vulnerability severity prediction, analysis of vulnerability-related code changes, and automated vulnerability repair.",Review academic findings for mitigation strategies.,http://arxiv.org/abs/2107.08760v1
66,arXiv Research,Deep Learning Aided Software Vulnerability Detection: A Survey,"The pervasive nature of software vulnerabilities has emerged as a primary factor for the surge in cyberattacks. Traditional vulnerability detection methods, including rule-based, signature-based, manual review, static, and dynamic analysis, often exhibit limitations when encountering increasingly complex systems and a fast-evolving attack landscape. Deep learning (DL) methods excel at automatically learning and identifying complex patterns in code, enabling more effective detection of emerging vulnerabilities. This survey analyzes 34 relevant studies from high-impact journals and conferences between 2017 and 2024. This survey introduces the conceptual framework Vulnerability Detection Lifecycle for the first time to systematically analyze and compare various DL-based vulnerability detection methods and unify them into the same analysis perspective. The framework includes six phases: (1) Dataset Construction, (2) Vulnerability Granularity Definition, (3) Code Representation, (4) Model Design, (5) Model Performance Evaluation, and (6) Real-world Project Implementation. For each phase of the framework, we identify and explore key issues through in-depth analysis of existing research while also highlighting challenges that remain inadequately addressed. This survey provides guidelines for future software vulnerability detection, facilitating further implementation of deep learning techniques applications in this field.",Review academic findings for mitigation strategies.,http://arxiv.org/abs/2503.04002v1
67,arXiv Research,"Towards an open standard for assessing the severity of robot security vulnerabilities, the Robot Vulnerability Scoring System (RVSS)","Robots are typically not created with security as a main concern. Contrasting to typical IT systems, cyberphysical systems rely on security to handle safety aspects. In light of the former, classic scoring methods such as the Common Vulnerability Scoring System (CVSS) are not able to accurately capture the severity of robot vulnerabilities. The present research work focuses upon creating an open and free to access Robot Vulnerability Scoring System (RVSS) that considers major relevant issues in robotics including a) robot safety aspects, b) assessment of downstream implications of a given vulnerability, c) library and third-party scoring assessments and d) environmental variables, such as time since vulnerability disclosure or exposure on the web. Finally, an experimental evaluation of RVSS with contrast to CVSS is provided and discussed with focus on the robotics security landscape.",Review academic findings for mitigation strategies.,http://arxiv.org/abs/1807.10357v4
68,arXiv Research,RealVul: Can We Detect Vulnerabilities in Web Applications with LLM?,"The latest advancements in large language models (LLMs) have sparked interest in their potential for software vulnerability detection. However, there is currently a lack of research specifically focused on vulnerabilities in the PHP language, and challenges in extracting samples and processing persist, hindering the model's ability to effectively capture the characteristics of specific vulnerabilities. In this paper, we present RealVul, the first LLM-based framework designed for PHP vulnerability detection, addressing these issues. By vulnerability candidate detection methods and employing techniques such as normalization, we can isolate potential vulnerability triggers while streamlining the code and eliminating unnecessary semantic information, enabling the model to better understand and learn from the generated vulnerability samples. We also address the issue of insufficient PHP vulnerability samples by improving data synthesis methods. To evaluate RealVul's performance, we conduct an extensive analysis using five distinct code LLMs on vulnerability data from 180 PHP projects. The results demonstrate a significant improvement in both effectiveness and generalization compared to existing methods, effectively boosting the vulnerability detection capabilities of these models.",Review academic findings for mitigation strategies.,http://arxiv.org/abs/2410.07573v1
69,arXiv Research,Vulnerability Analysis of Digital Banks' Mobile Applications,"There is a rapid increase in the number of mobile banking applications' users due to an increase in smart mobile devices. Mobile banking is a financial transaction and service offered through mobile devices. Almost all financial institutions now provide mobile banking services to their customers. However, the security of mobile banking applications is of huge concern because of the amount of personal data and information they collect. If an attacker gets hold of personal information, they can access bank payment or card accounts. This research aims to analyze the vulnerability of the UK digital banks' applications to identify vulnerabilities in the apps and proffer countermeasures that can help improve the security of the bank applications. Androbugs, a vulnerability scanner, was used to analyze the vulnerability of six digital banks' android applications. Starling, Monese, Atom bank, Transferwise, Monzo, and Revolut were scanned. All the scanned digital banks' applications have vulnerabilities; however, some have more vulnerabilities than others. For example, Revolut's mobile application has the highest number of identified vulnerabilities. Therefore, there is need for more security in the digital banks' applications as well as other mobile banking applications.",Review academic findings for mitigation strategies.,http://arxiv.org/abs/2302.07586v1
70,arXiv Research,"AIBugHunter: A Practical Tool for Predicting, Classifying and Repairing Software Vulnerabilities","Many ML-based approaches have been proposed to automatically detect, localize, and repair software vulnerabilities. While ML-based methods are more effective than program analysis-based vulnerability analysis tools, few have been integrated into modern IDEs, hindering practical adoption. To bridge this critical gap, we propose AIBugHunter, a novel ML-based software vulnerability analysis tool for C/C++ languages that is integrated into Visual Studio Code. AIBugHunter helps software developers to achieve real-time vulnerability detection, explanation, and repairs during programming. In particular, AIBugHunter scans through developers' source code to (1) locate vulnerabilities, (2) identify vulnerability types, (3) estimate vulnerability severity, and (4) suggest vulnerability repairs. In this article, we propose a novel multi-objective optimization (MOO)-based vulnerability classification approach and a transformer-based estimation approach to help AIBugHunter accurately identify vulnerability types and estimate severity. Our empirical experiments on a large dataset consisting of 188K+ C/C++ functions confirm that our proposed approaches are more accurate than other state-of-the-art baseline methods for vulnerability classification and estimation. Furthermore, we conduct qualitative evaluations including a survey study and a user study to obtain software practitioners' perceptions of our AIBugHunter tool and assess the impact that AIBugHunter may have on developers' productivity in security aspects. Our survey study shows that our AIBugHunter is perceived as useful where 90% of the participants consider adopting our AIBugHunter. Last but not least, our user study shows that our AIBugHunter could possibly enhance developers' productivity in combating cybersecurity issues during software development.",Review academic findings for mitigation strategies.,http://arxiv.org/abs/2305.16615v1
71,arXiv Research,V-Fuzz: Vulnerability-Oriented Evolutionary Fuzzing,"Fuzzing is a technique of finding bugs by executing a software recurrently with a large number of abnormal inputs. Most of the existing fuzzers consider all parts of a software equally, and pay too much attention on how to improve the code coverage. It is inefficient as the vulnerable code only takes a tiny fraction of the entire code. In this paper, we design and implement a vulnerability-oriented evolutionary fuzzing prototype named V-Fuzz, which aims to find bugs efficiently and quickly in a limited time. V-Fuzz consists of two main components: a neural network-based vulnerability prediction model and a vulnerability-oriented evolutionary fuzzer. Given a binary program to V-Fuzz, the vulnerability prediction model will give a prior estimation on which parts of the software are more likely to be vulnerable. Then, the fuzzer leverages an evolutionary algorithm to generate inputs which tend to arrive at the vulnerable locations, guided by the vulnerability prediction result. Experimental results demonstrate that V-Fuzz can find bugs more efficiently than state-of-the-art fuzzers. Moreover, V-Fuzz has discovered 10 CVEs, and 3 of them are newly discovered. We reported the new CVEs, and they have been confirmed and fixed.",Review academic findings for mitigation strategies.,http://arxiv.org/abs/1901.01142v1
72,arXiv Research,On the Impact of Perceived Vulnerability in the Adoption of Information Systems Security Innovations,"A number of determinants predict the adoption of Information Systems (IS) security innovations. Amongst, perceived vulnerability of IS security threats has been examined in a number of past explorations. In this research, we examined the processes pursued in analysing the relationship between perceived vulnerability of IS security threats and the adoption of IS security innovations. The study uses Systematic Literature Review (SLR) method to evaluate the practice involved in examining perceived vulnerability on IS security innovation adoption. The SLR findings revealed the appropriateness of the existing empirical investigations of the relationship between perceived vulnerability of IS security threats on IS security innovation adoption. Furthermore, the SLR results confirmed that individuals who perceives vulnerable to an IS security threat are more likely to engage in the adoption an IS security innovation. In addition, the study validates the past studies on the relationship between perceived vulnerability and IS security innovation adoption.",Review academic findings for mitigation strategies.,http://arxiv.org/abs/1904.08229v1
73,arXiv Research,A Benchmark Suite for Evaluating Caches' Vulnerability to Timing Attacks,"Timing-based side or covert channels in processor caches continue to present a threat to computer systems, and they are the key to many of the recent Spectre and Meltdown attacks. Based on improvements to an existing three-step model for cache timing-based attacks, this work presents 88 Strong types of theoretical timing-based vulnerabilities in processor caches. To understand and evaluate all possible types of vulnerabilities in processor caches, this work further presents and implements a new benchmark suite which can be used to test to which types of cache timing-based attacks a given processor or cache design is vulnerable. In total, there are 1094 automatically-generated test programs which cover the 88 theoretical vulnerabilities. The benchmark suite generates the Cache Timing Vulnerability Score which can be used to evaluate how vulnerable a specific cache implementation is to different attacks. A smaller Cache Timing Vulnerability Score means the design is more secure, and the scores among different machines can be easily compared. Evaluation is conducted on commodity Intel and AMD processors and shows the differences in processor implementations can result in different types of attacks that they are vulnerable to. Beyond testing commodity processors, the benchmarks and the Cache Timing Vulnerability Score can be used to help designers of new secure processor caches evaluate their design's susceptibility to cache timing-based attacks.",Review academic findings for mitigation strategies.,http://arxiv.org/abs/1911.08619v1
74,arXiv Research,A Look at the Time Delays in CVSS Vulnerability Scoring,"This empirical paper examines the time delays that occur between the publication of Common Vulnerabilities and Exposures (CVEs) in the National Vulnerability Database (NVD) and the Common Vulnerability Scoring System (CVSS) information attached to published CVEs. According to the empirical results based on regularized regression analysis of over eighty thousand archived vulnerabilities, (i) the CVSS content does not statistically influence the time delays, which, however, (ii) are strongly affected by a decreasing annual trend. In addition to these results, the paper contributes to the empirical research tradition of software vulnerabilities by a couple of insights on misuses of statistical methodology.",Review academic findings for mitigation strategies.,http://arxiv.org/abs/1801.00938v1
75,arXiv Research,Deep-Learning-based Vulnerability Detection in Binary Executables,"The identification of vulnerabilities is an important element in the software development life cycle to ensure the security of software. While vulnerability identification based on the source code is a well studied field, the identification of vulnerabilities on basis of a binary executable without the corresponding source code is more challenging. Recent research [1] has shown, how such detection can be achieved by deep learning methods. However, that particular approach is limited to the identification of only 4 types of vulnerabilities. Subsequently, we analyze to what extent we could cover the identification of a larger variety of vulnerabilities. Therefore, a supervised deep learning approach using recurrent neural networks for the application of vulnerability detection based on binary executables is used. The underlying basis is a dataset with 50,651 samples of vulnerable code in the form of a standardized LLVM Intermediate Representation. The vectorised features of a Word2Vec model are used to train different variations of three basic architectures of recurrent neural networks (GRU, LSTM, SRNN). A binary classification was established for detecting the presence of an arbitrary vulnerability, and a multi-class model was trained for the identification of the exact vulnerability, which achieved an out-of-sample accuracy of 88% and 77%, respectively. Differences in the detection of different vulnerabilities were also observed, with non-vulnerable samples being detected with a particularly high precision of over 98%. Thus, the methodology presented allows an accurate detection of 23 (compared to 4 [1]) vulnerabilities.",Review academic findings for mitigation strategies.,http://arxiv.org/abs/2212.01254v1
76,arXiv Research,MVD: A Multi-Lingual Software Vulnerability Detection Framework,"Software vulnerabilities can result in catastrophic cyberattacks that increasingly threaten business operations. Consequently, ensuring the safety of software systems has become a paramount concern for both private and public sectors. Recent literature has witnessed increasing exploration of learning-based approaches for software vulnerability detection. However, a key limitation of these techniques is their primary focus on a single programming language, such as C/C++, which poses constraints considering the polyglot nature of modern software projects. Further, there appears to be an oversight in harnessing the synergies of vulnerability knowledge across varied languages, potentially underutilizing the full capabilities of these methods. To address the aforementioned issues, we introduce MVD - an innovative multi-lingual vulnerability detection framework. This framework acquires the ability to detect vulnerabilities across multiple languages by concurrently learning from vulnerability data of various languages, which are curated by our specialized pipeline. We also incorporate incremental learning to enable the detection capability of MVD to be extended to new languages, thus augmenting its practical utility. Extensive experiments on our curated dataset of more than 11K real-world multi-lingual vulnerabilities substantiate that our framework significantly surpasses state-of-the-art methods in multi-lingual vulnerability detection by 83.7% to 193.6% in PR-AUC. The results also demonstrate that MVD detects vulnerabilities well for new languages without compromising the detection performance of previously trained languages, even when training data for the older languages is unavailable. Overall, our findings motivate and pave the way for the prediction of multi-lingual vulnerabilities in modern software systems.",Review academic findings for mitigation strategies.,http://arxiv.org/abs/2412.06166v1
77,arXiv Research,An Empirical Study on Android-related Vulnerabilities,"Mobile devices are used more and more in everyday life. They are our cameras, wallets, and keys. Basically, they embed most of our private information in our pocket. For this and other reasons, mobile devices, and in particular the software that runs on them, are considered first-class citizens in the software-vulnerabilities landscape. Several studies investigated the software-vulnerabilities phenomenon in the context of mobile apps and, more in general, mobile devices. Most of these studies focused on vulnerabilities that could affect mobile apps, while just few investigated vulnerabilities affecting the underlying platform on which mobile apps run: the Operating System (OS). Also, these studies have been run on a very limited set of vulnerabilities.   In this paper we present the largest study at date investigating Android-related vulnerabilities, with a specific focus on the ones affecting the Android OS. In particular, we (i) define a detailed taxonomy of the types of Android-related vulnerability; (ii) investigate the layers and subsystems from the Android OS affected by vulnerabilities; and (iii) study the survivability of vulnerabilities (i.e., the number of days between the vulnerability introduction and its fixing). Our findings could help OS and apps developers in focusing their verification & validation activities, and researchers in building vulnerability detection tools tailored for the mobile world.",Review academic findings for mitigation strategies.,http://arxiv.org/abs/1704.03356v1
78,arXiv Research,Evaluating LLMs for Real-World Web Vulnerability Detection,"Large Language Models (LLMs) have emerged as a promising tool for automated vulnerability detection, yet their effectiveness on web-specific vulnerabilities remains to be explored.   This work benchmarks six frontier (Claude Opus 4.6, Codex GPT-5.4, Gemini 3.1-pro-preview) and open-weight models (Qwen 3.5, Qwen 3 Coder Next, MiniMax M2.5) on their ability to detect real-world web vulnerabilities using static analysis in WordPress plugins, including SQL injection, stored cross-site scripting, path traversal, and remote code execution. Using five prompt designs of varying structure, scope, and complexity across three experiment iterations, we aim to answer how model and prompt choice affects vulnerability detection.   Our results show that all models are capable of detecting valid security issues, but the detection rate varies depending on the model and prompt. For example, Claude Opus 4.6 achieved the highest web vulnerability detection rate (63%), while open-weight MiniMax M2.5 performs on par with other frontier models (48%), and self-hosted Qwen 3.5 only achieved 35%. We show that scoped prompts that narrow the vulnerability scope outperform open-ended ones, whereas the prompt complexity has little impact. Surprisingly, no model achieved full reporting consistency across three experiment iterations, with some as low as 50%. Our experiments demonstrate the opportunities and limits of LLM-based vulnerability detection, as no model correctly identified one baseline vulnerability in one of the plugins.   Additionally, we derive practical lessons learned for security practitioners and publish all code and data to support future research.",Review academic findings for mitigation strategies.,http://arxiv.org/abs/2606.21397v1
79,arXiv Research,SETC: A Vulnerability Telemetry Collection Framework,"As emerging software vulnerabilities continuously threaten enterprises and Internet services, there is a critical need for improved security research capabilities. This paper introduces the Security Exploit Telemetry Collection (SETC) framework - an automated framework to generate reproducible vulnerability exploit data at scale for robust defensive security research. SETC deploys configurable environments to execute and record rich telemetry of vulnerability exploits within isolated containers. Exploits, vulnerable services, monitoring tools, and logging pipelines are defined via modular JSON configurations and deployed on demand. Compared to current manual processes, SETC enables automated, customizable, and repeatable vulnerability testing to produce diverse security telemetry. This research enables scalable exploit data generation to drive innovations in threat modeling, detection methods, analysis techniques, and remediation strategies. The capabilities of the framework are demonstrated through an example scenario. By addressing key barriers in security data generation, SETC represents a valuable platform to support impactful vulnerability and defensive security research.",Review academic findings for mitigation strategies.,http://arxiv.org/abs/2406.05942v1
80,arXiv Research,A Ground-Truth-Based Evaluation of Vulnerability Detection Across Multiple Ecosystems,"Automated vulnerability detection tools are widely used to identify security vulnerabilities in software dependencies. However, the evaluation of such tools remains challenging due to the heterogeneous structure of vulnerability data sources, inconsistent identifier schemes, and ambiguities in version range specifications. In this paper, we present an empirical evaluation of vulnerability detection across multiple software ecosystems using a curated ground-truth dataset derived from the Open Source Vulnerabilities (OSV) database. The dataset explicitly maps vulnerabilities to concrete package versions and enables a systematic comparison of detection results across different tools and services. Since vulnerability databases such as OSV are continuously updated, the dataset used in this study represents a snapshot of the vulnerability landscape at the time of the evaluation. To support reproducibility and future studies, we provide an open-source tool that automatically reconstructs the dataset from the current OSV database using the methodology described in this paper. Our evaluation highlights systematic differences between vulnerability detection systems and demonstrates the importance of transparent dataset construction for reproducible empirical security research.",Review academic findings for mitigation strategies.,http://arxiv.org/abs/2604.21111v1
81,arXiv Research,Economic Factors of Vulnerability Trade and Exploitation,"Cybercrime markets support the development and diffusion of new attack technologies, vulnerability exploits, and malware. Whereas the revenue streams of cyber attackers have been studied multiple times in the literature, no quantitative account currently exists on the economics of attack acquisition and deployment. Yet, this understanding is critical to characterize the production of (traded) exploits, the economy that drives it, and its effects on the overall attack scenario. In this paper we provide an empirical investigation of the economics of vulnerability exploitation, and the effects of market factors on likelihood of exploit. Our data is collected first-handedly from a prominent Russian cybercrime market where the trading of the most active attack tools reported by the security industry happens. Our findings reveal that exploits in the underground are priced similarly or above vulnerabilities in legitimate bug-hunting programs, and that the refresh cycle of exploits is slower than currently often assumed. On the other hand, cybercriminals are becoming faster at introducing selected vulnerabilities, and the market is in clear expansion both in terms of players, traded exploits, and exploit pricing. We then evaluate the effects of these market variables on likelihood of attack realization, and find strong evidence of the correlation between market activity and exploit deployment. We discuss implications on vulnerability metrics, economics, and exploit measurement.",Review academic findings for mitigation strategies.,http://arxiv.org/abs/1708.04866v5
82,arXiv Research,Enriching Vulnerability Reports Through Automated and Augmented Description Summarization,"Security incidents and data breaches are increasing rapidly, and only a fraction of them is being reported. Public vulnerability databases, e.g., national vulnerability database (NVD) and common vulnerability and exposure (CVE), have been leading the effort in documenting vulnerabilities and sharing them to aid defenses. Both are known for many issues, including brief vulnerability descriptions. Those descriptions play an important role in communicating the vulnerability information to security analysts in order to develop the appropriate countermeasure. Many resources provide additional information about vulnerabilities, however, they are not utilized to boost public repositories. In this paper, we devise a pipeline to augment vulnerability description through third party reference (hyperlink) scrapping. To normalize the description, we build a natural language summarization pipeline utilizing a pretrained language model that is fine-tuned using labeled instances and evaluate its performance against both human evaluation (golden standard) and computational metrics, showing initial promising results in terms of summary fluency, completeness, correctness, and understanding.",Review academic findings for mitigation strategies.,http://arxiv.org/abs/2210.01260v1
83,arXiv Research,Agentic Discovery and Validation of Android App Vulnerabilities,"Existing Android vulnerability detection tools overwhelm teams with thousands of low-signal warnings yet uncover few true positives. Analysts spend days triaging these results, creating a bottleneck in the security pipeline. Meanwhile, genuinely exploitable vulnerabilities often slip through, leaving opportunities open to malicious counterparts.   We introduce A2, a system that mirrors how security experts analyze and validate Android vulnerabilities through two complementary phases: (i) Agentic Vulnerability Discovery, which reasons about application security by combining semantic understanding with traditional security tools; and (ii) Agentic Vulnerability Validation, which systematically validates vulnerabilities across Android's multi-modal attack surface-UI interactions, inter-component communication, file system operations, and cryptographic computations.   On the Ghera benchmark (n=60), A2 achieves 78.3% coverage, surpassing state-of-the-art analyzers (e.g., APKHunt 30.0%). Rather than overwhelming analysts with thousands of warnings, A2 distills results into 82 speculative vulnerability findings, including 47 Ghera cases and 28 additional true positives. Crucially, A2 then generates working Proof-of-Concepts (PoCs) for 51 of these speculative findings, transforming them into validated vulnerability findings that provide direct, self-confirming evidence of exploitability.   In real-world evaluation on 169 production APKs, A2 uncovers 104 true-positive zero-day vulnerabilities. Among these, 57 (54.8%) are self-validated with automatically generated PoCs, including a medium-severity vulnerability in a widely used application with over 10 million installs.",Review academic findings for mitigation strategies.,http://arxiv.org/abs/2508.21579v1
84,arXiv Research,VulDeePecker: A Deep Learning-Based System for Vulnerability Detection,"The automatic detection of software vulnerabilities is an important research problem. However, existing solutions to this problem rely on human experts to define features and often miss many vulnerabilities (i.e., incurring high false negative rate). In this paper, we initiate the study of using deep learning-based vulnerability detection to relieve human experts from the tedious and subjective task of manually defining features. Since deep learning is motivated to deal with problems that are very different from the problem of vulnerability detection, we need some guiding principles for applying deep learning to vulnerability detection. In particular, we need to find representations of software programs that are suitable for deep learning. For this purpose, we propose using code gadgets to represent programs and then transform them into vectors, where a code gadget is a number of (not necessarily consecutive) lines of code that are semantically related to each other. This leads to the design and implementation of a deep learning-based vulnerability detection system, called Vulnerability Deep Pecker (VulDeePecker). In order to evaluate VulDeePecker, we present the first vulnerability dataset for deep learning approaches. Experimental results show that VulDeePecker can achieve much fewer false negatives (with reasonable false positives) than other approaches. We further apply VulDeePecker to 3 software products (namely Xen, Seamonkey, and Libav) and detect 4 vulnerabilities, which are not reported in the National Vulnerability Database but were ""silently"" patched by the vendors when releasing later versions of these products; in contrast, these vulnerabilities are almost entirely missed by the other vulnerability detection systems we experimented with.",Review academic findings for mitigation strategies.,http://arxiv.org/abs/1801.01681v1
85,arXiv Research,VulEval: Towards Repository-Level Evaluation of Software Vulnerability Detection,"Deep Learning (DL)-based methods have proven to be effective for software vulnerability detection, with a potential for substantial productivity enhancements for detecting vulnerabilities. Current methods mainly focus on detecting single functions (i.e., intra-procedural vulnerabilities), ignoring the more complex inter-procedural vulnerability detection scenarios in practice. For example, developers routinely engage with program analysis to detect vulnerabilities that span multiple functions within repositories. In addition, the widely-used benchmark datasets generally contain only intra-procedural vulnerabilities, leaving the assessment of inter-procedural vulnerability detection capabilities unexplored.   To mitigate the issues, we propose a repository-level evaluation system, named \textbf{VulEval}, aiming at evaluating the detection performance of inter- and intra-procedural vulnerabilities simultaneously. Specifically, VulEval consists of three interconnected evaluation tasks: \textbf{(1) Function-Level Vulnerability Detection}, aiming at detecting intra-procedural vulnerability given a code snippet; \textbf{(2) Vulnerability-Related Dependency Prediction}, aiming at retrieving the most relevant dependencies from call graphs for providing developers with explanations about the vulnerabilities; and \textbf{(3) Repository-Level Vulnerability Detection}, aiming at detecting inter-procedural vulnerabilities by combining with the dependencies identified in the second task. VulEval also consists of a large-scale dataset, with a total of 4,196 CVE entries, 232,239 functions, and corresponding 4,699 repository-level source code in C/C++ programming languages. Our analysis highlights the current progress and future directions for software vulnerability detection.",Review academic findings for mitigation strategies.,http://arxiv.org/abs/2404.15596v1
86,arXiv Research,Vulnerability Disclosure or Notification? Best Practices for Reaching Stakeholders at Scale,"Security researchers are interested in security vulnerabilities, but these security vulnerabilities create risks for stakeholders. Coordinated Vulnerability Disclosure has been an accepted best practice for many years in disclosing newly discovered vulnerabilities. This practice has mostly worked, but it can become challenging when there are many different parties involved.   There has also been research into known vulnerabilities, using datasets or active scans to discover how many machines are still vulnerable. The ethical guidelines suggest that researchers also make an effort to notify the owners of these machines. We identify that this differs from vulnerability disclosure, but rather the practice of vulnerability notification. This practice has some similarities with vulnerability disclosure but should be distinguished from it, providing other challenges and requiring a different approach.   Based on our earlier disclosure experience and on prior work documenting their disclosure and notification operations, we provide a meta-review on vulnerability disclosure and notification to observe the shifts in strategies in recent years. We assess how researchers initiated their messaging and examine the outcomes. We then compile the best practices for the existing disclosure guidelines and for notification operations.",Review academic findings for mitigation strategies.,http://arxiv.org/abs/2506.14323v2
87,arXiv Research,Vulnerability Coordination Under the Cyber Resilience Act,"The Cyber Resilience Act (CRA) of the European Union (EU) imposes many new cyber security requirements practically to all network-enabled information technology products, whether hardware or software. The paper examines and elaborates the CRA's new requirements for vulnerability coordination, including vulnerability disclosure. Although these requirements are only a part of the CRA's obligations for vendors, also some new vulnerability coordination mandates are present. In particular, so-called actively exploited vulnerabilities require mandatory reporting. In addition to elaborating the reporting logic, the paper discusses the notion of actively exploited vulnerabilities in relation to the notion of known exploited vulnerabilities used in the United States. The CRA further alters the coordination practices on the side of public administrations. The paper addresses also these new practices. With the examination elaboration, and associated discussion based on conceptual analysis, the paper contributes to the study of cyber security regulations, providing also a few takeaways for further research.",Review academic findings for mitigation strategies.,http://arxiv.org/abs/2412.06261v3
88,arXiv Research,Real-World Usability of Vulnerability Proof-of-Concepts: A Comprehensive Study,"The Proof-of-Concept (PoC) for a vulnerability is crucial in validating its existence, mitigating false positives, and illustrating the severity of the security threat it poses. However, research on PoCs significantly lags behind studies focusing on vulnerability data. This discrepancy can be directly attributed to several challenges, including the dispersion of real-world PoCs across multiple platforms, the diversity in writing styles, and the difficulty associated with PoC reproduction. To fill this gap, we conduct the first large-scale study on PoCs in the wild, assessing their report availability, completeness, reproducibility. Specifically, 1) to investigate PoC reports availability for CVE vulnerability, we collected an extensive dataset of 470,921 PoCs and their reports from 13 platforms, representing the broadest collection of publicly available PoCs to date. 2) To assess the completeness of PoC report at a fine-grained level, we proposed a component extraction method, which combines pattern-matching techniques with a fine-tuned BERT-NER model to extract 9 key components from PoC reports. 3) To evaluate the effectiveness of PoCs, we recruited 8 participants to manually reproduce 150 sampled vulnerabilities with 32 vulnerability types based on PoC reports, enabling an in-depth analysis of PoC reproducibility and the factors influencing it. Our findings reveal that 78.9% of CVE vulnerabilities lack available PoCs, and existing PoC reports typically miss about 30% of the essential components required for effective vulnerability understanding and reproduction, with various reasons identified for the failure to reproduce vulnerabilities using available PoC reports. Finally, we proposed actionable strategies for stakeholders to enhance the overall usability of vulnerability PoCs in strengthening software security.",Review academic findings for mitigation strategies.,http://arxiv.org/abs/2510.18448v1
89,arXiv Research,Neural Transfer Learning for Repairing Security Vulnerabilities in C Code,"In this paper, we address the problem of automatic repair of software vulnerabilities with deep learning. The major problem with data-driven vulnerability repair is that the few existing datasets of known confirmed vulnerabilities consist of only a few thousand examples. However, training a deep learning model often requires hundreds of thousands of examples. In this work, we leverage the intuition that the bug fixing task and the vulnerability fixing task are related and that the knowledge learned from bug fixes can be transferred to fixing vulnerabilities. In the machine learning community, this technique is called transfer learning. In this paper, we propose an approach for repairing security vulnerabilities named VRepair which is based on transfer learning. VRepair is first trained on a large bug fix corpus and is then tuned on a vulnerability fix dataset, which is an order of magnitude smaller. In our experiments, we show that a model trained only on a bug fix corpus can already fix some vulnerabilities. Then, we demonstrate that transfer learning improves the ability to repair vulnerable C functions. We also show that the transfer learning model performs better than a model trained with a denoising task and fine-tuned on the vulnerability fixing task. To sum up, this paper shows that transfer learning works well for repairing security vulnerabilities in C compared to learning on a small dataset.",Review academic findings for mitigation strategies.,http://arxiv.org/abs/2104.08308v3
90,arXiv Research,Identifying Relevant Information Cues for Vulnerability Assessment Using CVSS,"The assessment of new vulnerabilities is an activity that accounts for information from several data sources and produces a `severity' score for the vulnerability. The Common Vulnerability Scoring System (\CVSS) is the reference standard for this assessment. Yet, no guidance currently exists on \emph{which information} aids a correct assessment and should therefore be considered.   In this paper we address this problem by evaluating which information cues increase (or decrease) assessment accuracy.   We devise a block design experiment with 67 software engineering students with varying vulnerability information and measure scoring accuracy under different information sets.   We find that baseline vulnerability descriptions provided by standard vulnerability sources provide only part of the information needed to achieve an accurate vulnerability assessment. Further, we find that additional information on \texttt{assets}, \texttt{attacks}, and \texttt{vulnerability type} contributes in increasing the accuracy of the assessment; conversely, information on \texttt{known threats} misleads the assessor and decreases assessment accuracy and should be avoided when assessing vulnerabilities. These results go in the direction of formalizing the vulnerability communication to, for example, fully automate security assessments.",Review academic findings for mitigation strategies.,http://arxiv.org/abs/1803.07648v1
91,arXiv Research,Are Latent Vulnerabilities Hidden Gems for Software Vulnerability Prediction? An Empirical Study,"Collecting relevant and high-quality data is integral to the development of effective Software Vulnerability (SV) prediction models. Most of the current SV datasets rely on SV-fixing commits to extract vulnerable functions and lines. However, none of these datasets have considered latent SVs existing between the introduction and fix of the collected SVs. There is also little known about the usefulness of these latent SVs for SV prediction. To bridge these gaps, we conduct a large-scale study on the latent vulnerable functions in two commonly used SV datasets and their utilization for function-level and line-level SV predictions. Leveraging the state-of-the-art SZZ algorithm, we identify more than 100k latent vulnerable functions in the studied datasets. We find that these latent functions can increase the number of SVs by 4x on average and correct up to 5k mislabeled functions, yet they have a noise level of around 6%. Despite the noise, we show that the state-of-the-art SV prediction model can significantly benefit from such latent SVs. The improvements are up to 24.5% in the performance (F1-Score) of function-level SV predictions and up to 67% in the effectiveness of localizing vulnerable lines. Overall, our study presents the first promising step toward the use of latent SVs to improve the quality of SV datasets and enhance the performance of SV prediction tasks.",Review academic findings for mitigation strategies.,http://arxiv.org/abs/2401.11105v1
92,arXiv Research,Improving Discovery of Known Software Vulnerability For Enhanced Cybersecurity,"Software vulnerabilities are commonly exploited as attack vectors in cyberattacks. Hence, it is crucial to identify vulnerable software configurations early to apply preventive measures. Effective vulnerability detection relies on identifying software vulnerabilities through standardized identifiers such as Common Platform Enumeration (CPE) strings. However, non-standardized CPE strings issued by software vendors create a significant challenge. Inconsistent formats, naming conventions, and versioning practices lead to mismatches when querying databases like the National Vulnerability Database (NVD), hindering accurate vulnerability detection.   Failure to properly identify and prioritize vulnerable software complicates the patching process and causes delays in updating the vulnerable software, thereby giving attackers a window of opportunity. To address this, we present a method to enhance CPE string consistency by implementing a multi-layered sanitization process combined with a fuzzy matching algorithm on data collected using Osquery. Our method includes a union query with priority weighting, which assigns relevance to various attribute combinations, followed by a fuzzy matching process with threshold-based similarity scoring, yielding higher confidence in accurate matches. Comparative analysis with open-source tools such as FleetDM demonstrates that our approach improves detection accuracy by 40%.",Review academic findings for mitigation strategies.,http://arxiv.org/abs/2412.16607v1
93,arXiv Research,On Adversarial Vulnerability of PHM algorithms: An Initial Study,"With proliferation of deep learning (DL) applications in diverse domains, vulnerability of DL models to adversarial attacks has become an increasingly interesting research topic in the domains of Computer Vision (CV) and Natural Language Processing (NLP). DL has also been widely adopted to diverse PHM applications, where data are primarily time-series sensor measurements. While those advanced DL algorithms/models have resulted in an improved PHM algorithms' performance, the vulnerability of those PHM algorithms to adversarial attacks has not drawn much attention in the PHM community. In this paper we attempt to explore the vulnerability of PHM algorithms. More specifically, we investigate the strategies of attacking PHM algorithms by considering several unique characteristics associated with time-series sensor measurements data. We use two real-world PHM applications as examples to validate our attack strategies and to demonstrate that PHM algorithms indeed are vulnerable to adversarial attacks.",Review academic findings for mitigation strategies.,http://arxiv.org/abs/2110.07462v1
94,arXiv Research,Representation Magnitude has a Liability to Privacy Vulnerability,"The privacy-preserving approaches to machine learning (ML) models have made substantial progress in recent years. However, it is still opaque in which circumstances and conditions the model becomes privacy-vulnerable, leading to a challenge for ML models to maintain both performance and privacy. In this paper, we first explore the disparity between member and non-member data in the representation of models under common training frameworks. We identify how the representation magnitude disparity correlates with privacy vulnerability and address how this correlation impacts privacy vulnerability. Based on the observations, we propose Saturn Ring Classifier Module (SRCM), a plug-in model-level solution to mitigate membership privacy leakage. Through a confined yet effective representation space, our approach ameliorates models' privacy vulnerability while maintaining generalizability. The code of this work can be found here: \url{https://github.com/JEKimLab/AIES2024_SRCM}",Review academic findings for mitigation strategies.,http://arxiv.org/abs/2407.16164v1
95,arXiv Research,Vulnerability Scanners-A Proactive Approach To Assess Web Application Security,"With the increasing concern for security in the network, many approaches are laid out that try to protect the network from unauthorised access. New methods have been adopted in order to find the potential discrepancies that may damage the network. Most commonly used approach is the vulnerability assessment. By vulnerability, we mean, the potential flaws in the system that make it prone to the attack. Assessment of these system vulnerabilities provide a means to identify and develop new strategies so as to protect the system from the risk of being damaged. This paper focuses on the usage of various vulnerability scanners and their related methodology to detect the various vulnerabilities available in the web applications or the remote host across the network and tries to identify new mechanisms that can be deployed to secure the network.",Review academic findings for mitigation strategies.,http://arxiv.org/abs/1403.6955v1
96,arXiv Research,Bridging Code Property Graphs and Language Models for Program Analysis,"Large Language Models (LLMs) face critical challenges when analyzing security vulnerabilities in real world codebases: token limits prevent loading entire repositories, code embeddings fail to capture inter procedural data flows, and LLMs struggle to generate complex static analysis queries. These limitations force existing approaches to operate on isolated code snippets, missing vulnerabilities that span multiple functions and files. We introduce codebadger, an open source Model Context Protocol (MCP) server that integrates Joern's Code Property Graph (CPG) engine with LLMs. Rather than requiring LLMs to generate complex CPG queries, codebadger provides high level tools for program slicing, taint tracking, data flow analysis, and semantic code navigation, enabling targeted exploration of large codebases without exhaustive file reading. We demonstrate its effectiveness through three use cases: (1) navigating an 8,000 method codebase to audit memory safety patterns, (2) discovering and exploiting a previously unreported buffer overflow in libtiff, and (3) generating a correct patch for an integer overflow vulnerability (CVE-2025-6021) in libxml2 on the first attempt. codebadger enables LLMs to reason about code semantically across entire repositories, supporting vulnerability discovery, patching, and program comprehension at scale.",Review academic findings for mitigation strategies.,http://arxiv.org/abs/2603.24837v1
97,arXiv Research,A Bug Bounty Perspective on the Disclosure of Web Vulnerabilities,"Bug bounties have become increasingly popular in recent years. This paper discusses bug bounties by framing these theoretically against so-called platform economy. Empirically the interest is on the disclosure of web vulnerabilities through the Open Bug Bounty (OBB) platform between 2015 and late 2017. According to the empirical results based on a dataset covering nearly 160 thousand web vulnerabilities, (i) OBB has been successful as a community-based platform for the dissemination of web vulnerabilities. The platform has also attracted many productive hackers, (ii) but there exists a large productivity gap, which likely relates to (iii) a knowledge gap and the use of automated tools for web vulnerability discovery. While the platform (iv) has been exceptionally fast to evaluate new vulnerability submissions, (v) the patching times of the web vulnerabilities disseminated have been long. With these empirical results and the accompanying theoretical discussion, the paper contributes to the small but rapidly growing amount of research on bug bounties. In addition, the paper makes a practical contribution by discussing the business models behind bug bounties from the viewpoints of platforms, ecosystems, and vulnerability markets.",Review academic findings for mitigation strategies.,http://arxiv.org/abs/1805.09850v1
98,arXiv Research,Web Application Weakness Ontology Based on Vulnerability Data,"Web applications are becoming more ubiquitous. All manner of physical devices are now connected and often have a variety of web applications and web-interfaces. This proliferation of web applications has been accompanied by an increase in reported software vulnerabilities. The objective of this analysis of vulnerability data is to understand the current landscape of reported web application flaws. Along those lines, this work reviews ten years (2011 - 2020) of vulnerability data in the National Vulnerability Database. Based on this data, most common web application weaknesses are identified and their profiles presented. A weakness ontology is developed to capture the attributes of these weaknesses. These include their attack method and attack vectors. Also described is the impact of the weaknesses to software quality attributes. Additionally, the technologies that are susceptible to each weakness are presented, they include programming languages, frameworks, communication protocols, and data formats.",Review academic findings for mitigation strategies.,http://arxiv.org/abs/2209.08067v1
99,arXiv Research,Dynamic Vulnerability Criticality Calculator for Industrial Control Systems,"The convergence of information and communication technologies has introduced new and advanced capabilities to Industrial Control Systems. However, concurrently, it has heightened their vulnerability to cyber attacks. Consequently, the imperative for new security methods has emerged as a critical need for these organizations to effectively identify and mitigate potential threats. This paper introduces an innovative approach by proposing a dynamic vulnerability criticality calculator. Our methodology encompasses the analysis of environmental topology and the effectiveness of deployed security mechanisms, coupled with the utilization of the Common Vulnerability Scoring System framework to adjust detected vulnerabilities based on the specific environment. Moreover, it evaluates the quantity of vulnerabilities and their interdependencies within each asset. Additionally, our approach integrates these factors into a comprehensive Fuzzy Cognitive Map model, incorporating attack paths to holistically assess the overall vulnerability score. To validate the efficacy of our proposed method, we present a relative case study alongside several modified scenarios, demonstrating its effectiveness in practical applications.",Review academic findings for mitigation strategies.,http://arxiv.org/abs/2404.16854v1
100,arXiv Research,AXE: Grey-Box Exploitability Confirmation for Localized Vulnerability Reports,"Vulnerability detection tools are widely adopted in software projects, yet they often overwhelm maintainers with false positives and non-actionable reports. Automated exploitation systems can help validate these reports; however, existing approaches typically operate in isolation from detection pipelines, failing to leverage readily available metadata such as vulnerability type and source-code location. In this paper, we investigate how reported security vulnerabilities can be assessed in a realistic grey-box exploitation setting that leverages minimal vulnerability metadata, specifically a CWE classification and a vulnerable code location. We introduce Agentic eXploit Engine (AXE), a multi-agent framework for Web application exploitation that maps lightweight detection metadata to concrete exploits through decoupled planning, code exploration, and dynamic execution feedback. Evaluated on the CVE-Bench dataset, AXE achieves a 30% exploitation success rate, a 3x improvement over state-of-the-art black-box baselines. Even in a single-agent configuration, grey-box metadata yields a 1.75x performance gain. Systematic error analysis shows that most failed attempts arise from specific reasoning gaps, including misinterpreted vulnerability semantics and unmet execution preconditions. For successful exploits, AXE produces actionable, reproducible proof-of-concept artifacts, demonstrating its utility in streamlining Web vulnerability triage and remediation. We further evaluate AXE's generalizability through a case study on a recent real-world vulnerability not included in CVE-Bench.",Review academic findings for mitigation strategies.,http://arxiv.org/abs/2602.14345v2
101,MITRE ATT&CK,Brute Force - FTP (Patator),Adversaries may use brute force techniques to gain access to accounts when passwords are unknown or when password hashes are obtained.,Use multi-factor authentication. Lock out accounts after a specified number of failed login attempts.,https://attack.mitre.org/techniques/T1110/
102,MITRE ATT&CK,Brute Force - SSH (Patator),Systematic guessing of SSH passwords using the Patator brute-force tool to gain unauthorized remote access.,Disable password authentication for SSH and enforce public key authentication.,https://attack.mitre.org/techniques/T1110/001/
103,MITRE CWE,DoS - Slowloris,"An attacker sends partial HTTP requests to a server, keeping connections open to exhaust the concurrent connection pool (Uncontrolled Resource Consumption).",Configure connection limits per IP address and lower the timeout limits for incomplete HTTP requests.,https://cwe.mitre.org/data/definitions/400.html
104,NIST NVD,DoS - Slowhttptest,"Application layer denial of service utilizing Slow HTTP GET/POST requests, similar to Slowloris, targeting Apache and Tomcat web servers.","Implement reverse proxies, Web Application Firewalls (WAF), and enforce strict HTTP request size limits.",https://nvd.nist.gov/vuln/detail/CVE-2007-6750
105,MITRE ATT&CK,DoS - Hulk,"HTTP Unbearable Load King (HULK) generates massive, obfuscated HTTP requests designed to bypass caching engines and exhaust server resources.",Implement HTTP rate limiting and anomalous traffic filtering at the network edge.,https://attack.mitre.org/techniques/T1498/001/
106,MITRE ATT&CK,DoS - GoldenEye,An HTTP Keep-Alive denial of service tool that exhausts server sockets by requesting multiple high-load resources simultaneously.,Disable HTTP Keep-Alive for suspected malicious IPs and implement aggressive TCP session timeouts.,https://attack.mitre.org/techniques/T1498/001/
107,NIST NVD,Heartbleed,A vulnerability in OpenSSL (CVE-2014-0160) that allows remote attackers to obtain sensitive information from process memory via crafted TLS heartbeat packets.,"Patch OpenSSL to version 1.0.1g or later, revoke existing SSL certificates, and force password resets.",https://nvd.nist.gov/vuln/detail/CVE-2014-0160
108,MITRE CWE,Web Attack - Brute Force,Improper restriction of excessive authentication attempts on web login portals.,"Implement CAPTCHA, temporary IP lockouts, and rate limiting on web login endpoints.",https://cwe.mitre.org/data/definitions/307.html
109,MITRE CWE,Web Attack - XSS,Improper Neutralization of Input During Web Page Generation ('Cross-site Scripting').,"Sanitize all user input, implement context-aware output encoding, and use Content Security Policy (CSP) headers.",https://cwe.mitre.org/data/definitions/79.html
110,MITRE CWE,Web Attack - SQL Injection,Improper Neutralization of Special Elements used in an SQL Command ('SQL Injection').,Use Prepared Statements (parameterized queries) instead of concatenating strings to build database queries.,https://cwe.mitre.org/data/definitions/89.html
111,MITRE ATT&CK,Infiltration,Adversaries may gain access to a system by exploiting a public-facing application or tricking a user into downloading a malicious payload.,"Deploy EDR (Endpoint Detection and Response) solutions, patch public-facing software, and restrict lateral movement.",https://attack.mitre.org/techniques/T1190/
112,MITRE ATT&CK,Botnet (ARES),Compromised endpoints communicating over application layer protocols with a Command and Control (C2) server.,"Monitor for anomalous outbound traffic patterns, utilize DNS sinkholing, and deploy intrusion prevention systems (IPS).",https://attack.mitre.org/techniques/T1071/
113,MITRE ATT&CK,PortScan,Adversaries may attempt to get a listing of services listening on network ports to identify potential vectors for exploitation.,"Close unused ports, restrict management port access via VPNs or jump boxes, and monitor firewall drop logs.",https://attack.mitre.org/techniques/T1046/
114,MITRE ATT&CK,DDoS,"A distributed denial of service attack relying on multiple compromised nodes to exhaust network bandwidth (e.g., LOIC tool).","Deploy DDoS mitigation services (e.g., Cloudflare, AWS Shield) and implement BGP blackholing for targeted IP addresses.",https://attack.mitre.org/techniques/T1498/
115,MITRE CWE,CWE-1004: Sensitive Cookie Without 'HttpOnly' Flag,"The product uses a cookie to store sensitive information, but the cookie is not marked with the HttpOnly flag.",Leverage the HttpOnly flag when setting a sensitive cookie in a response.,https://cwe.mitre.org/data/definitions/1004.html
116,MITRE CWE,CWE-1007: Insufficient Visual Distinction of Homoglyphs Presented to User,"The product displays information or identifiers to a user, but the display mechanism does not make it easy for the user to distinguish between visually similar or identical glyphs (homoglyphs), which may cause the user to misinterpret a glyph and perform an unintended, insecure action.", ,https://cwe.mitre.org/data/definitions/1007.html
117,MITRE CWE,CWE-102: Struts: Duplicate Validation Forms,"The product uses multiple validation forms with the same name, which might cause the Struts Validator to validate a form that the programmer does not expect.","The DTD or schema validation will not catch the duplicate occurrence of the same form name. To find the issue in the implementation, manual checks or automated static analysis could be applied to the xml configuration files.",https://cwe.mitre.org/data/definitions/102.html
118,MITRE CWE,CWE-1021: Improper Restriction of Rendered UI Layers or Frames,The web application does not restrict or incorrectly restricts frame objects or UI layers that belong to another application or domain.,"  This defense-in-depth technique can be used to prevent the improper usage of frames in web applications. It prioritizes the valid sources of data to be loaded into the application through the usage of declarative policies. Based on which implementation of Content Security Policy is in use, the developer should use the ""frame-ancestors"" directive or the ""frame-src"" directive to mitigate this weakness. Both directives allow for the placement of restrictions when it comes to allowing embedded content. In addition to frames or iframes as previously mentioned, the web application is expected to place restrictions on whether it is allowed to be rendered within objects, embed, or applet elements.",https://cwe.mitre.org/data/definitions/1021.html
119,MITRE CWE,CWE-1022: Use of Web Link to Untrusted Target with window.opener Access,"The web application produces links to untrusted external sites outside of its sphere of control, but it does not properly prevent the external site from modifying security-critical properties of the window.opener object, such as the location property.",Specify in the design that any linked external document must not be granted access to the location object of the calling page.  ,https://cwe.mitre.org/data/definitions/1022.html
120,MITRE CWE,CWE-1023: Incomplete Comparison with Missing Factors,"The product performs a comparison between entities that must consider multiple factors or characteristics of each entity, but the comparison does not include one or more of these factors.",Refer to official CWE documentation for specific mitigations.,https://cwe.mitre.org/data/definitions/1023.html
121,MITRE CWE,CWE-1024: Comparison of Incompatible Types,"The product performs a comparison between two entities, but the entities are of different, incompatible types that cannot be guaranteed to provide correct results when they are directly compared.",Refer to official CWE documentation for specific mitigations.,https://cwe.mitre.org/data/definitions/1024.html
122,MITRE CWE,CWE-1025: Comparison Using Wrong Factors,"The code performs a comparison between two entities, but the comparison examines the wrong factors or characteristics of the entities, which can lead to incorrect results and resultant weaknesses.",Refer to official CWE documentation for specific mitigations.,https://cwe.mitre.org/data/definitions/1025.html
123,MITRE CWE,CWE-103: Struts: Incomplete validate() Method Definition,"The product has a validator form that either does not define a validate() method, or defines a validate() method but does not call super.validate().",Implement the validate() method and call super.validate() within that method.,https://cwe.mitre.org/data/definitions/103.html
124,MITRE CWE,CWE-1037: Processor Optimization Removal or Modification of Security-critical Code,"The developer builds a security-critical protection mechanism into the software, but the processor optimizes the execution of the program such that the mechanism is removed or modified.",Refer to official CWE documentation for specific mitigations.,https://cwe.mitre.org/data/definitions/1037.html
125,MITRE CWE,CWE-1038: Insecure Automated Optimizations,"The product uses a mechanism that automatically optimizes code, e.g. to improve a characteristic such as performance, but the optimizations can have an unintended side effect that might violate an intended security assumption.",Refer to official CWE documentation for specific mitigations.,https://cwe.mitre.org/data/definitions/1038.html
126,MITRE CWE,CWE-1039: Inadequate Detection or Handling of Adversarial Input Perturbations in Automated Recognition Mechanism,"The product uses an automated mechanism such as machine learning to recognize complex data inputs (e.g. image or audio) as a particular concept or category, but it does not properly detect or handle inputs that have been modified or constructed in a way that causes the mechanism to detect a different, incorrect concept.","Algorithmic modifications such as model pruning or compression can help mitigate this weakness. Model pruning ensures that only weights that are most relevant to the task are used in the inference of incoming data and has shown resilience to adversarial perturbed data. Consider implementing adversarial training, a method that introduces adversarial examples into the training data to promote robustness of algorithm at inference time. Consider implementing model hardening to fortify the internal structure of the algorithm, including techniques such as regularization and optimization to desensitize algorithms to minor input perturbations and/or changes. Consider implementing multiple models or using model ensembling techniques to improve robustness of individual model weaknesses against adversarial input perturbations. Incorporate uncertainty estimations into the algorithm that trigger human intervention or secondary/fallback software when reached. This could be when inference predictions and confidence scores are abnormally high/low comparative to expected model performance. Reactive defenses such as input sanitization, defensive distillation, and input transformations can all be implemented before input data reaches the algorithm for inference. Consider reducing the output granularity of the inference/prediction such that attackers cannot gain additional information due to leakage in order to craft adversarially perturbed data.",https://cwe.mitre.org/data/definitions/1039.html
127,MITRE CWE,CWE-104: Struts: Form Bean Does Not Extend Validation Class,"If a form bean does not extend an ActionForm subclass of the Validator framework, it can expose the application to other weaknesses related to insufficient input validation.",Ensure that all forms extend one of the Validation Classes.,https://cwe.mitre.org/data/definitions/104.html
128,MITRE CWE,CWE-1041: Use of Redundant Code,"The product has multiple functions, methods, procedures, macros, etc. that 					contain the same code.",Merge common functionality into a single function and then call that function from across the entire code base.,https://cwe.mitre.org/data/definitions/1041.html
129,MITRE CWE,CWE-1042: Static Member Data Element outside of a Singleton Class Element,"The code contains a member element that is declared as static (but not final), in which 					its parent class element  					is not a singleton class - that is, a class element that can be used only once in 					the 'to' association of a Create action.",Refer to official CWE documentation for specific mitigations.,https://cwe.mitre.org/data/definitions/1042.html
130,MITRE CWE,CWE-1043: Data Element Aggregating an Excessively Large Number of Non-Primitive Elements,The product uses a data element that has an excessively large 					number of sub-elements with non-primitive data types such as structures or aggregated objects.,Refer to official CWE documentation for specific mitigations.,https://cwe.mitre.org/data/definitions/1043.html
131,MITRE CWE,CWE-1044: Architecture with Number of Horizontal Layers Outside of Expected Range,The product's architecture contains too many - or too few - 					horizontal layers.,Refer to official CWE documentation for specific mitigations.,https://cwe.mitre.org/data/definitions/1044.html
132,MITRE CWE,CWE-1045: Parent Class with a Virtual Destructor and a Child Class without a Virtual Destructor,"A parent class has a virtual destructor method, but the parent has a child class that does not have a virtual destructor.",Refer to official CWE documentation for specific mitigations.,https://cwe.mitre.org/data/definitions/1045.html
133,MITRE CWE,CWE-1046: Creation of Immutable Text Using String Concatenation,The product creates an immutable text string using string concatenation operations.,Refer to official CWE documentation for specific mitigations.,https://cwe.mitre.org/data/definitions/1046.html
134,MITRE CWE,CWE-1047: Modules with Circular Dependencies,"The product contains modules in which one module has references that cycle back to itself, i.e., there are circular dependencies.",Refer to official CWE documentation for specific mitigations.,https://cwe.mitre.org/data/definitions/1047.html
135,MITRE CWE,CWE-1048: Invokable Control Element with Large Number of Outward Calls,"The code contains callable control elements that          contain an excessively large number of references to other          application objects external to the context of the callable,          i.e. a Fan-Out value that is excessively large.",Refer to official CWE documentation for specific mitigations.,https://cwe.mitre.org/data/definitions/1048.html
136,MITRE CWE,CWE-1049: Excessive Data Query Operations in a Large Data Table,The product performs a data query with a large number of joins 					and sub-queries on a large data table.,Refer to official CWE documentation for specific mitigations.,https://cwe.mitre.org/data/definitions/1049.html
137,MITRE CWE,CWE-105: Struts: Form Field Without Validator,"The product has a form field that is not validated by a corresponding validation form, which can introduce other weaknesses related to insufficient input validation.","Validate all form fields. If a field is unused, it is still important to constrain it so that it is empty or undefined.",https://cwe.mitre.org/data/definitions/105.html
138,MITRE CWE,CWE-1050: Excessive Platform Resource Consumption within a Loop,"The product has a loop body or loop condition that contains a control element that directly or 					indirectly consumes platform resources, e.g. messaging, sessions, locks, or file 					descriptors.",Refer to official CWE documentation for specific mitigations.,https://cwe.mitre.org/data/definitions/1050.html
139,MITRE CWE,CWE-1051: Initialization with Hard-Coded Network Resource Configuration Data,The product initializes data using hard-coded values that act as network resource identifiers.,Refer to official CWE documentation for specific mitigations.,https://cwe.mitre.org/data/definitions/1051.html
140,MITRE CWE,CWE-1052: Excessive Use of Hard-Coded Literals in Initialization,The product initializes a data element using a hard-coded 					literal that is not a simple integer or static constant element.,Refer to official CWE documentation for specific mitigations.,https://cwe.mitre.org/data/definitions/1052.html
141,MITRE CWE,CWE-1053: Missing Documentation for Design,The product does not have documentation that represents how it is designed.,Refer to official CWE documentation for specific mitigations.,https://cwe.mitre.org/data/definitions/1053.html
142,MITRE CWE,CWE-1054: Invocation of a Control Element at an Unnecessarily Deep Horizontal Layer,"The code at one architectural layer invokes code that resides 					at a deeper layer than the adjacent layer, i.e., the invocation skips at least one 					layer, and the invoked code is not part of a vertical utility layer that can be referenced from any horizontal layer.",Refer to official CWE documentation for specific mitigations.,https://cwe.mitre.org/data/definitions/1054.html
143,MITRE CWE,CWE-1055: Multiple Inheritance from Concrete Classes,The product contains a class with inheritance from more than 					one concrete class.,Refer to official CWE documentation for specific mitigations.,https://cwe.mitre.org/data/definitions/1055.html
144,MITRE CWE,CWE-1056: Invokable Control Element with Variadic Parameters,A named-callable or method control element has a signature that 					supports a variable (variadic) number of parameters or arguments.,Refer to official CWE documentation for specific mitigations.,https://cwe.mitre.org/data/definitions/1056.html
145,MITRE CWE,CWE-1057: Data Access Operations Outside of Expected Data Manager Component,"The product uses a dedicated, central data manager component as required by design, but it contains code that performs data-access operations that do not use this data manager.",Refer to official CWE documentation for specific mitigations.,https://cwe.mitre.org/data/definitions/1057.html
146,MITRE CWE,CWE-1058: Invokable Control Element in Multi-Thread Context with non-Final Static Storable or Member Element,The code contains a function or method that 		 operates in a multi-threaded environment but owns an unsafe non-final 		                     static storable or member data element.,Refer to official CWE documentation for specific mitigations.,https://cwe.mitre.org/data/definitions/1058.html
147,MITRE CWE,CWE-1059: Insufficient Technical Documentation,"The product does not contain sufficient          technical or engineering documentation (whether on paper or          in electronic form) that contains descriptions of all the          relevant software/hardware elements of the product, such as          its usage, structure, architectural components, interfaces, design, implementation,          configuration, operation, etc.",Ensure that design documentation is detailed enough to allow for post-manufacturing verification.,https://cwe.mitre.org/data/definitions/1059.html
148,MITRE CWE,CWE-106: Struts: Plug-in Framework not in Use,"When an application does not use an input validation framework such as the Struts Validator, there is a greater risk of introducing weaknesses related to insufficient input validation.",Use an input validation framework such as Struts. Use an input validation framework such as Struts.  ,https://cwe.mitre.org/data/definitions/106.html
149,MITRE CWE,CWE-1060: Excessive Number of Inefficient Server-Side Data Accesses,The product performs too many data queries without using efficient data processing functionality such as stored procedures.,Refer to official CWE documentation for specific mitigations.,https://cwe.mitre.org/data/definitions/1060.html
150,MITRE CWE,CWE-1061: Insufficient Encapsulation,"The product does not sufficiently hide the internal representation and implementation details of data or methods, which might allow external components or modules to modify data unexpectedly, invoke unexpected functionality, or introduce dependencies that the programmer did not intend.",Refer to official CWE documentation for specific mitigations.,https://cwe.mitre.org/data/definitions/1061.html
151,MITRE CWE,CWE-1062: Parent Class with References to Child Class,"The code has a parent class that contains references to a child class, its methods, or its members.",Refer to official CWE documentation for specific mitigations.,https://cwe.mitre.org/data/definitions/1062.html
152,MITRE CWE,CWE-1063: Creation of Class Instance within a Static Code Block,A static code block creates an instance of a class.,Refer to official CWE documentation for specific mitigations.,https://cwe.mitre.org/data/definitions/1063.html
153,MITRE CWE,CWE-1064: Invokable Control Element with Signature Containing an Excessive Number of Parameters,"The product contains a function, subroutine, or method whose signature has an unnecessarily large number of 					parameters/arguments.",Refer to official CWE documentation for specific mitigations.,https://cwe.mitre.org/data/definitions/1064.html
154,MITRE CWE,CWE-1065: Runtime Resource Management Control Element in a Component Built to Run on Application Servers,"The product uses deployed components from application servers, but it also uses low-level functions/methods for management of resources, instead of the API provided by the application server.",Refer to official CWE documentation for specific mitigations.,https://cwe.mitre.org/data/definitions/1065.html
155,MITRE CWE,CWE-1066: Missing Serialization Control Element,The product contains a serializable data element that does not 					have an associated serialization method.,Refer to official CWE documentation for specific mitigations.,https://cwe.mitre.org/data/definitions/1066.html
156,MITRE CWE,CWE-1067: Excessive Execution of Sequential Searches of Data Resource,The product contains a data query against an SQL table or view 					that is configured in a way that does not utilize an index and may cause 					sequential searches to be performed.,Refer to official CWE documentation for specific mitigations.,https://cwe.mitre.org/data/definitions/1067.html
157,MITRE CWE,CWE-1068: Inconsistency Between Implementation and Documented Design,The implementation of the product is not consistent with the 					design as described within the relevant documentation.,Refer to official CWE documentation for specific mitigations.,https://cwe.mitre.org/data/definitions/1068.html
158,MITRE CWE,CWE-1069: Empty Exception Block,"An invokable code block contains an exception handling block that does not contain any code, i.e. is empty.",For every exception block add code that handles the specific exception in the way intended by the application.,https://cwe.mitre.org/data/definitions/1069.html
159,MITRE CWE,CWE-107: Struts: Unused Validation Form,An unused validation form indicates that validation logic is not up-to-date.,Remove the unused Validation Form from the validation.xml file.,https://cwe.mitre.org/data/definitions/107.html
160,MITRE CWE,CWE-1070: Serializable Data Element Containing non-Serializable Item Elements,"The product contains a serializable, storable data element such as a field or member, 					but the data element contains member elements that are not 					serializable.",Refer to official CWE documentation for specific mitigations.,https://cwe.mitre.org/data/definitions/1070.html
161,MITRE CWE,CWE-1071: Empty Code Block,"The source code contains a block that does not contain any code, i.e., the block is empty.",Refer to official CWE documentation for specific mitigations.,https://cwe.mitre.org/data/definitions/1071.html
162,MITRE CWE,CWE-1072: Data Resource Access without Use of Connection Pooling,The product accesses a data resource through a database without using a 					connection pooling capability.,Refer to official CWE documentation for specific mitigations.,https://cwe.mitre.org/data/definitions/1072.html
163,MITRE CWE,CWE-1073: Non-SQL Invokable Control Element with Excessive Number of Data Resource Accesses,"The product contains a client with a function or method that contains a large number of data accesses/queries that are sent through a data manager, i.e., does not use efficient database capabilities.",Refer to official CWE documentation for specific mitigations.,https://cwe.mitre.org/data/definitions/1073.html
164,MITRE CWE,CWE-1074: Class with Excessively Deep Inheritance,"A class has an inheritance level that is too high, i.e., it 					has a large number of parent classes.",Refer to official CWE documentation for specific mitigations.,https://cwe.mitre.org/data/definitions/1074.html
165,MITRE CWE,CWE-1075: Unconditional Control Flow Transfer outside of Switch Block,"The product performs unconditional control transfer (such as a 					""goto"") in code outside of a branching structure such as a switch 					block.",Refer to official CWE documentation for specific mitigations.,https://cwe.mitre.org/data/definitions/1075.html
166,MITRE CWE,CWE-1076: Insufficient Adherence to Expected Conventions,"The product's architecture, source code, design, documentation, 					or other artifact does not follow required conventions.",Refer to official CWE documentation for specific mitigations.,https://cwe.mitre.org/data/definitions/1076.html
167,MITRE CWE,CWE-1077: Floating Point Comparison with Incorrect Operator,"The code performs a comparison such as an         equality test between two float (floating point) values, but         it uses comparison operators that do not account for the         possibility of loss of precision.",Refer to official CWE documentation for specific mitigations.,https://cwe.mitre.org/data/definitions/1077.html
168,MITRE CWE,CWE-1078: Inappropriate Source Code Style or Formatting,"The source code does not follow 				desired style or formatting for indentation, white 				space, comments, etc.",Refer to official CWE documentation for specific mitigations.,https://cwe.mitre.org/data/definitions/1078.html
169,MITRE CWE,CWE-1079: Parent Class without Virtual Destructor Method,"A parent class contains one or more child classes, but the parent class does not have a virtual destructor method.",Refer to official CWE documentation for specific mitigations.,https://cwe.mitre.org/data/definitions/1079.html
170,MITRE CWE,CWE-108: Struts: Unvalidated Action Form,Every Action Form must have a corresponding validation form.,Refer to official CWE documentation for specific mitigations.,https://cwe.mitre.org/data/definitions/108.html
171,MITRE CWE,CWE-1080: Source Code File with Excessive Number of Lines of Code,A source code file has too many lines of 					code.,Refer to official CWE documentation for specific mitigations.,https://cwe.mitre.org/data/definitions/1080.html
172,MITRE CWE,CWE-1082: Class Instance Self Destruction Control Element,The code contains a class instance that calls the method or function to delete or destroy itself.,Refer to official CWE documentation for specific mitigations.,https://cwe.mitre.org/data/definitions/1082.html
173,MITRE CWE,CWE-1083: Data Access from Outside Expected Data Manager Component,"The product is intended to manage data access through a particular data manager component such as a relational or non-SQL database, but it contains code that performs data access operations without using that component.",Refer to official CWE documentation for specific mitigations.,https://cwe.mitre.org/data/definitions/1083.html
174,MITRE CWE,CWE-1084: Invokable Control Element with Excessive File or Data Access Operations,A function or method contains too many 					operations that utilize a data manager or file resource.,Refer to official CWE documentation for specific mitigations.,https://cwe.mitre.org/data/definitions/1084.html
175,MITRE CWE,CWE-1085: Invokable Control Element with Excessive Volume of Commented-out Code,"A function, method, procedure, etc. contains an excessive amount of code that has been 					commented out within its body.",Refer to official CWE documentation for specific mitigations.,https://cwe.mitre.org/data/definitions/1085.html
176,MITRE CWE,CWE-1086: Class with Excessive Number of Child Classes,A class contains an unnecessarily large number of 					children.,Refer to official CWE documentation for specific mitigations.,https://cwe.mitre.org/data/definitions/1086.html
177,MITRE CWE,CWE-1087: Class with Virtual Method without a Virtual Destructor,"A class contains a virtual method, but the method does not have an associated virtual destructor.",Refer to official CWE documentation for specific mitigations.,https://cwe.mitre.org/data/definitions/1087.html
178,MITRE CWE,CWE-1088: Synchronous Access of Remote Resource without Timeout,"The code has a synchronous call to a remote resource, but there is no timeout for the call, or the timeout is set to infinite.",Refer to official CWE documentation for specific mitigations.,https://cwe.mitre.org/data/definitions/1088.html
179,MITRE CWE,CWE-1089: Large Data Table with Excessive Number of Indices,The product uses a large data table that contains an excessively large number of 					indices.,Refer to official CWE documentation for specific mitigations.,https://cwe.mitre.org/data/definitions/1089.html
180,MITRE CWE,CWE-109: Struts: Validator Turned Off,"Automatic filtering via a Struts bean has been turned off, which disables the Struts Validator and custom validation logic. This exposes the application to other weaknesses related to insufficient input validation.",Ensure that an action form mapping enables validation. Set the validate field to true.,https://cwe.mitre.org/data/definitions/109.html
181,MITRE CWE,CWE-1090: Method Containing Access of a Member Element from Another Class,A method for a class performs an operation that directly 					accesses a member element from another class.,Refer to official CWE documentation for specific mitigations.,https://cwe.mitre.org/data/definitions/1090.html
182,MITRE CWE,CWE-1091: Use of Object without Invoking Destructor Method,The product contains a method that accesses an object but does not later invoke 					the element's associated finalize/destructor method.,Refer to official CWE documentation for specific mitigations.,https://cwe.mitre.org/data/definitions/1091.html
183,MITRE CWE,CWE-1092: Use of Same Invokable Control Element in Multiple Architectural Layers,The product uses the same control element across multiple 					architectural layers.,Refer to official CWE documentation for specific mitigations.,https://cwe.mitre.org/data/definitions/1092.html
184,MITRE CWE,CWE-1093: Excessively Complex Data Representation,The product uses an unnecessarily complex internal representation for its data structures or interrelationships between those structures.,Refer to official CWE documentation for specific mitigations.,https://cwe.mitre.org/data/definitions/1093.html
185,MITRE CWE,CWE-1094: Excessive Index Range Scan for a Data Resource,"The product contains an index range scan for a large data table, 					but the scan can cover a large number of rows.",Refer to official CWE documentation for specific mitigations.,https://cwe.mitre.org/data/definitions/1094.html
186,MITRE CWE,CWE-1095: Loop Condition Value Update within the Loop,The product uses a loop with a control flow condition based on 					a value that is updated within the body of the loop.,Refer to official CWE documentation for specific mitigations.,https://cwe.mitre.org/data/definitions/1095.html
187,MITRE CWE,CWE-1096: Singleton Class Instance Creation without Proper Locking or Synchronization,The product implements a Singleton design pattern but does not use appropriate locking or other synchronization mechanism to ensure that the singleton class is only instantiated once.,Refer to official CWE documentation for specific mitigations.,https://cwe.mitre.org/data/definitions/1096.html
188,MITRE CWE,CWE-1097: Persistent Storable Data Element without Associated Comparison Control Element,The product uses a storable data element that does not have 					all of the associated functions or methods that are necessary to support 					comparison.,Refer to official CWE documentation for specific mitigations.,https://cwe.mitre.org/data/definitions/1097.html
189,MITRE CWE,CWE-1098: Data Element containing Pointer Item without Proper Copy Control Element,The code contains a data element with a pointer that does not have an associated copy or constructor method.,Refer to official CWE documentation for specific mitigations.,https://cwe.mitre.org/data/definitions/1098.html
190,MITRE CWE,CWE-1099: Inconsistent Naming Conventions for Identifiers,"The product's code, documentation, or other artifacts do not 					consistently use the same naming conventions for variables, callables, groups of 					related callables, I/O capabilities, data types, file names, or similar types of 					elements.",Refer to official CWE documentation for specific mitigations.,https://cwe.mitre.org/data/definitions/1099.html
191,MITRE CWE,CWE-11: ASP.NET Misconfiguration: Creating Debug Binary,Debugging messages help attackers learn about the system and plan a form of attack.,Avoid releasing debug binaries into the production environment. Change the debug mode to false when the application is deployed into production.,https://cwe.mitre.org/data/definitions/11.html
192,MITRE CWE,CWE-110: Struts: Validator Without Form Field,Validation fields that do not appear in forms they are associated with indicate that the validation logic is out of date.,Refer to official CWE documentation for specific mitigations.,https://cwe.mitre.org/data/definitions/110.html
193,MITRE CWE,CWE-1100: Insufficient Isolation of System-Dependent Functions,The product or code does not isolate system-dependent 					functionality into separate standalone modules.,Refer to official CWE documentation for specific mitigations.,https://cwe.mitre.org/data/definitions/1100.html
194,MITRE CWE,CWE-1101: Reliance on Runtime Component in Generated Code,The product uses automatically-generated code that cannot be 					executed without a specific runtime support component.,Refer to official CWE documentation for specific mitigations.,https://cwe.mitre.org/data/definitions/1101.html
195,MITRE CWE,CWE-1102: Reliance on Machine-Dependent Data Representation,"The code uses a data representation that relies on low-level 					data representation or constructs that may vary across different processors, 					physical machines, OSes, or other physical components.",Refer to official CWE documentation for specific mitigations.,https://cwe.mitre.org/data/definitions/1102.html
196,MITRE CWE,CWE-1103: Use of Platform-Dependent Third Party Components,The product relies on third-party components that do 					not provide equivalent functionality across all desirable 					platforms.,Refer to official CWE documentation for specific mitigations.,https://cwe.mitre.org/data/definitions/1103.html
197,MITRE CWE,CWE-1104: Use of Unmaintained Third Party Components,The product relies on third-party components that are not 					actively supported or maintained by the original developer or a trusted proxy 					for the original developer.,Refer to official CWE documentation for specific mitigations.,https://cwe.mitre.org/data/definitions/1104.html
198,MITRE CWE,CWE-1105: Insufficient Encapsulation of Machine-Dependent Functionality,"The product or code uses machine-dependent functionality, but 					it does not sufficiently encapsulate or isolate this functionality from 					the rest of the code.",Refer to official CWE documentation for specific mitigations.,https://cwe.mitre.org/data/definitions/1105.html
199,MITRE CWE,CWE-1106: Insufficient Use of Symbolic Constants,"The source code uses literal constants that may need to change 					or evolve over time, instead of using symbolic constants.",Refer to official CWE documentation for specific mitigations.,https://cwe.mitre.org/data/definitions/1106.html
200,MITRE CWE,CWE-1107: Insufficient Isolation of Symbolic Constant Definitions,"The source code uses symbolic constants, but it does not 					sufficiently place the definitions of these constants into a more centralized or 					isolated location.",Refer to official CWE documentation for specific mitigations.,https://cwe.mitre.org/data/definitions/1107.html
201,MITRE CWE,CWE-1108: Excessive Reliance on Global Variables,"The code is structured in a way that relies too much on using 					or setting global variables throughout various points in the code, instead of 					preserving the associated information in a narrower, more local 					context.",Refer to official CWE documentation for specific mitigations.,https://cwe.mitre.org/data/definitions/1108.html
202,MITRE CWE,CWE-1109: Use of Same Variable for Multiple Purposes,"The code contains a callable, block, or other code element in 					which the same variable is used to control more than one unique task or store 					more than one instance of data.",Refer to official CWE documentation for specific mitigations.,https://cwe.mitre.org/data/definitions/1109.html
203,MITRE CWE,CWE-111: Direct Use of Unsafe JNI,"When a Java application uses the Java Native Interface (JNI) to call code written in another programming language, it can expose the application to weaknesses in that code, even if those weaknesses cannot occur in Java.",Implement error handling around the JNI call. Do not use JNI calls if you don't trust the native library. Be reluctant to use JNI calls. A Java API equivalent may exist.,https://cwe.mitre.org/data/definitions/111.html
204,MITRE CWE,CWE-1110: Incomplete Design Documentation,"The product's design documentation does not adequately describe 					control flow, data flow, system initialization, relationships between tasks, 					components, rationales, or other important aspects of the 					design.",Refer to official CWE documentation for specific mitigations.,https://cwe.mitre.org/data/definitions/1110.html
205,MITRE CWE,CWE-1111: Incomplete I/O Documentation,"The product's documentation does not adequately define inputs, 					outputs, or system/software interfaces.",Refer to official CWE documentation for specific mitigations.,https://cwe.mitre.org/data/definitions/1111.html
206,MITRE CWE,CWE-1112: Incomplete Documentation of Program Execution,The document does not fully define all mechanisms that are used 					to control or influence how product-specific programs are 					executed.,Refer to official CWE documentation for specific mitigations.,https://cwe.mitre.org/data/definitions/1112.html
207,MITRE CWE,CWE-1113: Inappropriate Comment Style,The source code uses comment styles or formats that are 					inconsistent or do not follow expected standards for the 					product.,Refer to official CWE documentation for specific mitigations.,https://cwe.mitre.org/data/definitions/1113.html
208,MITRE CWE,CWE-1114: Inappropriate Whitespace Style,The source code contains whitespace that is inconsistent across 					the code or does not follow expected standards for the 					product.,Refer to official CWE documentation for specific mitigations.,https://cwe.mitre.org/data/definitions/1114.html
209,MITRE CWE,CWE-1115: Source Code Element without Standard Prologue,The source code contains elements such as source files  					that do not consistently provide a prologue or header that has been 					standardized for the project.,Refer to official CWE documentation for specific mitigations.,https://cwe.mitre.org/data/definitions/1115.html
210,MITRE CWE,CWE-1116: Inaccurate Source Code Comments,The source code contains comments that do not accurately 					describe or explain aspects of the portion of the code with which the comment is 					associated.,Verify that each comment accurately reflects what is intended to happen during execution of the code.,https://cwe.mitre.org/data/definitions/1116.html
211,MITRE CWE,CWE-1117: Callable with Insufficient Behavioral Summary,"The code contains a function or method whose signature and/or associated 					inline documentation does not sufficiently describe the callable's inputs, outputs, 					side effects, assumptions, or return codes.",Refer to official CWE documentation for specific mitigations.,https://cwe.mitre.org/data/definitions/1117.html
212,MITRE CWE,CWE-1118: Insufficient Documentation of Error Handling Techniques,"The documentation does not sufficiently describe the techniques 					that are used for error handling, exception processing, or similar 					mechanisms.",Refer to official CWE documentation for specific mitigations.,https://cwe.mitre.org/data/definitions/1118.html
213,MITRE CWE,CWE-1119: Excessive Use of Unconditional Branching,"The code uses too many unconditional branches (such as 					""goto"").",Refer to official CWE documentation for specific mitigations.,https://cwe.mitre.org/data/definitions/1119.html
214,MITRE CWE,CWE-112: Missing XML Validation,The product accepts XML from an untrusted source but does not validate the XML against the proper schema.,Refer to official CWE documentation for specific mitigations.,https://cwe.mitre.org/data/definitions/112.html
215,MITRE CWE,CWE-1120: Excessive Code Complexity,"The code is too complex, as calculated using a well-defined, 					quantitative measure.",Refer to official CWE documentation for specific mitigations.,https://cwe.mitre.org/data/definitions/1120.html
216,MITRE CWE,CWE-1121: Excessive McCabe Cyclomatic Complexity,The code contains McCabe cyclomatic complexity that exceeds a 	desirable maximum.,Refer to official CWE documentation for specific mitigations.,https://cwe.mitre.org/data/definitions/1121.html
217,MITRE CWE,CWE-1122: Excessive Halstead Complexity,The code is structured in a way that a Halstead complexity 					measure exceeds a desirable maximum.,Refer to official CWE documentation for specific mitigations.,https://cwe.mitre.org/data/definitions/1122.html
218,MITRE CWE,CWE-1123: Excessive Use of Self-Modifying Code,The product uses too much self-modifying code.,Refer to official CWE documentation for specific mitigations.,https://cwe.mitre.org/data/definitions/1123.html
219,MITRE CWE,CWE-1124: Excessively Deep Nesting,The code contains a callable or other code grouping in which 					the nesting / branching is too deep.,Refer to official CWE documentation for specific mitigations.,https://cwe.mitre.org/data/definitions/1124.html
220,MITRE CWE,CWE-1125: Excessive Attack Surface,The product has an attack surface whose quantitative 					measurement exceeds a desirable maximum.,Refer to official CWE documentation for specific mitigations.,https://cwe.mitre.org/data/definitions/1125.html
221,MITRE CWE,CWE-1126: Declaration of Variable with Unnecessarily Wide Scope,"The source code declares a variable in one scope, but the 					variable is only used within a narrower scope.",Refer to official CWE documentation for specific mitigations.,https://cwe.mitre.org/data/definitions/1126.html
222,MITRE CWE,CWE-1127: Compilation with Insufficient Warnings or Errors,"The code is compiled without sufficient warnings enabled, which 					may prevent the detection of subtle bugs or quality 					issues.",Refer to official CWE documentation for specific mitigations.,https://cwe.mitre.org/data/definitions/1127.html
223,MITRE CWE,CWE-113: Improper Neutralization of CRLF Sequences in HTTP Headers ('HTTP Request/Response Splitting'),"The product receives data from an HTTP agent/component (e.g., web server, proxy, browser, etc.), but it does not neutralize or incorrectly neutralizes CR and LF characters before the data is included in outgoing HTTP headers.","Construct HTTP headers very carefully, avoiding the use of non-validated input data.  Use and specify an output encoding that can be handled by the downstream component that is reading the output. Common encodings include ISO-8859-1, UTF-7, and UTF-8. When an encoding is not specified, a downstream component may choose a different encoding, either by assuming a default encoding or automatically inferring which encoding is being used, which can be erroneous. When the encodings are inconsistent, the downstream component might treat some character or byte sequences as special, even if they are not special in the original encoding. Attackers might then be able to exploit this discrepancy and conduct injection attacks; they even might be able to bypass protection mechanisms that assume the original encoding is also being used by the downstream component. Inputs should be decoded and canonicalized to the application's current internal representation before being validated (CWE-180). Make sure that the application does not decode the same input twice (CWE-174). Such errors could be used to bypass allowlist validation schemes by introducing dangerous inputs after they have been checked.",https://cwe.mitre.org/data/definitions/113.html
224,MITRE CWE,CWE-114: Process Control,Executing commands or loading libraries from an untrusted source or in an untrusted environment can cause an application to execute malicious commands (and payloads) on behalf of an attacker.,"Libraries that are loaded should be well understood and come from a trusted source. The application can execute code contained in the native libraries, which often contain calls that are susceptible to other security problems, such as buffer overflows or command injection. All native libraries should be validated to determine if the application requires the use of the library. It is very difficult to determine what these native libraries actually do, and the potential for malicious code is high. In addition, the potential for an inadvertent mistake in these native libraries is also high, as many are written in C or C++ and may be susceptible to buffer overflow or race condition problems. To help prevent buffer overflow attacks, validate all input to native calls for content and length. If the native library does not come from a trusted source, review the source code of the library. The library should be built from the reviewed source before using it.",https://cwe.mitre.org/data/definitions/114.html
225,MITRE CWE,CWE-115: Misinterpretation of Input,"The product misinterprets an input, whether from an attacker or another product, in a security-relevant fashion.",Refer to official CWE documentation for specific mitigations.,https://cwe.mitre.org/data/definitions/115.html
226,MITRE CWE,CWE-116: Improper Encoding or Escaping of Output,"The product prepares a structured message for communication with another component, but encoding or escaping of the data is either missing or done incorrectly. As a result, the intended structure of the message is not preserved.","  Understand the context in which your data will be used and the encoding that will be expected. This is especially important when transmitting data between different components, or when generating outputs that can contain multiple encodings at the same time, such as web pages or multi-part mail messages. Study all expected communication protocols and data representations to determine the required encoding strategies. In some cases, input validation may be an important strategy when output encoding is not a complete solution. For example, you may be providing the same output that will be processed by multiple consumers that use different encodings or representations. In other cases, you may be required to allow user-supplied input to contain control information, such as limited HTML tags that support formatting in a wiki or bulletin board. When this type of requirement must be met, use an extremely strict allowlist to limit which control sequences can be used. Verify that the resulting syntactic structure is what you expect. Use your normal encoding methods for the remainder of the input. Use input validation as a defense-in-depth measure to reduce the likelihood of output encoding errors (see CWE-20). Fully specify which encodings are required by components that will be communicating with each other. When exchanging data between components, ensure that both components are using the same character encoding. Ensure that the proper encoding is applied at each interface. Explicitly set the encoding you are using whenever the protocol allows you to do so.",https://cwe.mitre.org/data/definitions/116.html
227,MITRE CWE,CWE-1164: Irrelevant Code,"The product contains code that is not essential for execution, 	     i.e. makes no state changes and has no side effects that alter 	     data or control flow, such that removal of the code would have no impact 	     to functionality or correctness.",Refer to official CWE documentation for specific mitigations.,https://cwe.mitre.org/data/definitions/1164.html
228,MITRE CWE,CWE-117: Improper Output Neutralization for Logs,"The product constructs a log message from external input, but it does not neutralize or incorrectly neutralizes special elements when the message is written to a log file."," Use and specify an output encoding that can be handled by the downstream component that is reading the output. Common encodings include ISO-8859-1, UTF-7, and UTF-8. When an encoding is not specified, a downstream component may choose a different encoding, either by assuming a default encoding or automatically inferring which encoding is being used, which can be erroneous. When the encodings are inconsistent, the downstream component might treat some character or byte sequences as special, even if they are not special in the original encoding. Attackers might then be able to exploit this discrepancy and conduct injection attacks; they even might be able to bypass protection mechanisms that assume the original encoding is also being used by the downstream component. Inputs should be decoded and canonicalized to the application's current internal representation before being validated (CWE-180). Make sure that the application does not decode the same input twice (CWE-174). Such errors could be used to bypass allowlist validation schemes by introducing dangerous inputs after they have been checked.",https://cwe.mitre.org/data/definitions/117.html
229,MITRE CWE,CWE-1173: Improper Use of Validation Framework,"The product does not use, or incorrectly uses, an input validation framework that is provided by the source language or an independent library.",Properly use provided input validation frameworks.,https://cwe.mitre.org/data/definitions/1173.html
230,MITRE CWE,CWE-1174: ASP.NET Misconfiguration: Improper Model Validation,"The ASP.NET application does not use, or incorrectly uses, the model validation framework.",Refer to official CWE documentation for specific mitigations.,https://cwe.mitre.org/data/definitions/1174.html
231,MITRE CWE,CWE-1176: Inefficient CPU Computation,"The product performs CPU computations using          algorithms that are not as efficient as they could be for the          needs of the developer, i.e., the computations can be          optimized further.",Refer to official CWE documentation for specific mitigations.,https://cwe.mitre.org/data/definitions/1176.html
232,MITRE CWE,CWE-1177: Use of Prohibited Code,"The product uses a function, library, or third party component 	     that has been explicitly prohibited, whether by the developer or 	     the customer.","Identify a list of prohibited API functions and prohibit developers from using these functions, providing safer alternatives. In some cases, automatic code analysis tools or the compiler can be instructed to spot use of prohibited functions, such as the ""banned.h"" include file from Microsoft's SDL. [REF-554] [REF-1009] [REF-7]",https://cwe.mitre.org/data/definitions/1177.html
233,MITRE CWE,CWE-118: Incorrect Access of Indexable Resource ('Range Error'),"The product does not restrict or incorrectly restricts operations within the boundaries of a resource that is accessed using an index or pointer, such as memory or files.",Refer to official CWE documentation for specific mitigations.,https://cwe.mitre.org/data/definitions/118.html
234,MITRE CWE,CWE-1187: DEPRECATED: Use of Uninitialized Resource,This entry has been deprecated because it was a duplicate of CWE-908. All content has been transferred to CWE-908.,Refer to official CWE documentation for specific mitigations.,https://cwe.mitre.org/data/definitions/1187.html
235,MITRE CWE,CWE-1188: Initialization of a Resource with an Insecure Default,"The product initializes or sets a resource with a default that is intended to be changed by the product's installer, administrator, or maintainer, but the default is not secure.",Refer to official CWE documentation for specific mitigations.,https://cwe.mitre.org/data/definitions/1188.html
236,MITRE CWE,CWE-1189: Improper Isolation of Shared Resources on System-on-a-Chip (SoC),The System-On-a-Chip (SoC) does not properly isolate shared resources between trusted and untrusted agents.,Refer to official CWE documentation for specific mitigations.,https://cwe.mitre.org/data/definitions/1189.html
237,MITRE CWE,CWE-119: Improper Restriction of Operations within the Bounds of a Memory Buffer,"The product performs operations on a memory buffer, but it reads from or writes to a memory location outside the buffer's intended boundary. This may result in read or write operations on unexpected memory locations that could be linked to other variables, data structures, or internal program data.","      Replace unbounded copy functions with analogous functions that support length arguments, such as strcpy with strncpy. Create these if they are not available.",https://cwe.mitre.org/data/definitions/119.html
238,MITRE CWE,CWE-1190: DMA Device Enabled Too Early in Boot Phase,"The product enables a Direct Memory Access (DMA) capable device before the security configuration settings are established, which allows an attacker to extract data from or gain privileges on the product.",Utilize an IOMMU to orchestrate IO access from                  the start of the boot process.,https://cwe.mitre.org/data/definitions/1190.html
239,MITRE CWE,CWE-1191: On-Chip Debug and Test Interface With Improper Access Control,The chip does not implement or does not correctly perform access control to check whether users are authorized to access internal registers and test modes through the physical debug/test interface.,"If feasible, the manufacturer should disable the JTAG interface or implement authentication and authorization for the JTAG interface. If authentication logic is added, it should be resistant to timing attacks. Security-sensitive data stored in registers, such as keys, etc. should be cleared when entering debug mode.",https://cwe.mitre.org/data/definitions/1191.html
240,MITRE CWE,CWE-1192: Improper Identifier for IP Block used in System-On-Chip (SOC),"The System-on-Chip (SoC) does not have unique, immutable identifiers for each of its components.",Refer to official CWE documentation for specific mitigations.,https://cwe.mitre.org/data/definitions/1192.html
241,MITRE CWE,CWE-1193: Power-On of Untrusted Execution Core Before Enabling Fabric Access Control,The product enables components that contain untrusted firmware before memory and fabric access controls have been enabled.,Refer to official CWE documentation for specific mitigations.,https://cwe.mitre.org/data/definitions/1193.html
242,MITRE CWE,CWE-12: ASP.NET Misconfiguration: Missing Custom Error Page,An ASP .NET application must enable custom error pages in order to prevent attackers from mining information from the framework's built-in responses.,Handle exceptions appropriately in source code. ASP .NET applications should be configured to use custom error pages instead of the framework default page. Do not attempt to process an error or attempt to mask it. Verify return values are correct and do not supply sensitive information about the system.,https://cwe.mitre.org/data/definitions/12.html
243,MITRE CWE,CWE-120: Buffer Copy without Checking Size of Input ('Classic Buffer Overflow'),The product copies an input buffer to an output buffer without verifying that the size of the input buffer is less than the size of the output buffer.,"     For any security checks that are performed on the client side, ensure that these checks are duplicated on the server side, in order to avoid CWE-602. Attackers can bypass the client-side checks by modifying values after the checks have been performed, or by changing the client to remove the client-side checks entirely. Then, these modified values would be submitted to the server.   Most mitigating technologies at the compiler or OS level to date address only a subset of buffer overflow problems and rarely provide complete protection against even that subset. It is good practice to implement strategies to increase the workload of an attacker, such as leaving the attacker to guess an unknown value that changes every program execution. Replace unbounded copy functions with analogous functions that support length arguments, such as strcpy with strncpy. Create these if they are not available. When the set of acceptable objects, such as filenames or URLs, is limited or known, create a mapping from a set of fixed input values (such as numeric IDs) to the actual filenames or URLs, and reject all other inputs. Run your code using the lowest privileges that are required to accomplish the necessary tasks [REF-76]. If possible, create isolated accounts with limited privileges that are only used for a single task. That way, a successful attack will not immediately give the attacker access to the rest of the software or its environment. For example, database applications rarely need to run as the database administrator, especially in day-to-day operations. ",https://cwe.mitre.org/data/definitions/120.html
244,MITRE CWE,CWE-1204: Generation of Weak Initialization Vector (IV),"The product uses a cryptographic primitive that uses an Initialization 			Vector (IV), but the product does not generate IVs that are 			sufficiently unpredictable or unique according to the expected 			cryptographic requirements for that primitive.",Refer to official CWE documentation for specific mitigations.,https://cwe.mitre.org/data/definitions/1204.html
245,MITRE CWE,CWE-1209: Failure to Disable Reserved Bits,"The reserved bits in a hardware design are not disabled prior to production. Typically, reserved bits are used for future capabilities and should not support any functional logic in the design.   However, designers might covertly use these bits to debug or further develop new capabilities in production hardware. Adversaries with access to these bits will write to them in hopes of compromising hardware state.", ,https://cwe.mitre.org/data/definitions/1209.html
246,MITRE CWE,CWE-121: Stack-based Buffer Overflow,"A stack-based buffer overflow condition is a condition where the buffer being overwritten is allocated on the stack (i.e., is a local variable or, rarely, a parameter to a function)."," Use an abstraction library to abstract away risky APIs. Not a complete solution. Implement and perform bounds checking on input. Do not use dangerous functions such as gets. Use safer, equivalent functions which check for boundary errors. ",https://cwe.mitre.org/data/definitions/121.html
247,MITRE CWE,CWE-122: Heap-based Buffer Overflow,"A heap overflow condition is a buffer overflow, where the buffer that can be overwritten is allocated in the heap portion of memory, generally meaning that the buffer was allocated using a routine such as malloc().","Pre-design: Use a language or compiler that performs automatic bounds checking. Use an abstraction library to abstract away risky APIs. Not a complete solution.   Implement and perform bounds checking on input. Do not use dangerous functions such as gets. Look for their safe equivalent, which checks for the boundary. Use OS-level preventative functionality. This is not a complete solution, but it provides some defense in depth.",https://cwe.mitre.org/data/definitions/122.html
248,MITRE CWE,CWE-1220: Insufficient Granularity of Access Control,"The product implements access controls via a policy or other feature with the intention to disable or restrict accesses (reads and/or writes) to assets in a system from untrusted agents. However, implemented access controls lack required granularity, which renders the control policy too broad because it allows accesses from unauthorized agents to the security-sensitive assets.",Refer to official CWE documentation for specific mitigations.,https://cwe.mitre.org/data/definitions/1220.html
249,MITRE CWE,CWE-1221: Incorrect Register Defaults or Module Parameters,Hardware description language code incorrectly defines register defaults or hardware Intellectual Property (IP) parameters to insecure values.,"During hardware design, all the system parameters and register defaults must be reviewed to identify security sensitive settings. The default values of these security sensitive settings need to be defined as part of the design review phase.",https://cwe.mitre.org/data/definitions/1221.html
250,MITRE CWE,CWE-1222: Insufficient Granularity of Address Regions Protected by Register Locks,The product defines a large address region protected from modification by the same register lock control bit. This results in a conflict between the functional requirement that some addresses need to be writable by software during operation and the security requirement that the system configuration lock bit must be set during the boot process.,Refer to official CWE documentation for specific mitigations.,https://cwe.mitre.org/data/definitions/1222.html
251,MITRE CWE,CWE-1223: Race Condition for Write-Once Attributes,"A write-once register in hardware design is programmable by an untrusted software component earlier than the trusted software component, resulting in a race condition issue.","During hardware design, all register write-once or sticky fields must be evaluated for proper configuration.",https://cwe.mitre.org/data/definitions/1223.html
252,MITRE CWE,CWE-1224: Improper Restriction of Write-Once Bit Fields,"The hardware design control register ""sticky bits"" or write-once bit fields are improperly implemented, such that they can be reprogrammed by software.","During hardware design, all register write-once or sticky fields must be evaluated for proper configuration.",https://cwe.mitre.org/data/definitions/1224.html
253,MITRE CWE,CWE-1229: Creation of Emergent Resource,"The product manages resources or behaves in a way that indirectly creates a new, distinct resource that can be used by attackers in violation of the intended policy.",Refer to official CWE documentation for specific mitigations.,https://cwe.mitre.org/data/definitions/1229.html
254,MITRE CWE,CWE-123: Write-what-where Condition,"Any condition where the attacker has the ability to write an arbitrary value to an arbitrary location, often as the result of a buffer overflow.",Use a language that provides appropriate memory abstractions. Use OS-level preventative functionality integrated after the fact. Not a complete solution.,https://cwe.mitre.org/data/definitions/123.html
255,MITRE CWE,CWE-1230: Exposure of Sensitive Information Through Metadata,"The product prevents direct access to a resource containing sensitive information, but it does not sufficiently limit access to metadata that is derived from the original, sensitive information.",Refer to official CWE documentation for specific mitigations.,https://cwe.mitre.org/data/definitions/1230.html
256,MITRE CWE,CWE-1231: Improper Prevention of Lock Bit Modification,"The product uses a trusted lock bit for restricting access to registers, address regions, or other resources, but the product does not prevent the value of the lock bit from being modified after it has been set.",Refer to official CWE documentation for specific mitigations.,https://cwe.mitre.org/data/definitions/1231.html
257,MITRE CWE,CWE-1232: Improper Lock Behavior After Power State Transition,"Register lock bit protection disables changes to system configuration once the bit is set. Some of the protected registers or lock bits become programmable after power state transitions (e.g., Entry and wake from low power sleep modes) causing the system configuration to be changeable.",Refer to official CWE documentation for specific mitigations.,https://cwe.mitre.org/data/definitions/1232.html
258,MITRE CWE,CWE-1233: Security-Sensitive Hardware Controls with Missing Lock Bit Protection,"The product uses a register lock bit protection mechanism, but it does not ensure that the lock bit prevents modification of system registers or controls that perform changes to important hardware system configuration.",Refer to official CWE documentation for specific mitigations.,https://cwe.mitre.org/data/definitions/1233.html
259,MITRE CWE,CWE-1234: Hardware Internal or Debug Modes Allow Override of Locks,System configuration protection may be bypassed during debug mode.,Refer to official CWE documentation for specific mitigations.,https://cwe.mitre.org/data/definitions/1234.html
260,MITRE CWE,CWE-1235: Incorrect Use of Autoboxing and Unboxing for Performance Critical Operations,"The code uses boxed primitives, which may introduce inefficiencies into performance-critical operations.","Use of boxed primitives should be limited to certain situations such as when calling methods with typed parameters.  They should not be used for scientific computing or other performance critical operations. They are only suited to support ""impedance mismatch"" between reference types and primitives.  Examine the use of boxed primitives prior to use. Use SparseArrays or ArrayMap instead of HashMap to avoid performance overhead.",https://cwe.mitre.org/data/definitions/1235.html
261,MITRE CWE,CWE-1236: Improper Neutralization of Formula Elements in a CSV File,"The product saves user-provided information into a Comma-Separated Value (CSV) file, but it does not neutralize or incorrectly neutralizes special elements that could be interpreted as a command when the file is opened by a spreadsheet product.","When generating CSV output, ensure that formula-sensitive metacharacters are effectively escaped or removed from all data before storage in the resultant CSV.  Risky characters include '=' (equal), '+' (plus), '-' (minus), and '@' (at). If a field starts with a formula character, prepend it with a ' (single apostrophe), which prevents Excel from executing the formula. Certain implementations of spreadsheet software might disallow formulas from executing if the file is untrusted, or if the file is not authored by the current user.",https://cwe.mitre.org/data/definitions/1236.html
262,MITRE CWE,CWE-1239: Improper Zeroization of Hardware Register,The hardware product does not properly clear sensitive information from built-in registers when the user of the hardware block changes.,"Every register potentially containing sensitive information must have a policy specifying how and when information is cleared, in addition to clarifying if it is the responsibility of the hardware logic or IP user to initiate the zeroization procedure at the appropriate time.",https://cwe.mitre.org/data/definitions/1239.html
263,MITRE CWE,CWE-124: Buffer Underwrite ('Buffer Underflow'),The product writes to a buffer using an index or pointer that references a memory location prior to the beginning of the buffer.,Choose a language that is not susceptible to these issues. All calculated values that are used as index or for pointer arithmetic should be validated to ensure that they are within an expected range.,https://cwe.mitre.org/data/definitions/124.html
264,MITRE CWE,CWE-1240: Use of a Cryptographic Primitive with a Risky Implementation,"To fulfill the need for a cryptographic primitive, the product implements a cryptographic algorithm using a non-standard, unproven, or disallowed/non-compliant cryptographic implementation.","Require compliance with the strongest-available recommendations from trusted parties, and require that compliance must be kept up-to-date, since recommendations evolve over time. For example, US government systems require FIPS 140-3 certification, which supersedes FIPS 140-2 [REF-1192] [REF-267]. Ensure that the architecture/design uses the strongest-available primitives and algorithms from trusted parties. For example, US government systems require FIPS 140-3 certification, which supersedes FIPS 140-2 [REF-1192] [REF-267]. Do not develop custom or private cryptographic algorithms. They will likely be exposed to attacks that are well-understood by cryptographers. As with all cryptographic mechanisms, the source code should be available for analysis. If the algorithm may be compromised when attackers find out how it works, then it is especially weak. Try not to use cryptographic algorithms in novel ways or with new modes of operation even when you ""know"" it is secure. For example, using SHA-2 chaining to create a 1-time pad for encryption might sound like a good idea, but one should not do this. Ensure that the design can replace one cryptographic primitive or algorithm with another in the next generation (""cryptographic agility""). Where possible, use wrappers to make the interfaces uniform. This will make it easier to upgrade to stronger algorithms. This is especially important for hardware, which can be more difficult to upgrade quickly than software; design the hardware at a replaceable block level. Do not use outdated or non-compliant cryptography algorithms. Some older algorithms, once thought to require a billion years of computing time, can now be broken in days or hours. This includes MD4, MD5, SHA1, DES, and other algorithms that were once regarded as strong [REF-267]. Do not use a linear-feedback shift register (LFSR) or other legacy methods as a substitute for an accepted and standard Random Number Generator. Do not use a checksum as a substitute for a cryptographically generated hash. Use a vetted cryptographic library or framework. Industry-standard implementations will save development time and are more likely to avoid errors that can occur during implementation of cryptographic algorithms. However, the library/framework could be used incorrectly during implementation. When using industry-approved techniques, use them correctly. Don't cut corners by skipping resource-intensive steps (CWE-325). These steps are often essential for the prevention of common attacks. Do not store keys in areas accessible to untrusted agents. Carefully manage and protect the cryptographic keys (see CWE-320). If the keys can be guessed or stolen, then the strength of the cryptography algorithm is irrelevant.",https://cwe.mitre.org/data/definitions/1240.html
265,MITRE CWE,CWE-1241: Use of Predictable Algorithm in Random Number Generator,The device uses an algorithm that is predictable and generates a pseudo-random number.,"It is highly recommended to use a true random number generator (TRNG) to ensure the security of encryption schemes. Hardware-based TRNGs generate unpredictable, unbiased, and independent random numbers because they employ physical phenomena, e.g., electrical noise, as sources to generate random numbers. It is highly recommended to use a true random number generator (TRNG) to ensure the security of encryption schemes. Hardware-based TRNGs generate unpredictable, unbiased, and independent random numbers because they employ physical phenomena, e.g., electrical noise, as sources to generate random numbers.",https://cwe.mitre.org/data/definitions/1241.html
266,MITRE CWE,CWE-1242: Inclusion of Undocumented Features or Chicken Bits,The device includes chicken bits or undocumented features that can create entry points for unauthorized actors.,Refer to official CWE documentation for specific mitigations.,https://cwe.mitre.org/data/definitions/1242.html
267,MITRE CWE,CWE-1243: Sensitive Non-Volatile Information Not Protected During Debug,Access to security-sensitive information stored in fuses is not limited during debug.,Refer to official CWE documentation for specific mitigations.,https://cwe.mitre.org/data/definitions/1243.html
268,MITRE CWE,CWE-1244: Internal Asset Exposed to Unsafe Debug Access Level or State,"The product uses physical debug or test         interfaces with support for multiple access levels, but it         assigns the wrong debug access level to an internal asset,         providing unintended access to the asset from untrusted debug         agents."," Apply blinding [REF-1219] or masking techniques in strategic areas. Add shielding or tamper-resistant protections to the device, which increases the difficulty and cost for accessing debug/test interfaces.",https://cwe.mitre.org/data/definitions/1244.html
269,MITRE CWE,CWE-1245: Improper Finite State Machines (FSMs) in Hardware Logic,"Faulty finite state machines (FSMs) in the hardware logic allow an attacker to put the system in an undefined state, to cause a denial of service (DoS) or gain privileges on the victim's system.",Define all possible states and handle all unused states through default statements. Ensure that system defaults to a secure state.,https://cwe.mitre.org/data/definitions/1245.html
270,MITRE CWE,CWE-1246: Improper Write Handling in Limited-write Non-Volatile Memories,The product does not implement or incorrectly implements wear leveling operations in limited-write non-volatile memories.,Include secure wear leveling algorithms and ensure they may not be bypassed.,https://cwe.mitre.org/data/definitions/1246.html
271,MITRE CWE,CWE-1247: Improper Protection Against Voltage and Clock Glitches,The device does not contain or contains incorrectly implemented circuitry or sensors to detect and mitigate voltage and clock glitches and protect sensitive information or software contained on the device.,Refer to official CWE documentation for specific mitigations.,https://cwe.mitre.org/data/definitions/1247.html
272,MITRE CWE,CWE-1248: Semiconductor Defects in Hardware Logic with Security-Sensitive Implications,The security-sensitive hardware module contains semiconductor defects., ,https://cwe.mitre.org/data/definitions/1248.html
273,MITRE CWE,CWE-1249: Application-Level Admin Tool with Inconsistent View of Underlying Operating System,"The product provides an application for administrators to manage parts of the underlying operating system, but the application does not accurately identify all of the relevant entities or resources that exist in the OS; that is, the application's model of the OS's state is inconsistent with the OS's actual state.",Refer to official CWE documentation for specific mitigations.,https://cwe.mitre.org/data/definitions/1249.html
274,MITRE CWE,CWE-125: Out-of-bounds Read,"The product reads data past the end, or before the beginning, of the intended buffer.", Use a language that provides appropriate memory abstractions.,https://cwe.mitre.org/data/definitions/125.html
275,MITRE CWE,CWE-1250: Improper Preservation of Consistency Between Independent Representations of Shared State,The product has or supports multiple distributed components or sub-systems that are each required to keep their own local copy of shared data - such as state or cache - but the product does not ensure that all local copies remain consistent with each other.,Refer to official CWE documentation for specific mitigations.,https://cwe.mitre.org/data/definitions/1250.html
276,MITRE CWE,CWE-1251: Mirrored Regions with Different Values,The product's architecture mirrors regions without ensuring that their contents always stay in sync.,Refer to official CWE documentation for specific mitigations.,https://cwe.mitre.org/data/definitions/1251.html
277,MITRE CWE,CWE-1252: CPU Hardware Not Configured to Support Exclusivity of Write and Execute Operations,The CPU is not configured to provide hardware support for exclusivity of write and execute operations on memory. This allows an attacker to execute data from all of memory., ,https://cwe.mitre.org/data/definitions/1252.html
278,MITRE CWE,CWE-1253: Incorrect Selection of Fuse Values,The logic level used to set a system to a secure state relies on a fuse being unblown.,Logic should be designed in a way that blown fuses do not put the product into an insecure state that can be leveraged by an attacker.,https://cwe.mitre.org/data/definitions/1253.html
279,MITRE CWE,CWE-1254: Incorrect Comparison Logic Granularity,"The product's comparison logic is performed over a series of steps rather than across the entire string in one operation. If there is a comparison logic failure on one of these steps, the operation may be vulnerable to a timing attack that can result in the interception of the process for nefarious purposes.",Refer to official CWE documentation for specific mitigations.,https://cwe.mitre.org/data/definitions/1254.html
280,MITRE CWE,CWE-1255: Comparison Logic is Vulnerable to Power Side-Channel Attacks,A device's real time power consumption may be monitored during security token evaluation and the information gleaned may be used to determine the value of the reference token.,"The design phase must consider each check of a security token against a standard and the amount of power consumed during the check of a good token versus a bad token. The alternative is an all at once check where a retry counter is incremented PRIOR to the check. Another potential mitigation is to parallelize shifting of secret data (see example 2 below). Note that the wider the bus the more effective the result. An additional potential mitigation is to add random data to each crypto operation then subtract it out afterwards. This is highly effective but costly in performance, area, and power consumption. It also requires a random number generator. If the architecture is unable to prevent the attack, using filtering components may reduce the ability to implement an attack, however, consideration must be given to the physical removal of the filter elements. During integration, avoid use of a single secret for an extended period (e.g. frequent key updates). This limits the amount of data compromised but at the cost of complexity of use.",https://cwe.mitre.org/data/definitions/1255.html
281,MITRE CWE,CWE-1256: Improper Restriction of Software Interfaces to Hardware Features,"The product provides software-controllable 			device functionality for capabilities such as power and 			clock management, but it does not properly limit 			functionality that can lead to modification of 			hardware memory or register bits, or the ability to 			observe physical side channels.",Refer to official CWE documentation for specific mitigations.,https://cwe.mitre.org/data/definitions/1256.html
282,MITRE CWE,CWE-1257: Improper Access Control Applied to Mirrored or Aliased Memory Regions,Aliased or mirrored memory regions in hardware designs may have inconsistent read/write permissions enforced by the hardware. A possible result is that an untrusted agent is blocked from accessing a memory region but is not blocked from accessing the corresponding aliased memory region.,"The checks should be applied for consistency access rights between primary memory regions and any mirrored or aliased memory regions. If different memory protection units (MPU) are protecting the aliased regions, their protected range definitions and policies should be synchronized. The controls that allow enabling memory aliases or changing the size of mapped memory regions should only be programmable by trusted software components.",https://cwe.mitre.org/data/definitions/1257.html
283,MITRE CWE,CWE-1258: Exposure of Sensitive System Information Due to Uncleared Debug Information,"The hardware does not fully clear security-sensitive values, such as keys and intermediate values in cryptographic operations, when debug mode is entered.",Refer to official CWE documentation for specific mitigations.,https://cwe.mitre.org/data/definitions/1258.html
284,MITRE CWE,CWE-1259: Improper Restriction of Security Token Assignment,"The System-On-A-Chip (SoC) implements a Security Token mechanism to differentiate what actions are allowed or disallowed when a transaction originates from an entity. However, the Security Tokens are improperly protected.",Refer to official CWE documentation for specific mitigations.,https://cwe.mitre.org/data/definitions/1259.html
285,MITRE CWE,CWE-126: Buffer Over-read,The product reads from a buffer using buffer access mechanisms such as indexes or pointers that reference memory locations after the targeted buffer.,Refer to official CWE documentation for specific mitigations.,https://cwe.mitre.org/data/definitions/126.html
286,MITRE CWE,CWE-1260: Improper Handling of Overlap Between Protected Memory Ranges,"The product allows address regions to overlap, which can result in the bypassing of intended memory protection.", ,https://cwe.mitre.org/data/definitions/1260.html
287,MITRE CWE,CWE-1261: Improper Handling of Single Event Upsets,The hardware logic does not effectively handle when single-event upsets (SEUs) occur., ,https://cwe.mitre.org/data/definitions/1261.html
288,MITRE CWE,CWE-1262: Improper Access Control for Register Interface,"The product uses memory-mapped I/O registers that act as an interface to hardware functionality from software, but there is improper access control to those registers.",Design proper policies for hardware register access from software. Ensure that access control policies for register access are implemented in accordance with the specified design.,https://cwe.mitre.org/data/definitions/1262.html
289,MITRE CWE,CWE-1263: Improper Physical Access Control,"The product is designed with access restricted to certain information, but it does not sufficiently protect against an unauthorized actor with physical access to these areas.",Specific protection requirements depend strongly on contextual factors including the level of acceptable risk associated with compromise to the product's protection mechanism. Designers could incorporate anti-tampering measures that protect against or detect when the product has been tampered with. The testing phase of the lifecycle should establish a method for determining whether the protection mechanism is sufficient to prevent unauthorized access. Ensure that all protection mechanisms are fully activated at the time of manufacturing and distribution.,https://cwe.mitre.org/data/definitions/1263.html
290,MITRE CWE,CWE-1264: Hardware Logic with Insecure De-Synchronization between Control and Data Channels,The hardware logic for error handling and security checks can incorrectly forward data before the security check is complete.,Refer to official CWE documentation for specific mitigations.,https://cwe.mitre.org/data/definitions/1264.html
291,MITRE CWE,CWE-1265: Unintended Reentrant Invocation of Non-reentrant Code Via Nested Calls,"The product invokes code that is believed to be reentrant, but the code performs a call that unintentionally produces a nested invocation of the non-reentrant code.","When architecting a system that will execute untrusted code in response to events, consider executing the untrusted event handlers asynchronously (asynchronous message passing) as opposed to executing them synchronously at the time each event fires. The untrusted code should execute at the start of the next iteration of the thread's message loop. In this way, calls into non-reentrant code are strictly serialized, so that each operation completes fully before the next operation begins. Special attention must be paid to all places where type coercion may result in script execution. Performing all needed coercions at the very beginning of an operation can help reduce the chance of operations executing at unexpected junctures. Make sure the code (e.g., function or class) in question is reentrant by not leveraging non-local data, not modifying its own code, and not calling other non-reentrant code.",https://cwe.mitre.org/data/definitions/1265.html
292,MITRE CWE,CWE-1266: Improper Scrubbing of Sensitive Data from Decommissioned Device,"The product does not properly provide a capability for the product administrator to remove sensitive data at the time the product is decommissioned.  A scrubbing capability could be missing, insufficient, or incorrect.",  ,https://cwe.mitre.org/data/definitions/1266.html
293,MITRE CWE,CWE-1267: Policy Uses Obsolete Encoding,The product uses an obsolete encoding mechanism to implement access controls.,Refer to official CWE documentation for specific mitigations.,https://cwe.mitre.org/data/definitions/1267.html
294,MITRE CWE,CWE-1268: Policy Privileges are not Assigned Consistently Between Control and Data Agents,The product's hardware-enforced access control for a particular resource improperly accounts for privilege discrepancies between control and write policies.,Access-control-policy definition and programming flow must be sufficiently tested in pre-silicon and post-silicon testing.,https://cwe.mitre.org/data/definitions/1268.html
295,MITRE CWE,CWE-1269: Product Released in Non-Release Configuration,The product released to market is released in pre-production or manufacturing configuration.,"Ensure that there exists a marker for denoting the Manufacturing Complete stage and that the Manufacturing Complete marker gets updated at the Manufacturing Complete stage (i.e., the Manufacturing Complete fuse gets blown). Ensure that there exists a marker for denoting the Manufacturing Complete stage and that the Manufacturing Complete marker gets updated at the Manufacturing Complete stage (i.e., the Manufacturing Complete fuse gets blown). Ensure that there exists a marker for denoting the Manufacturing Complete stage and that the Manufacturing Complete marker gets updated at the Manufacturing Complete stage (i.e., the Manufacturing Complete fuse gets blown).",https://cwe.mitre.org/data/definitions/1269.html
296,MITRE CWE,CWE-127: Buffer Under-read,The product reads from a buffer using buffer access mechanisms such as indexes or pointers that reference memory locations prior to the targeted buffer.,Refer to official CWE documentation for specific mitigations.,https://cwe.mitre.org/data/definitions/127.html
297,MITRE CWE,CWE-1270: Generation of Incorrect Security Tokens,"The product implements a Security Token mechanism to differentiate what actions are allowed or disallowed when a transaction originates from an entity. However, the Security Tokens generated in the system are incorrect.",Refer to official CWE documentation for specific mitigations.,https://cwe.mitre.org/data/definitions/1270.html
298,MITRE CWE,CWE-1271: Uninitialized Value on Reset for Registers Holding Security Settings,Security-critical logic is not set to a known value on reset.,Design checks should be performed to identify any uninitialized flip-flops used for security-critical functions. All registers holding security-critical information should be set to a specific value on reset.,https://cwe.mitre.org/data/definitions/1271.html
299,MITRE CWE,CWE-1272: Sensitive Information Uncleared Before Debug/Power State Transition,"The product performs a power or debug state transition, but it does not clear sensitive information that should no longer be accessible due to changes to information access restrictions.","During state transitions, information not needed in the next state should be removed before the transition to the next state.",https://cwe.mitre.org/data/definitions/1272.html
300,MITRE CWE,CWE-1273: Device Unlock Credential Sharing,The credentials necessary for unlocking a device are shared across multiple parties and may expose sensitive information.,"Ensure the unlock credentials are shared with the minimum number of parties and with utmost secrecy. To limit the risk associated with compromised credentials, where possible, the credentials should be part-specific. Ensure the unlock credentials are shared with the minimum number of parties and with utmost secrecy. To limit the risk associated with compromised credentials, where possible, the credentials should be part-specific.",https://cwe.mitre.org/data/definitions/1273.html
301,MITRE CWE,CWE-1274: Improper Access Control for Volatile Memory Containing Boot Code,"The product conducts a secure-boot process that transfers bootloader code from Non-Volatile Memory (NVM) into Volatile Memory (VM), but it does not have sufficient access control or other protections for the Volatile Memory.",Ensure that the design of volatile-memory protections is enough to prevent modification from an adversary or untrusted code. Test the volatile-memory protections to ensure they are safe from modification or untrusted code.,https://cwe.mitre.org/data/definitions/1274.html
302,MITRE CWE,CWE-1275: Sensitive Cookie with Improper SameSite Attribute,"The SameSite attribute for sensitive cookies is not set, or an insecure value is used.","Set the SameSite attribute of a sensitive cookie to 'Lax' or 'Strict'. This instructs the browser to apply this cookie only to same-domain requests, which provides a good Defense in Depth against CSRF attacks. When the 'Lax' value is in use, cookies are also sent for top-level cross-domain navigation via HTTP GET, HEAD, OPTIONS, and TRACE methods, but not for other HTTP methods that are more like to cause side-effects of state mutation.",https://cwe.mitre.org/data/definitions/1275.html
303,MITRE CWE,CWE-1276: Hardware Child Block Incorrectly Connected to Parent System,Signals between a hardware IP and the parent system design are incorrectly connected causing security risks.,System-level verification may be used to ensure that components are correctly connected and that design security requirements are not violated due to interactions between various IP blocks.,https://cwe.mitre.org/data/definitions/1276.html
304,MITRE CWE,CWE-1277: Firmware Not Updateable,The product does not provide its 			users with the ability to update or patch its 			firmware to address any vulnerabilities or 			weaknesses that may be present.,Specify requirements to include the ability to update the firmware. Include integrity checks and authentication to ensure that untrusted firmware cannot be installed. Design the device to allow for updating the firmware. Ensure that the design specifies how to distribute the updates and ensure their integrity and authentication. Implement the necessary functionality to allow the firmware to be updated.,https://cwe.mitre.org/data/definitions/1277.html
305,MITRE CWE,CWE-1278: Missing Protection Against Hardware Reverse Engineering Using Integrated Circuit (IC) Imaging Techniques,Information stored in hardware may be recovered by an attacker with the capability to capture and analyze images of the integrated circuit using techniques such as scanning electron microscopy.,"The cost of secret extraction via IC reverse engineering should outweigh the potential value of the secrets being extracted. Threat model and value of secrets should be used to choose the technology used to safeguard those secrets. Examples include IC camouflaging and obfuscation, tamper-proof packaging, active shielding, and physical tampering detection information erasure.",https://cwe.mitre.org/data/definitions/1278.html
306,MITRE CWE,CWE-1279: Cryptographic Operations are run Before Supporting Units are Ready,Performing cryptographic operations without ensuring that the supporting inputs are ready to supply valid data may compromise the cryptographic result.,Best practices should be used to design cryptographic systems. Continuously ensuring that cryptographic inputs are supplying valid information is necessary to ensure that the encrypted output is secure.,https://cwe.mitre.org/data/definitions/1279.html
307,MITRE CWE,CWE-128: Wrap-around Error,"Wrap around errors occur whenever a value is incremented past the maximum value for its type and therefore ""wraps around"" to a very small, negative, or undefined value.",Requirements specification: The choice could be made to use a language that is not susceptible to these issues. Provide clear upper and lower bounds on the scale of any protocols designed. Perform validation on all incremented variables to ensure that they remain within reasonable bounds.,https://cwe.mitre.org/data/definitions/128.html
308,MITRE CWE,CWE-1280: Access Control Check Implemented After Asset is Accessed,A product's hardware-based access control check occurs after the asset has been accessed.,Implement the access control check first. Access should only be given to asset if agent is authorized.,https://cwe.mitre.org/data/definitions/1280.html
309,MITRE CWE,CWE-1281: Sequence of Processor Instructions Leads to Unexpected Behavior,Specific combinations of processor instructions lead to undesirable behavior such as locking the processor until a hard reset performed.,Implement a rigorous testing strategy that incorporates randomization to explore instruction sequences that are unlikely to appear in normal workloads in order to identify halt and catch fire instruction sequences. Patch operating system to avoid running Halt and Catch Fire type sequences or to mitigate the damage caused by unexpected behavior.  See [REF-1108].,https://cwe.mitre.org/data/definitions/1281.html
310,MITRE CWE,CWE-1282: Assumed-Immutable Data is Stored in Writable Memory,"Immutable data, such as a first-stage bootloader, device identifiers, and ""write-once"" configuration settings are stored in writable memory that can be re-programmed or updated in the field.",All immutable code or data should be programmed into ROM or write-once memory.,https://cwe.mitre.org/data/definitions/1282.html
311,MITRE CWE,CWE-1283: Mutable Attestation or Measurement Reporting Data,The register contents used for attestation or measurement reporting data to verify boot flow are modifiable by an adversary.,Refer to official CWE documentation for specific mitigations.,https://cwe.mitre.org/data/definitions/1283.html
312,MITRE CWE,CWE-1284: Improper Validation of Specified Quantity in Input,"The product receives input that is expected to specify a quantity (such as size or length), but it does not validate or incorrectly validates that the quantity has the required properties.",Refer to official CWE documentation for specific mitigations.,https://cwe.mitre.org/data/definitions/1284.html
313,MITRE CWE,"CWE-1285: Improper Validation of Specified Index, Position, or Offset in Input","The product receives input that is expected to specify an index, position, or offset into an indexable resource such as a buffer or file, but it does not validate or incorrectly validates that the specified index/position/offset has the required properties.",Refer to official CWE documentation for specific mitigations.,https://cwe.mitre.org/data/definitions/1285.html
314,MITRE CWE,CWE-1286: Improper Validation of Syntactic Correctness of Input,"The product receives input that is expected to be well-formed - i.e., to comply with a certain syntax - but it does not validate or incorrectly validates that the input complies with the syntax.",Refer to official CWE documentation for specific mitigations.,https://cwe.mitre.org/data/definitions/1286.html
315,MITRE CWE,CWE-1287: Improper Validation of Specified Type of Input,"The product receives input that is expected to be of a certain type, but it does not validate or incorrectly validates that the input is actually of the expected type.",Refer to official CWE documentation for specific mitigations.,https://cwe.mitre.org/data/definitions/1287.html
316,MITRE CWE,CWE-1288: Improper Validation of Consistency within Input,"The product receives a complex input with multiple elements or fields that must be consistent with each other, but it does not validate or incorrectly validates that the input is actually consistent.",Refer to official CWE documentation for specific mitigations.,https://cwe.mitre.org/data/definitions/1288.html
317,MITRE CWE,CWE-1289: Improper Validation of Unsafe Equivalence in Input,"The product receives an input value that is used as a resource identifier or other type of reference, but it does not validate or incorrectly validates that the input is equivalent to a potentially-unsafe value.",Refer to official CWE documentation for specific mitigations.,https://cwe.mitre.org/data/definitions/1289.html
318,MITRE CWE,CWE-129: Improper Validation of Array Index,"The product uses untrusted input when calculating or using an array index, but the product does not validate or incorrectly validates the index to ensure the index references a valid position within the array.","Use an input validation framework such as Struts or the OWASP ESAPI Validation API. Note that using a framework does not automatically address all input validation problems; be mindful of weaknesses that could arise from misusing the framework itself (CWE-1173).      Be especially careful to validate all input when invoking code that crosses language boundaries, such as from an interpreted language to native code. This could create an unexpected interaction between the language boundaries. Ensure that you are not violating any of the expectations of the language with which you are interfacing. For example, even though Java may not be susceptible to buffer overflows, providing a large argument in a call to native code might trigger an overflow. Run your code using the lowest privileges that are required to accomplish the necessary tasks [REF-76]. If possible, create isolated accounts with limited privileges that are only used for a single task. That way, a successful attack will not immediately give the attacker access to the rest of the software or its environment. For example, database applications rarely need to run as the database administrator, especially in day-to-day operations. ",https://cwe.mitre.org/data/definitions/129.html
319,MITRE CWE,CWE-1290: Incorrect Decoding of Security Identifiers,"The product implements a decoding mechanism to decode certain bus-transaction signals to security identifiers. If the decoding is implemented incorrectly, then untrusted agents can now gain unauthorized access to the asset.",Security identifier decoders must be reviewed for design consistency and common weaknesses. Access and programming flows must be tested in pre-silicon and post-silicon testing in order to check for this weakness.,https://cwe.mitre.org/data/definitions/1290.html
320,MITRE CWE,CWE-1291: Public Key Re-Use for Signing both Debug and Production Code,The same public key is used for signing both debug and production code.,Use different keys for Production and Debug.,https://cwe.mitre.org/data/definitions/1291.html
321,MITRE CWE,CWE-1292: Incorrect Conversion of Security Identifiers,"The product implements a conversion mechanism to map certain bus-transaction signals to security identifiers. However, if the conversion is incorrectly implemented, untrusted agents can gain unauthorized access to the asset.",Security identifier decoders must be reviewed for design inconsistency and common weaknesses. Access and programming flows must be tested in pre-silicon and post-silicon testing.,https://cwe.mitre.org/data/definitions/1292.html
322,MITRE CWE,CWE-1293: Missing Source Correlation of Multiple Independent Data,"The product relies on one source of data, preventing the ability to detect if an adversary has compromised a data source.","Design system to use a Practical Byzantine fault method, to request information from multiple sources to verify the data and report on potentially compromised information sources. Failure to use a Practical Byzantine fault method when requesting data. Lack of place to report potentially compromised information sources. Relying on non-independent information sources for integrity checking. Failure to report information sources that respond in the minority to incident response procedures.",https://cwe.mitre.org/data/definitions/1293.html
323,MITRE CWE,CWE-1294: Insecure Security Identifier Mechanism,"The System-on-Chip (SoC) implements a Security Identifier mechanism to differentiate what actions are allowed or disallowed when a transaction originates from an entity. However, the Security Identifiers are not correctly implemented.",Security Identifier Decoders must be reviewed for design inconsistency and common weaknesses. Access and programming flows must be tested in pre-silicon and post-silicon testing.,https://cwe.mitre.org/data/definitions/1294.html
324,MITRE CWE,CWE-1295: Debug Messages Revealing Unnecessary Information,The product fails to adequately prevent the revealing of unnecessary and potentially sensitive system information within debugging messages.,Ensure that a debug message does not reveal any unnecessary information during the debug process for the intended response.,https://cwe.mitre.org/data/definitions/1295.html
325,MITRE CWE,CWE-1296: Incorrect Chaining or Granularity of Debug Components,The product's debug components contain incorrect chaining or granularity of debug components.,Ensure that debug components are properly chained and their granularity is maintained at different authentication levels.,https://cwe.mitre.org/data/definitions/1296.html
326,MITRE CWE,CWE-1297: Unprotected Confidential Information on Device is Accessible by OSAT Vendors,The product does not adequately protect confidential information on the device from being accessed by Outsourced Semiconductor Assembly and Test (OSAT) vendors.,Refer to official CWE documentation for specific mitigations.,https://cwe.mitre.org/data/definitions/1297.html
327,MITRE CWE,CWE-1298: Hardware Logic Contains Race Conditions,A race condition in the hardware logic results in undermining security guarantees of the system.,"Adopting design practices that encourage designers to recognize and eliminate race conditions, such as Karnaugh maps, could result in the decrease in occurrences of race conditions. Logic redundancy can be implemented along security critical paths to prevent race conditions. To avoid metastability, it is a good practice in general to default to a secure state in which access is not given to untrusted agents.",https://cwe.mitre.org/data/definitions/1298.html
328,MITRE CWE,CWE-1299: Missing Protection Mechanism for Alternate Hardware Interface,The lack of protections on alternate paths to access                 control-protected assets (such as unprotected shadow registers                 and other external facing unguarded interfaces) allows an                 attacker to bypass existing protections to the asset that are 		only performed against the primary path.,Protect assets from accesses against all potential interfaces and alternate paths. Protect assets from accesses against all potential interfaces and alternate paths. Protect assets from accesses against all potential interfaces and alternate paths.,https://cwe.mitre.org/data/definitions/1299.html
329,MITRE CWE,CWE-13: ASP.NET Misconfiguration: Password in Configuration File,Storing a plaintext password in a configuration file allows anyone who can read the file access to the password-protected resource making them an easy target for attackers.,"Credentials stored in configuration files should be encrypted, Use standard APIs and industry accepted algorithms to encrypt the credentials stored in configuration files.",https://cwe.mitre.org/data/definitions/13.html
330,MITRE CWE,CWE-130: Improper Handling of Length Parameter Inconsistency,"The product parses a formatted message or structure, but it does not handle or incorrectly handles a length field that is inconsistent with the actual length of the associated data.","When processing structured incoming data containing a size field followed by raw data, ensure that you identify and resolve any inconsistencies between the size field and the actual size of the data. Do not let the user control the size of the buffer. Validate that the length of the user-supplied data is consistent with the buffer size.",https://cwe.mitre.org/data/definitions/130.html
331,MITRE CWE,CWE-1300: Improper Protection of Physical Side Channels,"The device does not contain sufficient protection 	mechanisms to prevent physical side channels from exposing 	sensitive information due to patterns in physically observable 	phenomena such as variations in power consumption, 	electromagnetic emissions (EME), or acoustic emissions.",Apply blinding or masking techniques to implementations of cryptographic algorithms. Add shielding or tamper-resistant protections to the device to increase the difficulty of obtaining measurements of the side-channel.,https://cwe.mitre.org/data/definitions/1300.html
332,MITRE CWE,CWE-1301: Insufficient or Incomplete Data Removal within Hardware Component,The product's data removal process does not completely delete all data and potentially sensitive information within hardware components.,"Apply blinding or masking techniques to implementations of cryptographic algorithms. Alter the method of erasure, add protection of media, or destroy the media to protect the data.",https://cwe.mitre.org/data/definitions/1301.html
333,MITRE CWE,CWE-1302: Missing Source Identifier in Entity Transactions on a System-On-Chip (SOC),The product implements a security identifier mechanism to differentiate what actions are allowed or disallowed when a transaction originates from an entity. A transaction is sent without a security identifier.,Transaction details must be reviewed for design inconsistency and common weaknesses. Security identifier definition and programming flow must be tested in pre-silicon and post-silicon testing.,https://cwe.mitre.org/data/definitions/1302.html
334,MITRE CWE,CWE-1303: Non-Transparent Sharing of Microarchitectural Resources,"Hardware structures shared across execution contexts (e.g., caches and branch predictors) can violate the expected architecture isolation between contexts.","Microarchitectural covert channels can be addressed using a mixture of hardware and software mitigation techniques. These include partitioned caches, new barrier and flush instructions, and disabling high resolution performance counters and timers. Microarchitectural covert channels can be addressed using a mixture of hardware and software mitigation techniques. These include partitioned caches, new barrier and flush instructions, and disabling high resolution performance counters and timers.",https://cwe.mitre.org/data/definitions/1303.html
335,MITRE CWE,CWE-1304: Improperly Preserved Integrity of Hardware Configuration State During a Power Save/Restore Operation,"The product performs a power save/restore             operation, but it does not ensure that the integrity of             the configuration state is maintained and/or verified between 	    the beginning and ending of the operation.","Inside the IP, incorporate integrity checking                         on the configuration state via a cryptographic                         hash. The hash can be protected inside the IP such as                         by storing it in internal registers which never lose                         power. Before powering down, the IP performs a hash of                         the configuration and saves it in these persistent                         registers. Upon restore, the IP performs a hash of the                         saved configuration and compares it with the                         saved hash. If they do not match, then the IP should                         not trust the configuration. Outside the IP, incorporate integrity checking                         of the configuration state via a trusted agent. Before                         powering down, the trusted agent performs a hash of the                         configuration and saves the hash in persistent storage.                         Upon restore, the IP requests the trusted agent                         validate its current configuration. If the                         configuration hash is invalid, then the IP should not                         trust the configuration. Outside the IP, incorporate a protected                         environment that prevents undetected modification of                         the configuration state by untrusted agents. Before                         powering down, a trusted agent saves the IP's                         configuration state in this protected location that                         only it is privileged to. Upon restore, the trusted                         agent loads the saved state into the IP.",https://cwe.mitre.org/data/definitions/1304.html
336,MITRE CWE,CWE-131: Incorrect Calculation of Buffer Size,"The product does not correctly calculate the size to be used when allocating a buffer, which could lead to a buffer overflow.","When allocating a buffer for the purpose of transforming, converting, or encoding an input, allocate enough memory to handle the largest possible encoding. For example, in a routine that converts ""&"" characters to ""&amp;"" for HTML entity encoding, the output buffer needs to be at least 5 times as large as the input buffer.  Perform input validation on any numeric input by ensuring that it is within the expected range. Enforce that the input meets both the minimum and maximum requirements for the expected range. For any security checks that are performed on the client side, ensure that these checks are duplicated on the server side, in order to avoid CWE-602. Attackers can bypass the client-side checks by modifying values after the checks have been performed, or by changing the client to remove the client-side checks entirely. Then, these modified values would be submitted to the server. When processing structured incoming data containing a size field followed by raw data, identify and resolve any inconsistencies between the size field and the actual size of the data (CWE-130). When allocating memory that uses sentinels to mark the end of a data structure - such as NUL bytes in strings - make sure you also include the sentinel in your calculation of the total amount of memory that must be allocated. Replace unbounded copy functions with analogous functions that support length arguments, such as strcpy with strncpy. Create these if they are not available. Use sizeof() on the appropriate data type to avoid CWE-467. Use the appropriate type for the desired action. For example, in C/C++, only use unsigned types for values that could never be negative, such as height, width, or other numbers related to quantity. This will simplify validation and will reduce surprises related to unexpected casting.     Examine compiler warnings closely and eliminate problems with potential security implications, such as signed / unsigned mismatch in memory operations, or use of uninitialized variables. Even if the weakness is rarely exploitable, a single failure may lead to the compromise of the entire system. Run your code using the lowest privileges that are required to accomplish the necessary tasks [REF-76]. If possible, create isolated accounts with limited privileges that are only used for a single task. That way, a successful attack will not immediately give the attacker access to the rest of the software or its environment. For example, database applications rarely need to run as the database administrator, especially in day-to-day operations. ",https://cwe.mitre.org/data/definitions/131.html
337,MITRE CWE,CWE-1310: Missing Ability to Patch ROM Code,Missing an ability to patch ROM code may leave a System or System-on-Chip (SoC) in a vulnerable state.,"Secure patch support to allow ROM code to be patched on the next boot. Support patches that can be programmed in-field or during manufacturing through hardware fuses. This feature can be used for limited patching of devices after shipping, or for the next batch of silicon devices manufactured, without changing the full device ROM.",https://cwe.mitre.org/data/definitions/1310.html
338,MITRE CWE,CWE-1311: Improper Translation of Security Attributes by Fabric Bridge,The bridge incorrectly translates security attributes from either trusted to untrusted or from untrusted to trusted when converting from one fabric protocol to another.,The translation must map signals in such a way that untrusted agents cannot map to trusted agents or vice-versa. Ensure that the translation maps signals in such a way that untrusted agents cannot map to trusted agents or vice-versa.,https://cwe.mitre.org/data/definitions/1311.html
339,MITRE CWE,CWE-1312: Missing Protection for Mirrored Regions in On-Chip Fabric Firewall,"The firewall in an on-chip fabric protects the main addressed region, but it does not protect any mirrored memory or memory-mapped-IO (MMIO) regions.",The fabric firewall should apply the same protections as the original region to the mirrored regions. The fabric firewall should apply the same protections as the original region to the mirrored regions.,https://cwe.mitre.org/data/definitions/1312.html
340,MITRE CWE,CWE-1313: Hardware Allows Activation of Test or Debug Logic at Runtime,"During runtime, the hardware allows for test or debug logic (feature) to be activated, which allows for changing the state of the hardware. This feature can alter the intended behavior of the system and allow for alteration and leakage of sensitive data by an adversary.","Insert restrictions on when the hardware's test or debug features can be activated. For example, during normal operating modes, the hardware's privileged modes that allow access to such features cannot be activated. Configuring the hardware to only enter a test or debug mode within a window of opportunity such as during boot or configuration stage. The result is disablement of such test/debug features and associated modes during normal runtime operations. Insert restrictions on when the hardware's test or debug features can be activated. For example, during normal operating modes, the hardware's privileged modes that allow access to such features cannot be activated. Configuring the hardware to only enter a test or debug mode within a window of opportunity such as during boot or configuration stage. The result is disablement of such test/debug features and associated modes during normal runtime operations. Insert restrictions on when the hardware's test or debug features can be activated. For example, during normal operating modes, the hardware's privileged modes that allow access to such features cannot be activated. Configuring the hardware to only enter a test or debug mode within a window of opportunity such as during boot or configuration stage. The result is disablement of such test/debug features and associated modes during normal runtime operations.",https://cwe.mitre.org/data/definitions/1313.html
341,MITRE CWE,CWE-1314: Missing Write Protection for Parametric Data Values,"The device does not write-protect the parametric data values for sensors that scale the sensor value, allowing untrusted software to manipulate the apparent result and potentially damage hardware or cause operational failure.",Access controls for sensor blocks should ensure that only trusted software is allowed to change threshold limits and sensor parametric data.,https://cwe.mitre.org/data/definitions/1314.html
342,MITRE CWE,CWE-1315: Improper Setting of Bus Controlling Capability in Fabric End-point,The bus controller enables bits in the fabric end-point to allow responder devices to control transactions on the fabric.,"For responder devices, the register bit in the fabric end-point that enables the bus controlling capability must be set to 0 by default. This bit should not be set during secure-boot flows. Also, writes to this register must be access-protected to prevent malicious modifications to obtain bus-controlling capability. For responder devices, the register bit in the fabric end-point that enables the bus controlling capability must be set to 0 by default. This bit should not be set during secure-boot flows. Also, writes to this register must be access-protected to prevent malicious modifications to obtain bus-controlling capability. For responder devices, the register bit in the fabric end-point that enables the bus controlling capability must be set to 0 by default. This bit should not be set during secure-boot flows. Also, writes to this register must be access-protected to prevent malicious modifications to obtain bus-controlling capability.",https://cwe.mitre.org/data/definitions/1315.html
343,MITRE CWE,CWE-1316: Fabric-Address Map Allows Programming of Unwarranted Overlaps of Protected and Unprotected Ranges,"The address map of the on-chip fabric has protected and unprotected regions overlapping, allowing an attacker to bypass access control to the overlapping portion of the protected region.","When architecting the address map of the chip, ensure that protected and unprotected ranges are isolated and do not overlap. When designing, ensure that ranges hardcoded in Register-Transfer Level (RTL) do not overlap. Ranges configured by firmware should not overlap. If overlaps are mandatory because of constraints such as a limited number of registers, then ensure that no assets are present in the overlapped portion. Validate mitigation actions with robust testing.",https://cwe.mitre.org/data/definitions/1316.html
344,MITRE CWE,CWE-1317: Improper Access Control in Fabric Bridge,"The product uses a fabric bridge for transactions between two Intellectual Property (IP) blocks, but the bridge does not properly perform the expected privilege, identity, or other access control checks between those IP blocks.",Ensure that the design includes provisions for access-control checks in the bridge for both upstream and downstream transactions. Implement access-control checks in the bridge for both upstream and downstream transactions.,https://cwe.mitre.org/data/definitions/1317.html
345,MITRE CWE,CWE-1318: Missing Support for Security Features in On-chip Fabrics or Buses,"On-chip fabrics or buses either do not support or are not configured to support privilege separation or other security features, such as access control.","If fabric does not support security features, implement security checks in a bridge or any component that is between the master and the fabric.  Alternatively, connect all fabric slaves that do not have any security assets under one such fabric and connect peripherals with security assets to a different fabric that supports security features.",https://cwe.mitre.org/data/definitions/1318.html
346,MITRE CWE,CWE-1319: Improper Protection against Electromagnetic Fault Injection (EM-FI),"The device is susceptible to electromagnetic fault injection attacks, causing device internal information to be compromised or security mechanisms to be bypassed.",Refer to official CWE documentation for specific mitigations.,https://cwe.mitre.org/data/definitions/1319.html
347,MITRE CWE,CWE-132: DEPRECATED: Miscalculated Null Termination,This entry has been deprecated because it was a duplicate of CWE-170. All content has been transferred to CWE-170.,Refer to official CWE documentation for specific mitigations.,https://cwe.mitre.org/data/definitions/132.html
348,MITRE CWE,CWE-1320: Improper Protection for Outbound Error Messages and Alert Signals,Untrusted agents can disable alerts about signal conditions exceeding limits or the response mechanism that handles such alerts.,Alert signals generated by critical events should be protected from access by untrusted agents. Only hardware or trusted firmware modules should be able to alter the alert configuration.,https://cwe.mitre.org/data/definitions/1320.html
349,MITRE CWE,CWE-1321: Improperly Controlled Modification of Object Prototype Attributes ('Prototype Pollution'),"The product receives input from an upstream component that specifies attributes that are to be initialized or updated in an object, but it does not properly control modifications of attributes of the object prototype.","By freezing the object prototype first (for example, Object.freeze(Object.prototype)), modification of the prototype becomes impossible. By blocking modifications of attributes that resolve to object prototype, such as proto or prototype, this weakness can be mitigated. When handling untrusted objects, validating using a schema can be used. By using an object without prototypes (via Object.create(null) ), adding object prototype attributes by accessing the prototype via the special attributes becomes impossible, mitigating this weakness. Map can be used instead of objects in most cases. If Map methods are used instead of object attributes, it is not possible to access the object prototype or modify it.",https://cwe.mitre.org/data/definitions/1321.html
350,MITRE CWE,"CWE-1322: Use of Blocking Code in Single-threaded, Non-blocking Context","The product uses a non-blocking model that relies on a single threaded process 			for features such as scalability, but it contains code that can block when it is invoked.","Generally speaking, blocking calls should be 					replaced with non-blocking alternatives that can be used asynchronously. 					Expensive computations should be passed off to worker threads, although 					the correct approach depends on the framework being used. For expensive computations, consider breaking them up into 					multiple smaller computations. Refer to the documentation of the 					framework being used for guidance.",https://cwe.mitre.org/data/definitions/1322.html
351,MITRE CWE,CWE-1323: Improper Management of Sensitive Trace Data,Trace data collected from several sources on the                 System-on-Chip (SoC) is stored in unprotected locations or                 transported to untrusted agents.,"Tag traces to indicate owner and debugging privilege level (designer, OEM, or end user) needed to access that trace.",https://cwe.mitre.org/data/definitions/1323.html
352,MITRE CWE,CWE-1324: DEPRECATED: Sensitive Information Accessible by Physical Probing of JTAG Interface,This entry has been deprecated because it was at a lower level of abstraction than supported by CWE. All relevant content has been integrated into CWE-319.,Refer to official CWE documentation for specific mitigations.,https://cwe.mitre.org/data/definitions/1324.html
353,MITRE CWE,CWE-1325: Improperly Controlled Sequential Memory Allocation,"The product manages a group of objects or resources and performs a separate memory allocation for each object, but it does not properly limit the total amount of memory that is consumed by all of the combined objects.","Ensure multiple allocations of the same kind of object are properly tracked - possibly across multiple sessions, requests, or messages. Define an appropriate strategy for handling requests that exceed the limit, and consider supporting a configuration option so that the administrator can extend the amount of memory to be used if necessary. Run the program using system-provided resource limits for memory. This might still cause the program to crash or exit, but the impact to the rest of the system will be minimized.",https://cwe.mitre.org/data/definitions/1325.html
354,MITRE CWE,CWE-1326: Missing Immutable Root of Trust in Hardware,A missing immutable root of trust in the hardware results in the ability to bypass secure boot or execute untrusted or adversarial boot code.,"When architecting the system, the RoT should be designated for storage in a memory that does not allow further programming/writes. During implementation and test, the RoT memory location should be demonstrated to not allow further programming/writes.",https://cwe.mitre.org/data/definitions/1326.html
355,MITRE CWE,CWE-1327: Binding to an Unrestricted IP Address,"The product assigns the address 0.0.0.0 for a database server, a cloud service/instance, or any computing resource that communicates remotely.",Assign IP addresses that are not 0.0.0.0. Unwanted connections to the configured server may be denied through a firewall or other packet filtering measures.,https://cwe.mitre.org/data/definitions/1327.html
356,MITRE CWE,CWE-1328: Security Version Number Mutable to Older Versions,"Security-version number in hardware is mutable, resulting in the ability to downgrade (roll-back) the boot firmware to vulnerable code versions.","When architecting the system, security version data should be designated for storage in registers that are either read-only or have access controls that prevent modification by an untrusted agent. During implementation and test, security version data should be demonstrated to be read-only and access controls should be validated.",https://cwe.mitre.org/data/definitions/1328.html
357,MITRE CWE,CWE-1329: Reliance on Component That is Not Updateable,The product contains a component that cannot be updated or patched in order to remove vulnerabilities or significant bugs.,"Specify requirements that each component should be updateable, including ROM, firmware, etc. Design the product to allow for updating of its components. Include the external infrastructure that might be necessary to support updates, such as distribution servers. With hardware, support patches that can be programmed in-field or during manufacturing through hardware fuses. This feature can be used for limited patching of devices after shipping, or for the next batch of silicon devices manufactured, without changing the full device ROM. Implement the necessary functionality to allow each component to be updated.",https://cwe.mitre.org/data/definitions/1329.html
358,MITRE CWE,CWE-1330: Remanent Data Readable after Memory Erase,Confidential information stored in memory circuits is readable or recoverable after being cleared or erased.,Refer to official CWE documentation for specific mitigations.,https://cwe.mitre.org/data/definitions/1330.html
359,MITRE CWE,CWE-1331: Improper Isolation of Shared Resources in Network On Chip (NoC),"The Network On Chip (NoC) does not isolate or incorrectly isolates its on-chip-fabric and internal resources such that they are shared between trusted and untrusted agents, creating timing channels.",Implement priority-based arbitration inside the NoC and have dedicated buffers or virtual channels for routing secret data from trusted agents.,https://cwe.mitre.org/data/definitions/1331.html
360,MITRE CWE,CWE-1332: Improper Handling of Faults that Lead to Instruction Skips,The device is missing or incorrectly implements circuitry or sensors that detect and mitigate the skipping of security-critical CPU instructions when they occur.,"Design strategies for ensuring safe failure if                         inputs, such as Vcc, are modified out of acceptable                         ranges. Design strategies for ensuring safe behavior if                         instructions attempt to be skipped. Identify mission critical secrets that should                           be wiped if faulting is detected, and design a                           mechanism to do the deletion. Add redundancy by performing an operation                           multiple times, either in space or time, and perform                           majority voting. Additionally, make conditional                           instruction timing unpredictable. Use redundant operations or canaries to                           detect and respond to faults. Ensure that fault mitigations are strong enough                         in practice. For example, a low power detection                         mechanism that takes 50 clock cycles to trigger at lower                         voltages may be an insufficient security mechanism if                         the instruction counter has already progressed with no                         other CPU activity occurring.",https://cwe.mitre.org/data/definitions/1332.html
361,MITRE CWE,CWE-1333: Inefficient Regular Expression Complexity,The product uses a regular expression with a worst-case computational complexity that is inefficient and possibly exponential.,"Use regular expressions that do not support backtracking, e.g. by removing nested quantifiers. Set backtracking limits in the configuration of the regular expression implementation, such as PHP's pcre.backtrack_limit. Also consider limits on execution time for the process. Do not use regular expressions with untrusted input. If regular expressions must be used, avoid using backtracking in the expression. Limit the length of the input that the regular expression will process.",https://cwe.mitre.org/data/definitions/1333.html
362,MITRE CWE,CWE-1334: Unauthorized Error Injection Can Degrade Hardware Redundancy,An unauthorized agent can inject errors into a redundant block to deprive the system of redundancy or put the system in a degraded operating mode.,Ensure the design does not allow error injection in modes intended for normal run-time operation. Provide access controls on interfaces for injecting errors. Disallow error injection in modes which are expected to be used for normal run-time operation. Provide access controls on interfaces for injecting errors. Add an access control layer atop any unprotected interfaces for injecting errors.,https://cwe.mitre.org/data/definitions/1334.html
363,MITRE CWE,CWE-1335: Incorrect Bitwise Shift of Integer,An integer value is specified to be shifted by a negative amount or an amount greater than or equal to the number of bits contained in the value causing an unexpected or indeterminate result.,Implicitly or explicitly add checks and mitigation for negative or over-shift values.,https://cwe.mitre.org/data/definitions/1335.html
364,MITRE CWE,CWE-1336: Improper Neutralization of Special Elements Used in a Template Engine,"The product uses a template engine to insert or process externally-influenced input, but it does not neutralize or incorrectly neutralizes special elements or syntax that can be interpreted as template expressions or other code directives when processed by the engine.","Choose a template engine that offers a sandbox or restricted mode, or at least limits the power of any available expressions, function calls, or commands. Use the template engine's sandbox or restricted mode, if available.",https://cwe.mitre.org/data/definitions/1336.html
365,MITRE CWE,CWE-1338: Improper Protections Against Hardware Overheating,A hardware device is missing or has inadequate protection features to prevent overheating.,Temperature maximum and minimum limits should be enforced using thermal sensors both in silicon and at the platform level. The platform should support cooling solutions such as fans that can be modulated based on device-operation needs to maintain a stable temperature.,https://cwe.mitre.org/data/definitions/1338.html
366,MITRE CWE,CWE-1339: Insufficient Precision or Accuracy of a Real Number,"The product processes a real number with an implementation in which the number's representation does not preserve required accuracy and precision in its fractional part, causing an incorrect result.","The developer or maintainer can move to a more accurate representation of real numbers.  In extreme cases, the programmer can move to representations such as ratios of BigInts which can represent real numbers to extremely fine precision. The programmer can also use the concept of an Unum real. The memory and CPU tradeoffs of this change must be examined. Since floating point reals are used in many products and many locations, they are implemented in hardware and most format changes will cause the calculations to be moved into software resulting in slower products.",https://cwe.mitre.org/data/definitions/1339.html
367,MITRE CWE,CWE-134: Use of Externally-Controlled Format String,"The product uses a function that accepts a format string as an argument, but the format string originates from an external source.","Choose a language that is not subject to this flaw. Ensure that all format string functions are passed a static string which cannot be controlled by the user, and that the proper number of arguments are always sent to that function as well. If at all possible, use functions that do not support the %n operator in format strings. [REF-116] [REF-117] Run compilers and linkers with high warning levels, since they may detect incorrect usage.",https://cwe.mitre.org/data/definitions/134.html
368,MITRE CWE,CWE-1341: Multiple Releases of Same Resource or Handle,"The product attempts to close or release a resource or handle more than once, without any successful open between the close operations.","Change the code's logic so that the resource is only closed once. This might require simplifying or refactoring. This fix can be simple to do in small code blocks, but more difficult when multiple closes are buried within complex conditionals. It can be effective to implement a flag that is (1) set when the resource is opened, (2) cleared when it is closed, and (3) checked before closing. This approach can be useful when there are disparate cases in which closes must be performed. However, flag-tracking can increase code complexity and requires diligent compliance by the programmer. When closing a resource, set the resource's associated variable to NULL or equivalent value for the given language. Some APIs will ignore this null value without causing errors. For other APIs, this can lead to application crashes or exceptions, which may still be preferable to corrupting an unintended resource such as memory or data.",https://cwe.mitre.org/data/definitions/1341.html
369,MITRE CWE,CWE-1342: Information Exposure through Microarchitectural State after Transient Execution,"The processor does not properly clear microarchitectural state after incorrect microcode assists or speculative execution, resulting in transient execution.","Hardware ensures that no illegal data flows from faulting micro-ops exists at the microarchitectural level. Include instructions that explicitly remove traces of unneeded computations from software interactions with microarchitectural elements e.g. lfence, sfence, mfence, clflush.",https://cwe.mitre.org/data/definitions/1342.html
370,MITRE CWE,CWE-135: Incorrect Calculation of Multi-Byte String Length,The product does not correctly calculate the length of strings that can contain wide or multi-byte characters.,"Always verify the length of the string unit character. Use length computing functions (e.g. strlen, wcslen, etc.) appropriately with their equivalent type (e.g.: byte, wchar_t, etc.)",https://cwe.mitre.org/data/definitions/135.html
371,MITRE CWE,CWE-1351: Improper Handling of Hardware Behavior in Exceptionally Cold Environments,"A hardware device, or the firmware running on it, is                 missing or has incorrect protection features to maintain                 goals of security primitives when the device is cooled below                 standard operating temperatures.",The system should account for security primitive behavior when cooled outside standard temperatures.,https://cwe.mitre.org/data/definitions/1351.html
372,MITRE CWE,CWE-1357: Reliance on Insufficiently Trustworthy Component,"The product is built from multiple separate components, but it uses a component that is not sufficiently trusted to meet expectations for security, reliability, updateability, and maintainability.","For each component, ensure that its supply chain is well-controlled with sub-tier suppliers using best practices. For third-party software components such as libraries, ensure that they are developed and actively maintained by reputable vendors. Maintain a Bill of Materials for all components and sub-components of the product. For software, maintain a Software Bill of Materials (SBOM). According to [REF-1247], ""An SBOM is a formal, machine-readable inventory of software components and dependencies, information about those components, and their hierarchical relationships."" Continue to monitor changes in each of the product's components, especially when the changes indicate new vulnerabilities, end-of-life (EOL) plans, supplier practices that affect trustworthiness, etc.",https://cwe.mitre.org/data/definitions/1357.html
373,MITRE CWE,CWE-138: Improper Neutralization of Special Elements,"The product receives input from an upstream component, but it does not neutralize or incorrectly neutralizes special elements that could be interpreted as control elements or syntactic markers when they are sent to a downstream component.","Developers should anticipate that special elements (e.g. delimiters, symbols) will be injected into input vectors of their product. One defense is to create an allowlist (e.g. a regular expression) that defines valid input according to the requirements specifications. Strictly filter any input that does not match against the allowlist. Properly encode your output, and quote any elements that have special meaning to the component with which you are communicating.  Use and specify an appropriate output encoding to ensure that the special elements are well-defined. A normal byte sequence in one encoding could be a special element in another. Inputs should be decoded and canonicalized to the application's current internal representation before being validated (CWE-180). Make sure that the application does not decode the same input twice (CWE-174). Such errors could be used to bypass allowlist validation schemes by introducing dangerous inputs after they have been checked. While it is risky to use dynamically-generated query strings, code, or commands that mix control and data together, sometimes it may be unavoidable. Properly quote arguments and escape any special characters within those arguments. The most conservative approach is to escape or filter all characters that do not pass an extremely strict allowlist (such as everything that is not alphanumeric or white space). If some special characters are still needed, such as white space, wrap each argument in quotes after the escaping/filtering step. Be careful of argument injection (CWE-88).",https://cwe.mitre.org/data/definitions/138.html
374,MITRE CWE,CWE-1384: Improper Handling of Physical or Environmental Conditions,The product does not properly handle unexpected physical or environmental conditions that occur naturally or are artificially induced.,"In requirements, be specific about expectations for how the product will perform when it exceeds physical and environmental boundary conditions, e.g., by shutting down. Where possible, include independent components that can detect excess environmental conditions and have the capability to shut down the product. Where possible, use shielding or other materials that can increase the adversary's workload and reduce the likelihood of being able to successfully trigger a security-related failure.",https://cwe.mitre.org/data/definitions/1384.html
375,MITRE CWE,CWE-1385: Missing Origin Validation in WebSockets,"The product uses a WebSocket, but it does not properly verify that the source of data or communication is valid.","Enable CORS-like access restrictions by verifying the 'Origin' header during the WebSocket handshake. Use a randomized CSRF token to verify requests. Use TLS to securely communicate using 'wss' (WebSocket Secure) instead of 'ws'. Require user authentication prior to the WebSocket connection being established. For example, the WS library in Node has a 'verifyClient' function. Leverage rate limiting to prevent against DoS. Use of the leaky bucket algorithm can help with this. Use a library that provides restriction of the payload size. For example, WS library for Node includes 'maxPayloadoption' that can be set. Treat data/input as untrusted in both directions and apply the same data/input sanitization as XSS, SQLi, etc.",https://cwe.mitre.org/data/definitions/1385.html
376,MITRE CWE,CWE-1386: Insecure Operation on Windows Junction / Mount Point,"The product opens a file or directory, but it does not properly prevent the name from being associated with a junction or mount point to a destination that is outside of the intended control sphere.","When designing software that will have different rights than the executer, the software should check that files that it is interacting with are not improper hard links or mount points.  One way to do this in Windows is to use the functionality embedded in the following command: ""dir /al /s /b"" or, in PowerShell, use LinkType as a filter. In addition, some software uses authentication via signing to ensure that the file is the correct one to use. Make checks atomic with the file action, otherwise a TOCTOU weakness (CWE-367) can be introduced.",https://cwe.mitre.org/data/definitions/1386.html
377,MITRE CWE,CWE-1389: Incorrect Parsing of Numbers with Different Radices,"The product parses numeric input assuming base 10 (decimal) values, but it does not account for inputs that use a different base number (radix).","If only decimal-based values are expected in the application, conditional checks should be created in a way that prevent octal or hexadecimal strings from being checked. This can be achieved by converting any numerical string to an explicit base-10 integer prior to the conditional check, to prevent octal or hex values from ever being checked against the condition. If various numerical bases do need to be supported, check for leading values indicating the non-decimal base you wish to support (such as 0x for hex) and convert the numeric strings to integers of the respective base. Reject any other alternative-base string that is not intentionally supported by the application. If regular expressions are used to validate IP addresses, ensure that they are bounded using ^ and $ to prevent base-prepended IP addresses from being matched.",https://cwe.mitre.org/data/definitions/1389.html
378,MITRE CWE,CWE-1390: Weak Authentication,"The product uses an authentication mechanism to restrict access to specific users or identities, but the mechanism does not sufficiently prove that the claimed identity is correct.",Refer to official CWE documentation for specific mitigations.,https://cwe.mitre.org/data/definitions/1390.html
379,MITRE CWE,CWE-1391: Use of Weak Credentials,"The product uses weak credentials (such as a default key or hard-coded password) that can be calculated, derived, reused, or guessed by an attacker.","When the user changes or sets a password, check 	  the password against a database of already compromised or 	  breached passwords. These passwords are likely to be used in 	  password guessing attacks.",https://cwe.mitre.org/data/definitions/1391.html
380,MITRE CWE,CWE-1392: Use of Default Credentials,The product uses default credentials (such as passwords or cryptographic keys) for potentially critical functionality.,"Prohibit use of default, hard-coded, or other values that do not vary for each installation of the product - especially for separate organizations. Force the administrator to change the credential upon installation. The product administrator could change the defaults upon installation or during operation.",https://cwe.mitre.org/data/definitions/1392.html
381,MITRE CWE,CWE-1393: Use of Default Password,The product uses default passwords for potentially critical functionality.,"Prohibit use of default, hard-coded, or other values that do not vary for each installation of the product - especially for separate organizations. Ensure that product documentation clearly emphasizes the presence of default passwords and provides steps for the administrator to change them. Force the administrator to change the credential upon installation. The product administrator could change the defaults upon installation or during operation.",https://cwe.mitre.org/data/definitions/1393.html
382,MITRE CWE,CWE-1394: Use of Default Cryptographic Key,The product uses a default cryptographic key for potentially critical functionality.,"Prohibit use of default, hard-coded, or other values that do not vary for each installation of the product - especially for separate organizations. Force the administrator to change the credential upon installation. The product administrator could change the defaults upon installation or during operation.",https://cwe.mitre.org/data/definitions/1394.html
383,MITRE CWE,CWE-1395: Dependency on Vulnerable Third-Party Component,The product has a dependency on a third-party component that contains one or more known vulnerabilities.,"In some industries such as healthcare [REF-1320] [REF-1322] or technologies such as the cloud [REF-1321], it might be unclear about who is responsible for applying patches for third-party vulnerabilities: the vendor, the operator/customer, or a separate service. Clarifying roles and responsibilities can be important to minimize confusion or unnecessary delay when third-party vulnerabilities are disclosed. Require a Bill of Materials for all components and sub-components of the product. For software, require a Software Bill of Materials (SBOM) [REF-1247] [REF-1311]. Maintain a Bill of Materials for all components and sub-components of the product. For software, maintain a Software Bill of Materials (SBOM). According to [REF-1247], ""An SBOM is a formal, machine-readable inventory of software components and dependencies, information about those components, and their hierarchical relationships."" Actively monitor when a third-party component vendor announces vulnerability patches; fix the third-party component as soon as possible; and make it easy for operators/customers to obtain and apply the patch. Continuously monitor changes in each of the product's components, especially when the changes indicate new vulnerabilities, end-of-life (EOL) plans, etc.",https://cwe.mitre.org/data/definitions/1395.html
384,MITRE CWE,CWE-14: Compiler Removal of Code to Clear Buffers,"Sensitive memory is cleared according to the source code, but compiler optimizations leave the memory untouched when it is not read from again, aka ""dead store removal.""","Store the sensitive data in a ""volatile"" memory location if available. If possible, configure your compiler so that it does not remove dead stores. Where possible, encrypt sensitive data that are used by a software system.",https://cwe.mitre.org/data/definitions/14.html
385,MITRE CWE,CWE-140: Improper Neutralization of Delimiters,The product does not neutralize or incorrectly neutralizes delimiters.,"Developers should anticipate that delimiters will be injected/removed/manipulated in the input vectors of their product. Use an appropriate combination of denylists and allowlists to ensure only valid, expected and appropriate input is processed by the system.  While it is risky to use dynamically-generated query strings, code, or commands that mix control and data together, sometimes it may be unavoidable. Properly quote arguments and escape any special characters within those arguments. The most conservative approach is to escape or filter all characters that do not pass an extremely strict allowlist (such as everything that is not alphanumeric or white space). If some special characters are still needed, such as white space, wrap each argument in quotes after the escaping/filtering step. Be careful of argument injection (CWE-88). Inputs should be decoded and canonicalized to the application's current internal representation before being validated (CWE-180). Make sure that the application does not decode the same input twice (CWE-174). Such errors could be used to bypass allowlist validation schemes by introducing dangerous inputs after they have been checked.",https://cwe.mitre.org/data/definitions/140.html
386,MITRE CWE,CWE-141: Improper Neutralization of Parameter/Argument Delimiters,"The product receives input from an upstream component, but it does not neutralize or incorrectly neutralizes special elements that could be interpreted as parameter or argument delimiters when they are sent to a downstream component.","Developers should anticipate that parameter/argument delimiters will be injected/removed/manipulated in the input vectors of their product. Use an appropriate combination of denylists and allowlists to ensure only valid, expected and appropriate input is processed by the system.  While it is risky to use dynamically-generated query strings, code, or commands that mix control and data together, sometimes it may be unavoidable. Properly quote arguments and escape any special characters within those arguments. The most conservative approach is to escape or filter all characters that do not pass an extremely strict allowlist (such as everything that is not alphanumeric or white space). If some special characters are still needed, such as white space, wrap each argument in quotes after the escaping/filtering step. Be careful of argument injection (CWE-88). Inputs should be decoded and canonicalized to the application's current internal representation before being validated (CWE-180). Make sure that the application does not decode the same input twice (CWE-174). Such errors could be used to bypass allowlist validation schemes by introducing dangerous inputs after they have been checked.",https://cwe.mitre.org/data/definitions/141.html
387,MITRE CWE,CWE-1419: Incorrect Initialization of Resource,"The product attempts to initialize a resource but does not correctly do so, which might leave the resource in an unexpected, incorrect, or insecure state when it is accessed.","Choose the safest-possible initialization for security-related resources. Ensure that each resource (whether variable, memory buffer, register, etc.) is fully initialized. Pay close attention to complex conditionals or reset sources   that affect initialization, since some paths might not perform the initialization. Ensure that the design and architecture clearly identify what the initialization should be, and that the initialization does not have security implications.",https://cwe.mitre.org/data/definitions/1419.html
388,MITRE CWE,CWE-142: Improper Neutralization of Value Delimiters,"The product receives input from an upstream component, but it does not neutralize or incorrectly neutralizes special elements that could be interpreted as value delimiters when they are sent to a downstream component.","Developers should anticipate that value delimiters will be injected/removed/manipulated in the input vectors of their product. Use an appropriate combination of denylists and allowlists to ensure only valid, expected and appropriate input is processed by the system.  While it is risky to use dynamically-generated query strings, code, or commands that mix control and data together, sometimes it may be unavoidable. Properly quote arguments and escape any special characters within those arguments. The most conservative approach is to escape or filter all characters that do not pass an extremely strict allowlist (such as everything that is not alphanumeric or white space). If some special characters are still needed, such as white space, wrap each argument in quotes after the escaping/filtering step. Be careful of argument injection (CWE-88). Inputs should be decoded and canonicalized to the application's current internal representation before being validated (CWE-180). Make sure that the application does not decode the same input twice (CWE-174). Such errors could be used to bypass allowlist validation schemes by introducing dangerous inputs after they have been checked.",https://cwe.mitre.org/data/definitions/142.html
389,MITRE CWE,CWE-1420: Exposure of Sensitive Information during Transient Execution,"A processor event or prediction may allow incorrect operations (or correct operations with incorrect data) to execute transiently, potentially exposing data over a covert channel.",The hardware designer can attempt to prevent transient execution from causing observable discrepancies in specific covert channels.,https://cwe.mitre.org/data/definitions/1420.html
390,MITRE CWE,CWE-1421: Exposure of Sensitive Information in Shared Microarchitectural Structures during Transient Execution,"A processor event may allow transient operations to access 			architecturally restricted data (for example, in another address 			space) in a shared microarchitectural structure (for example, a CPU 			cache), potentially exposing the data over a covert channel.",Refer to official CWE documentation for specific mitigations.,https://cwe.mitre.org/data/definitions/1421.html
391,MITRE CWE,CWE-1422: Exposure of Sensitive Information caused by Incorrect Data Forwarding during Transient Execution,"A processor event or prediction may allow incorrect or stale data to 		  be forwarded to transient operations, potentially exposing data over a 		  covert channel.",Refer to official CWE documentation for specific mitigations.,https://cwe.mitre.org/data/definitions/1422.html
392,MITRE CWE,CWE-1423: Exposure of Sensitive Information caused by Shared Microarchitectural Predictor State that Influences Transient Execution,"Shared microarchitectural predictor state may allow code to influence 				transient execution across a hardware boundary, potentially exposing 				data that is accessible beyond the boundary over a covert channel.",Refer to official CWE documentation for specific mitigations.,https://cwe.mitre.org/data/definitions/1423.html
393,MITRE CWE,CWE-1426: Improper Validation of Generative AI Output,"The product invokes a generative AI/ML 			component whose behaviors and outputs cannot be directly 			controlled, but the product does not validate or 			insufficiently validates the outputs to ensure that they 			align with the intended security, content, or privacy 			policy.","Since the output from a generative AI component (such as an LLM) cannot be trusted, ensure that it operates in an untrusted or non-privileged space. Use ""semantic comparators,"" which are mechanisms that 					provide semantic comparison to identify objects that might appear 					different but are semantically similar.",https://cwe.mitre.org/data/definitions/1426.html
394,MITRE CWE,CWE-1427: Improper Neutralization of Input Used for LLM Prompting,"The product uses externally-provided data to build prompts provided to large language models (LLMs), but the way these prompts are constructed causes the LLM to fail to distinguish between user-supplied inputs and developer provided system directives.",Refer to official CWE documentation for specific mitigations.,https://cwe.mitre.org/data/definitions/1427.html
395,MITRE CWE,CWE-1428: Reliance on HTTP instead of HTTPS,The product provides or relies on use of HTTP communications when HTTPS is available.,"Explicitly require HTTPS or another mechanism that ensures that communication is encrypted [REF-1464]. Avoid using ""mixed content,"" i.e., serving a web page over HTTPS in which the page includes elements that use ""http:"" URLs [REF-1466] [REF-1467]. This is often done for images or other resources that do not seem to have privacy or security implications. Perform ""HTTPS forcing,"" that is, redirecting HTTP requests to HTTPS. If the product supports multiple protocols, ensure that encrypted protocols (such as HTTPS) are required, and remove any unencrypted protocols (such as HTTP).",https://cwe.mitre.org/data/definitions/1428.html
396,MITRE CWE,CWE-1429: Missing Security-Relevant Feedback for Unexecuted Operations in Hardware Interface,"The product has a hardware interface that silently discards operations 			in situations for which feedback would be security-relevant, such as 			the timely detection of failures or attacks.",Refer to official CWE documentation for specific mitigations.,https://cwe.mitre.org/data/definitions/1429.html
397,MITRE CWE,CWE-143: Improper Neutralization of Record Delimiters,"The product receives input from an upstream component, but it does not neutralize or incorrectly neutralizes special elements that could be interpreted as record delimiters when they are sent to a downstream component.","Developers should anticipate that record delimiters will be injected/removed/manipulated in the input vectors of their product. Use an appropriate combination of denylists and allowlists to ensure only valid, expected and appropriate input is processed by the system.  While it is risky to use dynamically-generated query strings, code, or commands that mix control and data together, sometimes it may be unavoidable. Properly quote arguments and escape any special characters within those arguments. The most conservative approach is to escape or filter all characters that do not pass an extremely strict allowlist (such as everything that is not alphanumeric or white space). If some special characters are still needed, such as white space, wrap each argument in quotes after the escaping/filtering step. Be careful of argument injection (CWE-88). Inputs should be decoded and canonicalized to the application's current internal representation before being validated (CWE-180). Make sure that the application does not decode the same input twice (CWE-174). Such errors could be used to bypass allowlist validation schemes by introducing dangerous inputs after they have been checked.",https://cwe.mitre.org/data/definitions/143.html
398,MITRE CWE,CWE-1431: Driving Intermediate Cryptographic State/Results to Hardware Module Outputs,The product uses a hardware module implementing a cryptographic 		  algorithm that writes sensitive information about the intermediate 		  state or results of its cryptographic operations via one of its output 		  wires (typically the output port containing the final result).,Refer to official CWE documentation for specific mitigations.,https://cwe.mitre.org/data/definitions/1431.html
399,MITRE CWE,CWE-1434: Insecure Setting of Generative AI/ML Model Inference Parameters,The product has a component that relies on a 	  generative AI/ML model configured with inference parameters that 	  produce an unacceptably high rate of erroneous or unexpected 	  outputs.,Develop and adhere to robust parameter tuning 			processes that include extensive testing and 			validation. Implement feedback mechanisms to continuously 			assess and adjust model performance. Provide comprehensive documentation and 			guidelines for parameter settings to ensure consistent and 			accurate model behavior.,https://cwe.mitre.org/data/definitions/1434.html
400,MITRE CWE,CWE-144: Improper Neutralization of Line Delimiters,"The product receives input from an upstream component, but it does not neutralize or incorrectly neutralizes special elements that could be interpreted as line delimiters when they are sent to a downstream component.","Developers should anticipate that line delimiters will be injected/removed/manipulated in the input vectors of their product. Use an appropriate combination of denylists and allowlists to ensure only valid, expected and appropriate input is processed by the system.  While it is risky to use dynamically-generated query strings, code, or commands that mix control and data together, sometimes it may be unavoidable. Properly quote arguments and escape any special characters within those arguments. The most conservative approach is to escape or filter all characters that do not pass an extremely strict allowlist (such as everything that is not alphanumeric or white space). If some special characters are still needed, such as white space, wrap each argument in quotes after the escaping/filtering step. Be careful of argument injection (CWE-88). Inputs should be decoded and canonicalized to the application's current internal representation before being validated (CWE-180). Make sure that the application does not decode the same input twice (CWE-174). Such errors could be used to bypass allowlist validation schemes by introducing dangerous inputs after they have been checked.",https://cwe.mitre.org/data/definitions/144.html
401,MITRE CWE,CWE-145: Improper Neutralization of Section Delimiters,"The product receives input from an upstream component, but it does not neutralize or incorrectly neutralizes special elements that could be interpreted as section delimiters when they are sent to a downstream component.","Developers should anticipate that section delimiters will be injected/removed/manipulated in the input vectors of their product. Use an appropriate combination of denylists and allowlists to ensure only valid, expected and appropriate input is processed by the system.  While it is risky to use dynamically-generated query strings, code, or commands that mix control and data together, sometimes it may be unavoidable. Properly quote arguments and escape any special characters within those arguments. The most conservative approach is to escape or filter all characters that do not pass an extremely strict allowlist (such as everything that is not alphanumeric or white space). If some special characters are still needed, such as white space, wrap each argument in quotes after the escaping/filtering step. Be careful of argument injection (CWE-88). Inputs should be decoded and canonicalized to the application's current internal representation before being validated (CWE-180). Make sure that the application does not decode the same input twice (CWE-174). Such errors could be used to bypass allowlist validation schemes by introducing dangerous inputs after they have been checked.",https://cwe.mitre.org/data/definitions/145.html
402,MITRE CWE,CWE-146: Improper Neutralization of Expression/Command Delimiters,"The product receives input from an upstream component, but it does not neutralize or incorrectly neutralizes special elements that could be interpreted as expression or command delimiters when they are sent to a downstream component.","Developers should anticipate that inter-expression and inter-command delimiters will be injected/removed/manipulated in the input vectors of their product. Use an appropriate combination of denylists and allowlists to ensure only valid, expected and appropriate input is processed by the system.  While it is risky to use dynamically-generated query strings, code, or commands that mix control and data together, sometimes it may be unavoidable. Properly quote arguments and escape any special characters within those arguments. The most conservative approach is to escape or filter all characters that do not pass an extremely strict allowlist (such as everything that is not alphanumeric or white space). If some special characters are still needed, such as white space, wrap each argument in quotes after the escaping/filtering step. Be careful of argument injection (CWE-88). Inputs should be decoded and canonicalized to the application's current internal representation before being validated (CWE-180). Make sure that the application does not decode the same input twice (CWE-174). Such errors could be used to bypass allowlist validation schemes by introducing dangerous inputs after they have been checked.",https://cwe.mitre.org/data/definitions/146.html
403,MITRE CWE,CWE-147: Improper Neutralization of Input Terminators,"The product receives input from an upstream component, but it does not neutralize or incorrectly neutralizes special elements that could be interpreted as input terminators when they are sent to a downstream component.","Developers should anticipate that terminators will be injected/removed/manipulated in the input vectors of their product. Use an appropriate combination of denylists and allowlists to ensure only valid, expected and appropriate input is processed by the system.  While it is risky to use dynamically-generated query strings, code, or commands that mix control and data together, sometimes it may be unavoidable. Properly quote arguments and escape any special characters within those arguments. The most conservative approach is to escape or filter all characters that do not pass an extremely strict allowlist (such as everything that is not alphanumeric or white space). If some special characters are still needed, such as white space, wrap each argument in quotes after the escaping/filtering step. Be careful of argument injection (CWE-88). Inputs should be decoded and canonicalized to the application's current internal representation before being validated (CWE-180). Make sure that the application does not decode the same input twice (CWE-174). Such errors could be used to bypass allowlist validation schemes by introducing dangerous inputs after they have been checked.",https://cwe.mitre.org/data/definitions/147.html
404,MITRE CWE,CWE-148: Improper Neutralization of Input Leaders,"The product does not properly handle when a leading character or sequence (""leader"") is missing or malformed, or if multiple leaders are used when only one should be allowed.","Developers should anticipate that leading characters will be injected/removed/manipulated in the input vectors of their product. Use an appropriate combination of denylists and allowlists to ensure only valid, expected and appropriate input is processed by the system.  While it is risky to use dynamically-generated query strings, code, or commands that mix control and data together, sometimes it may be unavoidable. Properly quote arguments and escape any special characters within those arguments. The most conservative approach is to escape or filter all characters that do not pass an extremely strict allowlist (such as everything that is not alphanumeric or white space). If some special characters are still needed, such as white space, wrap each argument in quotes after the escaping/filtering step. Be careful of argument injection (CWE-88). Inputs should be decoded and canonicalized to the application's current internal representation before being validated (CWE-180). Make sure that the application does not decode the same input twice (CWE-174). Such errors could be used to bypass allowlist validation schemes by introducing dangerous inputs after they have been checked.",https://cwe.mitre.org/data/definitions/148.html
405,MITRE CWE,CWE-149: Improper Neutralization of Quoting Syntax,"Quotes injected into a product can be used to compromise a system. As data are parsed, an injected/absent/duplicate/malformed use of quotes may cause the process to take unexpected actions.","Developers should anticipate that quotes will be injected/removed/manipulated in the input vectors of their product. Use an appropriate combination of denylists and allowlists to ensure only valid, expected and appropriate input is processed by the system.  While it is risky to use dynamically-generated query strings, code, or commands that mix control and data together, sometimes it may be unavoidable. Properly quote arguments and escape any special characters within those arguments. The most conservative approach is to escape or filter all characters that do not pass an extremely strict allowlist (such as everything that is not alphanumeric or white space). If some special characters are still needed, such as white space, wrap each argument in quotes after the escaping/filtering step. Be careful of argument injection (CWE-88). Inputs should be decoded and canonicalized to the application's current internal representation before being validated (CWE-180). Make sure that the application does not decode the same input twice (CWE-174). Such errors could be used to bypass allowlist validation schemes by introducing dangerous inputs after they have been checked.",https://cwe.mitre.org/data/definitions/149.html
406,MITRE CWE,CWE-15: External Control of System or Configuration Setting,One or more system settings or configuration elements can be externally controlled by a user.," Because setting manipulation covers a diverse set of functions, any attempt at illustrating it will inevitably be incomplete. Rather than searching for a tight-knit relationship between the functions addressed in the setting manipulation category, take a step back and consider the sorts of system values that an attacker should not be allowed to control. In general, do not allow user-provided or otherwise untrusted data to control sensitive values. The leverage that an attacker gains by controlling these values is not always immediately obvious, but do not underestimate the creativity of the attacker.",https://cwe.mitre.org/data/definitions/15.html
407,MITRE CWE,"CWE-150: Improper Neutralization of Escape, Meta, or Control Sequences","The product receives input from an upstream component, but it does not neutralize or incorrectly neutralizes special elements that could be interpreted as escape, meta, or control character sequences when they are sent to a downstream component.","Developers should anticipate that escape, meta and control characters/sequences will be injected/removed/manipulated in the input vectors of their product. Use an appropriate combination of denylists and allowlists to ensure only valid, expected and appropriate input is processed by the system.  While it is risky to use dynamically-generated query strings, code, or commands that mix control and data together, sometimes it may be unavoidable. Properly quote arguments and escape any special characters within those arguments. The most conservative approach is to escape or filter all characters that do not pass an extremely strict allowlist (such as everything that is not alphanumeric or white space). If some special characters are still needed, such as white space, wrap each argument in quotes after the escaping/filtering step. Be careful of argument injection (CWE-88). Inputs should be decoded and canonicalized to the application's current internal representation before being validated (CWE-180). Make sure that the application does not decode the same input twice (CWE-174). Such errors could be used to bypass allowlist validation schemes by introducing dangerous inputs after they have been checked. When using output from an LLM, neutralize               or strip escape codes before redirecting output to the               terminal or other rendering engine that would process               the codes. The neutralization could require that the               character be printable and/or allowable whitespace, such               as a carriage return or newline. Be deliberate about               what to allow. When using an LLM: during tokenizer               training, suppress escape codes from the tokenizer's               vocabulary. Depending on context, this could be               accomplished by removing the codes from input to the               tokenizer, or removing the map from the string to its               token ID. It is generally unlikely that this removal               would adversely affect the quality or correctness of               what is generated, e.g. advice requests for terminal               settings to change colors.",https://cwe.mitre.org/data/definitions/150.html
408,MITRE CWE,CWE-151: Improper Neutralization of Comment Delimiters,"The product receives input from an upstream component, but it does not neutralize or incorrectly neutralizes special elements that could be interpreted as comment delimiters when they are sent to a downstream component.","Developers should anticipate that comments will be injected/removed/manipulated in the input vectors of their product. Use an appropriate combination of denylists and allowlists to ensure only valid, expected and appropriate input is processed by the system.  While it is risky to use dynamically-generated query strings, code, or commands that mix control and data together, sometimes it may be unavoidable. Properly quote arguments and escape any special characters within those arguments. The most conservative approach is to escape or filter all characters that do not pass an extremely strict allowlist (such as everything that is not alphanumeric or white space). If some special characters are still needed, such as white space, wrap each argument in quotes after the escaping/filtering step. Be careful of argument injection (CWE-88). Inputs should be decoded and canonicalized to the application's current internal representation before being validated (CWE-180). Make sure that the application does not decode the same input twice (CWE-174). Such errors could be used to bypass allowlist validation schemes by introducing dangerous inputs after they have been checked.",https://cwe.mitre.org/data/definitions/151.html
409,MITRE CWE,CWE-152: Improper Neutralization of Macro Symbols,"The product receives input from an upstream component, but it does not neutralize or incorrectly neutralizes special elements that could be interpreted as macro symbols when they are sent to a downstream component.","Developers should anticipate that macro symbols will be injected/removed/manipulated in the input vectors of their product. Use an appropriate combination of denylists and allowlists to ensure only valid, expected and appropriate input is processed by the system.  Use and specify an output encoding that can be handled by the downstream component that is reading the output. Common encodings include ISO-8859-1, UTF-7, and UTF-8. When an encoding is not specified, a downstream component may choose a different encoding, either by assuming a default encoding or automatically inferring which encoding is being used, which can be erroneous. When the encodings are inconsistent, the downstream component might treat some character or byte sequences as special, even if they are not special in the original encoding. Attackers might then be able to exploit this discrepancy and conduct injection attacks; they even might be able to bypass protection mechanisms that assume the original encoding is also being used by the downstream component. Inputs should be decoded and canonicalized to the application's current internal representation before being validated (CWE-180). Make sure that the application does not decode the same input twice (CWE-174). Such errors could be used to bypass allowlist validation schemes by introducing dangerous inputs after they have been checked.",https://cwe.mitre.org/data/definitions/152.html
410,MITRE CWE,CWE-153: Improper Neutralization of Substitution Characters,"The product receives input from an upstream component, but it does not neutralize or incorrectly neutralizes special elements that could be interpreted as substitution characters when they are sent to a downstream component.","Developers should anticipate that substitution characters will be injected/removed/manipulated in the input vectors of their product. Use an appropriate combination of denylists and allowlists to ensure only valid, expected and appropriate input is processed by the system.  While it is risky to use dynamically-generated query strings, code, or commands that mix control and data together, sometimes it may be unavoidable. Properly quote arguments and escape any special characters within those arguments. The most conservative approach is to escape or filter all characters that do not pass an extremely strict allowlist (such as everything that is not alphanumeric or white space). If some special characters are still needed, such as white space, wrap each argument in quotes after the escaping/filtering step. Be careful of argument injection (CWE-88). Inputs should be decoded and canonicalized to the application's current internal representation before being validated (CWE-180). Make sure that the application does not decode the same input twice (CWE-174). Such errors could be used to bypass allowlist validation schemes by introducing dangerous inputs after they have been checked.",https://cwe.mitre.org/data/definitions/153.html
411,MITRE CWE,CWE-154: Improper Neutralization of Variable Name Delimiters,"The product receives input from an upstream component, but it does not neutralize or incorrectly neutralizes special elements that could be interpreted as variable name delimiters when they are sent to a downstream component.","Developers should anticipate that variable name delimiters will be injected/removed/manipulated in the input vectors of their product. Use an appropriate combination of denylists and allowlists to ensure only valid, expected and appropriate input is processed by the system.  While it is risky to use dynamically-generated query strings, code, or commands that mix control and data together, sometimes it may be unavoidable. Properly quote arguments and escape any special characters within those arguments. The most conservative approach is to escape or filter all characters that do not pass an extremely strict allowlist (such as everything that is not alphanumeric or white space). If some special characters are still needed, such as white space, wrap each argument in quotes after the escaping/filtering step. Be careful of argument injection (CWE-88). Inputs should be decoded and canonicalized to the application's current internal representation before being validated (CWE-180). Make sure that the application does not decode the same input twice (CWE-174). Such errors could be used to bypass allowlist validation schemes by introducing dangerous inputs after they have been checked.",https://cwe.mitre.org/data/definitions/154.html
412,MITRE CWE,CWE-155: Improper Neutralization of Wildcards or Matching Symbols,"The product receives input from an upstream component, but it does not neutralize or incorrectly neutralizes special elements that could be interpreted as wildcards or matching symbols when they are sent to a downstream component.","Developers should anticipate that wildcard or matching elements will be injected/removed/manipulated in the input vectors of their product. Use an appropriate combination of denylists and allowlists to ensure only valid, expected and appropriate input is processed by the system.  While it is risky to use dynamically-generated query strings, code, or commands that mix control and data together, sometimes it may be unavoidable. Properly quote arguments and escape any special characters within those arguments. The most conservative approach is to escape or filter all characters that do not pass an extremely strict allowlist (such as everything that is not alphanumeric or white space). If some special characters are still needed, such as white space, wrap each argument in quotes after the escaping/filtering step. Be careful of argument injection (CWE-88). Inputs should be decoded and canonicalized to the application's current internal representation before being validated (CWE-180). Make sure that the application does not decode the same input twice (CWE-174). Such errors could be used to bypass allowlist validation schemes by introducing dangerous inputs after they have been checked.",https://cwe.mitre.org/data/definitions/155.html
413,MITRE CWE,CWE-156: Improper Neutralization of Whitespace,"The product receives input from an upstream component, but it does not neutralize or incorrectly neutralizes special elements that could be interpreted as whitespace when they are sent to a downstream component.","Developers should anticipate that whitespace will be injected/removed/manipulated in the input vectors of their product. Use an appropriate combination of denylists and allowlists to ensure only valid, expected and appropriate input is processed by the system.  While it is risky to use dynamically-generated query strings, code, or commands that mix control and data together, sometimes it may be unavoidable. Properly quote arguments and escape any special characters within those arguments. The most conservative approach is to escape or filter all characters that do not pass an extremely strict allowlist (such as everything that is not alphanumeric or white space). If some special characters are still needed, such as white space, wrap each argument in quotes after the escaping/filtering step. Be careful of argument injection (CWE-88). Inputs should be decoded and canonicalized to the application's current internal representation before being validated (CWE-180). Make sure that the application does not decode the same input twice (CWE-174). Such errors could be used to bypass allowlist validation schemes by introducing dangerous inputs after they have been checked.",https://cwe.mitre.org/data/definitions/156.html
414,MITRE CWE,CWE-157: Failure to Sanitize Paired Delimiters,"The product does not properly handle the characters that are used to mark the beginning and ending of a group of entities, such as parentheses, brackets, and braces.","Developers should anticipate that grouping elements will be injected/removed/manipulated in the input vectors of their product. Use an appropriate combination of denylists and allowlists to ensure only valid, expected and appropriate input is processed by the system.  While it is risky to use dynamically-generated query strings, code, or commands that mix control and data together, sometimes it may be unavoidable. Properly quote arguments and escape any special characters within those arguments. The most conservative approach is to escape or filter all characters that do not pass an extremely strict allowlist (such as everything that is not alphanumeric or white space). If some special characters are still needed, such as white space, wrap each argument in quotes after the escaping/filtering step. Be careful of argument injection (CWE-88). Inputs should be decoded and canonicalized to the application's current internal representation before being validated (CWE-180). Make sure that the application does not decode the same input twice (CWE-174). Such errors could be used to bypass allowlist validation schemes by introducing dangerous inputs after they have been checked.",https://cwe.mitre.org/data/definitions/157.html
415,MITRE CWE,CWE-158: Improper Neutralization of Null Byte or NUL Character,"The product receives input from an upstream component, but it does not neutralize or incorrectly neutralizes NUL characters or null bytes when they are sent to a downstream component.","Developers should anticipate that null characters or null bytes will be injected/removed/manipulated in the input vectors of their product. Use an appropriate combination of denylists and allowlists to ensure only valid, expected and appropriate input is processed by the system.  Inputs should be decoded and canonicalized to the application's current internal representation before being validated (CWE-180). Make sure that the application does not decode the same input twice (CWE-174). Such errors could be used to bypass allowlist validation schemes by introducing dangerous inputs after they have been checked.",https://cwe.mitre.org/data/definitions/158.html
416,MITRE CWE,CWE-159: Improper Handling of Invalid Use of Special Elements,"The product does not properly filter, remove, quote, or otherwise manage the invalid use of special elements in user-controlled input, which could cause adverse effect on its behavior and integrity.","Developers should anticipate that special elements will be injected/removed/manipulated in the input vectors of their software system. Use an appropriate combination of denylists and allowlists to ensure only valid, expected and appropriate input is processed by the system.  While it is risky to use dynamically-generated query strings, code, or commands that mix control and data together, sometimes it may be unavoidable. Properly quote arguments and escape any special characters within those arguments. The most conservative approach is to escape or filter all characters that do not pass an extremely strict allowlist (such as everything that is not alphanumeric or white space). If some special characters are still needed, such as white space, wrap each argument in quotes after the escaping/filtering step. Be careful of argument injection (CWE-88). Inputs should be decoded and canonicalized to the application's current internal representation before being validated (CWE-180). Make sure that the application does not decode the same input twice (CWE-174). Such errors could be used to bypass allowlist validation schemes by introducing dangerous inputs after they have been checked.",https://cwe.mitre.org/data/definitions/159.html
417,MITRE CWE,CWE-160: Improper Neutralization of Leading Special Elements,"The product receives input from an upstream component, but it does not neutralize or incorrectly neutralizes leading special elements that could be interpreted in unexpected ways when they are sent to a downstream component.","Developers should anticipate that leading special elements will be injected/removed/manipulated in the input vectors of their product. Use an appropriate combination of denylists and allowlists to ensure only valid, expected and appropriate input is processed by the system.  While it is risky to use dynamically-generated query strings, code, or commands that mix control and data together, sometimes it may be unavoidable. Properly quote arguments and escape any special characters within those arguments. The most conservative approach is to escape or filter all characters that do not pass an extremely strict allowlist (such as everything that is not alphanumeric or white space). If some special characters are still needed, such as white space, wrap each argument in quotes after the escaping/filtering step. Be careful of argument injection (CWE-88). Inputs should be decoded and canonicalized to the application's current internal representation before being validated (CWE-180). Make sure that the application does not decode the same input twice (CWE-174). Such errors could be used to bypass allowlist validation schemes by introducing dangerous inputs after they have been checked.",https://cwe.mitre.org/data/definitions/160.html
418,MITRE CWE,CWE-161: Improper Neutralization of Multiple Leading Special Elements,"The product receives input from an upstream component, but it does not neutralize or incorrectly neutralizes multiple leading special elements that could be interpreted in unexpected ways when they are sent to a downstream component.","Developers should anticipate that multiple leading special elements will be injected/removed/manipulated in the input vectors of their product. Use an appropriate combination of denylists and allowlists to ensure only valid, expected and appropriate input is processed by the system.  While it is risky to use dynamically-generated query strings, code, or commands that mix control and data together, sometimes it may be unavoidable. Properly quote arguments and escape any special characters within those arguments. The most conservative approach is to escape or filter all characters that do not pass an extremely strict allowlist (such as everything that is not alphanumeric or white space). If some special characters are still needed, such as white space, wrap each argument in quotes after the escaping/filtering step. Be careful of argument injection (CWE-88). Inputs should be decoded and canonicalized to the application's current internal representation before being validated (CWE-180). Make sure that the application does not decode the same input twice (CWE-174). Such errors could be used to bypass allowlist validation schemes by introducing dangerous inputs after they have been checked.",https://cwe.mitre.org/data/definitions/161.html
419,MITRE CWE,CWE-162: Improper Neutralization of Trailing Special Elements,"The product receives input from an upstream component, but it does not neutralize or incorrectly neutralizes trailing special elements that could be interpreted in unexpected ways when they are sent to a downstream component.","Developers should anticipate that trailing special elements will be injected/removed/manipulated in the input vectors of their product. Use an appropriate combination of denylists and allowlists to ensure only valid, expected and appropriate input is processed by the system.  While it is risky to use dynamically-generated query strings, code, or commands that mix control and data together, sometimes it may be unavoidable. Properly quote arguments and escape any special characters within those arguments. The most conservative approach is to escape or filter all characters that do not pass an extremely strict allowlist (such as everything that is not alphanumeric or white space). If some special characters are still needed, such as white space, wrap each argument in quotes after the escaping/filtering step. Be careful of argument injection (CWE-88). Inputs should be decoded and canonicalized to the application's current internal representation before being validated (CWE-180). Make sure that the application does not decode the same input twice (CWE-174). Such errors could be used to bypass allowlist validation schemes by introducing dangerous inputs after they have been checked.",https://cwe.mitre.org/data/definitions/162.html
420,MITRE CWE,CWE-163: Improper Neutralization of Multiple Trailing Special Elements,"The product receives input from an upstream component, but it does not neutralize or incorrectly neutralizes multiple trailing special elements that could be interpreted in unexpected ways when they are sent to a downstream component.","Developers should anticipate that multiple trailing special elements will be injected/removed/manipulated in the input vectors of their product. Use an appropriate combination of denylists and allowlists to ensure only valid, expected and appropriate input is processed by the system.  While it is risky to use dynamically-generated query strings, code, or commands that mix control and data together, sometimes it may be unavoidable. Properly quote arguments and escape any special characters within those arguments. The most conservative approach is to escape or filter all characters that do not pass an extremely strict allowlist (such as everything that is not alphanumeric or white space). If some special characters are still needed, such as white space, wrap each argument in quotes after the escaping/filtering step. Be careful of argument injection (CWE-88). Inputs should be decoded and canonicalized to the application's current internal representation before being validated (CWE-180). Make sure that the application does not decode the same input twice (CWE-174). Such errors could be used to bypass allowlist validation schemes by introducing dangerous inputs after they have been checked.",https://cwe.mitre.org/data/definitions/163.html
421,MITRE CWE,CWE-164: Improper Neutralization of Internal Special Elements,"The product receives input from an upstream component, but it does not neutralize or incorrectly neutralizes internal special elements that could be interpreted in unexpected ways when they are sent to a downstream component.","Developers should anticipate that internal special elements will be injected/removed/manipulated in the input vectors of their product. Use an appropriate combination of denylists and allowlists to ensure only valid, expected and appropriate input is processed by the system.  While it is risky to use dynamically-generated query strings, code, or commands that mix control and data together, sometimes it may be unavoidable. Properly quote arguments and escape any special characters within those arguments. The most conservative approach is to escape or filter all characters that do not pass an extremely strict allowlist (such as everything that is not alphanumeric or white space). If some special characters are still needed, such as white space, wrap each argument in quotes after the escaping/filtering step. Be careful of argument injection (CWE-88). Inputs should be decoded and canonicalized to the application's current internal representation before being validated (CWE-180). Make sure that the application does not decode the same input twice (CWE-174). Such errors could be used to bypass allowlist validation schemes by introducing dangerous inputs after they have been checked.",https://cwe.mitre.org/data/definitions/164.html
422,MITRE CWE,CWE-165: Improper Neutralization of Multiple Internal Special Elements,"The product receives input from an upstream component, but it does not neutralize or incorrectly neutralizes multiple internal special elements that could be interpreted in unexpected ways when they are sent to a downstream component.","Developers should anticipate that multiple internal special elements will be injected/removed/manipulated in the input vectors of their product. Use an appropriate combination of denylists and allowlists to ensure only valid, expected and appropriate input is processed by the system.  While it is risky to use dynamically-generated query strings, code, or commands that mix control and data together, sometimes it may be unavoidable. Properly quote arguments and escape any special characters within those arguments. The most conservative approach is to escape or filter all characters that do not pass an extremely strict allowlist (such as everything that is not alphanumeric or white space). If some special characters are still needed, such as white space, wrap each argument in quotes after the escaping/filtering step. Be careful of argument injection (CWE-88). Inputs should be decoded and canonicalized to the application's current internal representation before being validated (CWE-180). Make sure that the application does not decode the same input twice (CWE-174). Such errors could be used to bypass allowlist validation schemes by introducing dangerous inputs after they have been checked.",https://cwe.mitre.org/data/definitions/165.html
423,MITRE CWE,CWE-166: Improper Handling of Missing Special Element,"The product receives input from an upstream component, but it does not handle or incorrectly handles when an expected special element is missing.","Developers should anticipate that special elements will be removed in the input vectors of their product. Use an appropriate combination of denylists and allowlists to ensure only valid, expected and appropriate input is processed by the system.  Inputs should be decoded and canonicalized to the application's current internal representation before being validated (CWE-180). Make sure that the application does not decode the same input twice (CWE-174). Such errors could be used to bypass allowlist validation schemes by introducing dangerous inputs after they have been checked.",https://cwe.mitre.org/data/definitions/166.html
424,MITRE CWE,CWE-167: Improper Handling of Additional Special Element,"The product receives input from an upstream component, but it does not handle or incorrectly handles when an additional unexpected special element is provided.","Developers should anticipate that extra special elements will be injected in the input vectors of their product. Use an appropriate combination of denylists and allowlists to ensure only valid, expected and appropriate input is processed by the system.  While it is risky to use dynamically-generated query strings, code, or commands that mix control and data together, sometimes it may be unavoidable. Properly quote arguments and escape any special characters within those arguments. The most conservative approach is to escape or filter all characters that do not pass an extremely strict allowlist (such as everything that is not alphanumeric or white space). If some special characters are still needed, such as white space, wrap each argument in quotes after the escaping/filtering step. Be careful of argument injection (CWE-88). Inputs should be decoded and canonicalized to the application's current internal representation before being validated (CWE-180). Make sure that the application does not decode the same input twice (CWE-174). Such errors could be used to bypass allowlist validation schemes by introducing dangerous inputs after they have been checked.",https://cwe.mitre.org/data/definitions/167.html
425,MITRE CWE,CWE-168: Improper Handling of Inconsistent Special Elements,The product does not properly handle input in which an inconsistency exists between two or more special characters or reserved words.,"Developers should anticipate that inconsistent special elements will be injected/manipulated in the input vectors of their product. Use an appropriate combination of denylists and allowlists to ensure only valid, expected and appropriate input is processed by the system.  Inputs should be decoded and canonicalized to the application's current internal representation before being validated (CWE-180). Make sure that the application does not decode the same input twice (CWE-174). Such errors could be used to bypass allowlist validation schemes by introducing dangerous inputs after they have been checked.",https://cwe.mitre.org/data/definitions/168.html
426,MITRE CWE,CWE-170: Improper Null Termination,The product does not terminate or incorrectly terminates a string or array with a null character or equivalent terminator.,"Use a language that is not susceptible to these issues. However, be careful of null byte interaction errors (CWE-626) with lower-level constructs that may be written in a language that is susceptible. Ensure that all string functions used are understood fully as to how they append null characters. Also, be wary of off-by-one errors when appending nulls to the end of strings. If performance constraints permit, special code can be added that validates null-termination of string buffers, this is a rather naive and error-prone solution. Switch to bounded string manipulation functions. Inspect buffer lengths involved in the buffer overrun trace reported with the defect. Add code that fills buffers with nulls (however, the length of buffers still needs to be inspected, to ensure that the non null-terminated string is not written at the physical end of the buffer).",https://cwe.mitre.org/data/definitions/170.html
427,MITRE CWE,CWE-172: Encoding Error,"The product does not properly encode or decode the data, resulting in unexpected values."," While it is risky to use dynamically-generated query strings, code, or commands that mix control and data together, sometimes it may be unavoidable. Properly quote arguments and escape any special characters within those arguments. The most conservative approach is to escape or filter all characters that do not pass an extremely strict allowlist (such as everything that is not alphanumeric or white space). If some special characters are still needed, such as white space, wrap each argument in quotes after the escaping/filtering step. Be careful of argument injection (CWE-88). Inputs should be decoded and canonicalized to the application's current internal representation before being validated (CWE-180). Make sure that the application does not decode the same input twice (CWE-174). Such errors could be used to bypass allowlist validation schemes by introducing dangerous inputs after they have been checked.",https://cwe.mitre.org/data/definitions/172.html
428,MITRE CWE,CWE-173: Improper Handling of Alternate Encoding,The product does not properly handle when an input uses an alternate encoding that is valid for the control sphere to which the input is being sent.,"Avoid making decisions based on names of resources (e.g. files) if those resources can have alternate names.  Use and specify an output encoding that can be handled by the downstream component that is reading the output. Common encodings include ISO-8859-1, UTF-7, and UTF-8. When an encoding is not specified, a downstream component may choose a different encoding, either by assuming a default encoding or automatically inferring which encoding is being used, which can be erroneous. When the encodings are inconsistent, the downstream component might treat some character or byte sequences as special, even if they are not special in the original encoding. Attackers might then be able to exploit this discrepancy and conduct injection attacks; they even might be able to bypass protection mechanisms that assume the original encoding is also being used by the downstream component. Inputs should be decoded and canonicalized to the application's current internal representation before being validated (CWE-180). Make sure that the application does not decode the same input twice (CWE-174). Such errors could be used to bypass allowlist validation schemes by introducing dangerous inputs after they have been checked.",https://cwe.mitre.org/data/definitions/173.html
429,MITRE CWE,CWE-174: Double Decoding of the Same Data,"The product decodes the same input twice, which can limit the effectiveness of any protection mechanism that occurs in between the decoding operations.","Avoid making decisions based on names of resources (e.g. files) if those resources can have alternate names.  Use and specify an output encoding that can be handled by the downstream component that is reading the output. Common encodings include ISO-8859-1, UTF-7, and UTF-8. When an encoding is not specified, a downstream component may choose a different encoding, either by assuming a default encoding or automatically inferring which encoding is being used, which can be erroneous. When the encodings are inconsistent, the downstream component might treat some character or byte sequences as special, even if they are not special in the original encoding. Attackers might then be able to exploit this discrepancy and conduct injection attacks; they even might be able to bypass protection mechanisms that assume the original encoding is also being used by the downstream component. Inputs should be decoded and canonicalized to the application's current internal representation before being validated (CWE-180). Make sure that the application does not decode the same input twice (CWE-174). Such errors could be used to bypass allowlist validation schemes by introducing dangerous inputs after they have been checked.",https://cwe.mitre.org/data/definitions/174.html
430,MITRE CWE,CWE-175: Improper Handling of Mixed Encoding,The product does not properly handle when the same input uses several different (mixed) encodings.,"Avoid making decisions based on names of resources (e.g. files) if those resources can have alternate names.  Use and specify an output encoding that can be handled by the downstream component that is reading the output. Common encodings include ISO-8859-1, UTF-7, and UTF-8. When an encoding is not specified, a downstream component may choose a different encoding, either by assuming a default encoding or automatically inferring which encoding is being used, which can be erroneous. When the encodings are inconsistent, the downstream component might treat some character or byte sequences as special, even if they are not special in the original encoding. Attackers might then be able to exploit this discrepancy and conduct injection attacks; they even might be able to bypass protection mechanisms that assume the original encoding is also being used by the downstream component. Inputs should be decoded and canonicalized to the application's current internal representation before being validated (CWE-180). Make sure that the application does not decode the same input twice (CWE-174). Such errors could be used to bypass allowlist validation schemes by introducing dangerous inputs after they have been checked.",https://cwe.mitre.org/data/definitions/175.html
431,MITRE CWE,CWE-176: Improper Handling of Unicode Encoding,The product does not properly handle when an input contains Unicode encoding.,Avoid making decisions based on names of resources (e.g. files) if those resources can have alternate names.  Inputs should be decoded and canonicalized to the application's current internal representation before being validated (CWE-180). Make sure that the application does not decode the same input twice (CWE-174). Such errors could be used to bypass allowlist validation schemes by introducing dangerous inputs after they have been checked.,https://cwe.mitre.org/data/definitions/176.html
432,MITRE CWE,CWE-177: Improper Handling of URL Encoding (Hex Encoding),The product does not properly handle when all or part of an input has been URL encoded.,Avoid making decisions based on names of resources (e.g. files) if those resources can have alternate names.  Inputs should be decoded and canonicalized to the application's current internal representation before being validated (CWE-180). Make sure that the application does not decode the same input twice (CWE-174). Such errors could be used to bypass allowlist validation schemes by introducing dangerous inputs after they have been checked.,https://cwe.mitre.org/data/definitions/177.html
433,MITRE CWE,CWE-178: Improper Handling of Case Sensitivity,"The product does not properly account for differences in case sensitivity when accessing or determining the properties of a resource, leading to inconsistent results.",Avoid making decisions based on names of resources (e.g. files) if those resources can have alternate names.  Inputs should be decoded and canonicalized to the application's current internal representation before being validated (CWE-180). Make sure that the application does not decode the same input twice (CWE-174). Such errors could be used to bypass allowlist validation schemes by introducing dangerous inputs after they have been checked.,https://cwe.mitre.org/data/definitions/178.html
434,MITRE CWE,CWE-179: Incorrect Behavior Order: Early Validation,"The product validates input before applying protection mechanisms that modify the input, which could allow an attacker to bypass the validation via dangerous inputs that only arise after the modification.",Inputs should be decoded and canonicalized to the application's current internal representation before being validated (CWE-180). Make sure that the application does not decode the same input twice (CWE-174). Such errors could be used to bypass allowlist validation schemes by introducing dangerous inputs after they have been checked.,https://cwe.mitre.org/data/definitions/179.html
435,MITRE CWE,CWE-180: Incorrect Behavior Order: Validate Before Canonicalize,"The product validates input before it is canonicalized, which prevents the product from detecting data that becomes invalid after the canonicalization step.",Inputs should be decoded and canonicalized to the application's current internal representation before being validated (CWE-180). Make sure that the application does not decode the same input twice (CWE-174). Such errors could be used to bypass allowlist validation schemes by introducing dangerous inputs after they have been checked.,https://cwe.mitre.org/data/definitions/180.html
436,MITRE CWE,CWE-181: Incorrect Behavior Order: Validate Before Filter,"The product validates data before it has been filtered, which prevents the product from detecting data that becomes invalid after the filtering step.",Inputs should be decoded and canonicalized to the application's current internal representation before being filtered.,https://cwe.mitre.org/data/definitions/181.html
437,MITRE CWE,CWE-182: Collapse of Data into Unsafe Value,"The product filters data in a way that causes it to be reduced or ""collapsed"" into an unsafe value that violates an expected security property.",Avoid making decisions based on names of resources (e.g. files) if those resources can have alternate names.  Inputs should be decoded and canonicalized to the application's current internal representation before being validated (CWE-180). Make sure that the application does not decode the same input twice (CWE-174). Such errors could be used to bypass allowlist validation schemes by introducing dangerous inputs after they have been checked. Canonicalize the name to match that of the file system's representation of the name. This can sometimes be achieved with an available API (e.g. in Win32 the GetFullPathName function).,https://cwe.mitre.org/data/definitions/182.html
438,MITRE CWE,CWE-183: Permissive List of Allowed Inputs,"The product implements a protection mechanism that relies on a list of inputs (or properties of inputs) that are explicitly allowed by policy because the inputs are assumed to be safe, but the list is too permissive - that is, it allows an input that is unsafe, leading to resultant weaknesses.",Refer to official CWE documentation for specific mitigations.,https://cwe.mitre.org/data/definitions/183.html
439,MITRE CWE,CWE-184: Incomplete List of Disallowed Inputs,"The product implements a protection mechanism that relies on a list of inputs (or properties of inputs) that are not allowed by policy or otherwise require other action to neutralize before additional processing takes place, but the list is incomplete.","Do not rely exclusively on detecting disallowed inputs.  There are too many variants to encode a character, especially when different environments are used, so there is a high likelihood of missing some variants.  Only use detection of disallowed inputs as a mechanism for detecting suspicious activity. Ensure that you are using other protection mechanisms that only identify ""good"" input - such as lists of allowed inputs - and ensure that you are properly encoding your outputs.",https://cwe.mitre.org/data/definitions/184.html
440,MITRE CWE,CWE-185: Incorrect Regular Expression,The product specifies a regular expression in a way that causes data to be improperly matched or compared.,"Regular expressions can become error prone when defining a complex language even for those experienced in writing grammars. Determine if several smaller regular expressions simplify one large regular expression. Also, subject the regular expression to thorough testing techniques such as equivalence partitioning, boundary value analysis, and robustness. After testing and a reasonable confidence level is achieved, a regular expression may not be foolproof. If an exploit is allowed to slip through, then record the exploit and refactor the regular expression.",https://cwe.mitre.org/data/definitions/185.html
441,MITRE CWE,CWE-186: Overly Restrictive Regular Expression,"A regular expression is overly restrictive, which prevents dangerous values from being detected.","Regular expressions can become error prone when defining a complex language even for those experienced in writing grammars. Determine if several smaller regular expressions simplify one large regular expression. Also, subject your regular expression to thorough testing techniques such as equivalence partitioning, boundary value analysis, and robustness. After testing and a reasonable confidence level is achieved, a regular expression may not be foolproof. If an exploit is allowed to slip through, then record the exploit and refactor your regular expression.",https://cwe.mitre.org/data/definitions/186.html
442,MITRE CWE,CWE-187: Partial String Comparison,"The product performs a comparison that only examines a portion of a factor before determining whether there is a match, such as a substring, leading to resultant weaknesses.",Thoroughly test the comparison scheme before deploying code into production. Perform positive testing as well as negative testing.,https://cwe.mitre.org/data/definitions/187.html
443,MITRE CWE,CWE-188: Reliance on Data/Memory Layout,"The product makes invalid assumptions about how protocol data or memory is organized at a lower level, resulting in unintended program behavior.","In flat address space situations, never allow computing memory addresses as offsets from another memory address. Fully specify protocol layout unambiguously, providing a structured grammar (e.g., a compilable yacc grammar). Testing: Test that the implementation properly handles each case in the protocol grammar.",https://cwe.mitre.org/data/definitions/188.html
444,MITRE CWE,CWE-190: Integer Overflow or Wraparound,"The product performs a calculation that can          produce an integer overflow or wraparound when the logic          assumes that the resulting value will always be larger than          the original value. This occurs when an integer value is          incremented to a value that is too large to store in the          associated representation. When this occurs, the value may          become a very small or negative number.","Ensure that all protocols are strictly defined, such that all out-of-bounds behavior can be identified simply, and require strict conformance to the protocol.     For any security checks that are performed on the client side, ensure that these checks are duplicated on the server side, in order to avoid CWE-602. Attackers can bypass the client-side checks by modifying values after the checks have been performed, or by changing the client to remove the client-side checks entirely. Then, these modified values would be submitted to the server. Examine compiler warnings closely and eliminate problems with potential security implications, such as signed / unsigned mismatch in memory operations, or use of uninitialized variables. Even if the weakness is rarely exploitable, a single failure may lead to the compromise of the entire system.",https://cwe.mitre.org/data/definitions/190.html
445,MITRE CWE,CWE-191: Integer Underflow (Wrap or Wraparound),"The product subtracts one value from another, such that the result is less than the minimum allowable integer value, which produces a value that is not equal to the correct result.",Refer to official CWE documentation for specific mitigations.,https://cwe.mitre.org/data/definitions/191.html
446,MITRE CWE,CWE-192: Integer Coercion Error,"Integer coercion refers to a set of flaws pertaining to the type casting, extension, or truncation of primitive data types.",A language which throws exceptions on ambiguous data casts might be chosen. Design objects and program flow such that multiple or complex casts are unnecessary Ensure that any data type casting that you must used is entirely understood in order to reduce the plausibility of error in use.,https://cwe.mitre.org/data/definitions/192.html
447,MITRE CWE,CWE-193: Off-by-one Error,"A product calculates or uses an incorrect maximum or minimum value that is 1 more, or 1 less, than the correct value.","When copying character arrays or using character manipulation methods, the correct size parameter must be used to account for the null terminator that needs to be added at the end of the array. Some examples of functions susceptible to this weakness in C include strcpy(), strncpy(), strcat(), strncat(), printf(), sprintf(), scanf() and sscanf().",https://cwe.mitre.org/data/definitions/193.html
448,MITRE CWE,CWE-194: Unexpected Sign Extension,"The product performs an operation on a number that causes it to be sign extended when it is transformed into a larger data type. When the original number is negative, this can produce unexpected values that lead to resultant weaknesses.","Avoid using signed variables if you don't need to represent negative values. When negative values are needed, perform validation after you save those values to larger data types, or before passing them to functions that are expecting unsigned values.",https://cwe.mitre.org/data/definitions/194.html
449,MITRE CWE,CWE-195: Signed to Unsigned Conversion Error,"The product uses a signed primitive and performs a cast to an unsigned primitive, which can produce an unexpected value if the value of the signed primitive can not be represented using an unsigned primitive.",Refer to official CWE documentation for specific mitigations.,https://cwe.mitre.org/data/definitions/195.html
450,MITRE CWE,CWE-196: Unsigned to Signed Conversion Error,"The product uses an unsigned primitive and performs a cast to a signed primitive, which can produce an unexpected value if the value of the unsigned primitive can not be represented using a signed primitive.","Choose a language which is not subject to these casting flaws. Design object accessor functions to implicitly check values for valid sizes. Ensure that all functions which will be used as a size are checked previous to use as a size. If the language permits, throw exceptions rather than using in-band errors. Error check the return values of all functions. Be aware of implicit casts made, and use unsigned variables for sizes if at all possible.",https://cwe.mitre.org/data/definitions/196.html
451,MITRE CWE,CWE-197: Numeric Truncation Error,Truncation errors occur when a primitive is cast to a primitive of a smaller size and data is lost in the conversion.,"Ensure that no casts, implicit or explicit, take place that move from a larger size primitive or a smaller size primitive.",https://cwe.mitre.org/data/definitions/197.html
452,MITRE CWE,CWE-198: Use of Incorrect Byte Ordering,"The product receives input from an upstream component, but it does not account for byte ordering (e.g. big-endian and little-endian) when processing the input, causing an incorrect number or value to be used.",Refer to official CWE documentation for specific mitigations.,https://cwe.mitre.org/data/definitions/198.html
453,MITRE CWE,CWE-20: Improper Input Validation,"The product receives input or data, but it does         not validate or incorrectly validates that the input has the         properties that are required to process the data safely and         correctly.","Consider using language-theoretic security (LangSec) techniques that characterize inputs using a formal language and build ""recognizers"" for that language.  This effectively requires parsing to be a distinct layer that effectively enforces a boundary between raw input and internal data representations, instead of allowing parser code to be scattered throughout the program, where it could be subject to errors or inconsistencies that create weaknesses. [REF-1109] [REF-1110] [REF-1111] Use an input validation framework such as Struts or the OWASP ESAPI Validation API. Note that using a framework does not automatically address all input validation problems; be mindful of weaknesses that could arise from misusing the framework itself (CWE-1173). Understand all the potential areas where untrusted inputs can enter the product, including but not limited to: parameters or arguments, cookies, anything read from the network, environment variables, reverse DNS lookups, query results, request headers, URL components, e-mail, files, filenames, databases, and any external systems that provide data to the application. Remember that such inputs may be obtained indirectly through API calls.   When your application combines data from multiple sources, perform the validation after the sources have been combined. The individual data elements may pass the validation step but violate the intended restrictions after they have been combined. Be especially careful to validate all input when invoking code that crosses language boundaries, such as from an interpreted language to native code. This could create an unexpected interaction between the language boundaries. Ensure that you are not violating any of the expectations of the language with which you are interfacing. For example, even though Java may not be susceptible to buffer overflows, providing a large argument in a call to native code might trigger an overflow. Directly convert your input type into the expected data type, such as using a conversion function that translates a string into a number. After converting to the expected data type, ensure that the input's values fall within the expected range of allowable values and that multi-field consistencies are maintained.  When exchanging data between components, ensure that both components are using the same character encoding. Ensure that the proper encoding is applied at each interface. Explicitly set the encoding you are using whenever the protocol allows you to do so.",https://cwe.mitre.org/data/definitions/20.html
454,MITRE CWE,CWE-200: Exposure of Sensitive Information to an Unauthorized Actor,The product exposes sensitive information to an actor that is not explicitly authorized to have access to that information.,Refer to official CWE documentation for specific mitigations.,https://cwe.mitre.org/data/definitions/200.html
455,MITRE CWE,CWE-201: Insertion of Sensitive Information Into Sent Data,"The code transmits data to another actor, but a portion of the data includes sensitive information that should not be accessible to that actor.",Specify which data in the software should be regarded as sensitive. Consider which types of users should have access to which types of data. Ensure that any possibly sensitive data specified in the requirements is verified with designers to ensure that it is either a calculated risk or mitigated elsewhere. Any information that is not necessary to the functionality should be removed in order to lower both the overhead and the possibility of security sensitive data being sent. Setup default error messages so that unexpected errors do not disclose sensitive information. ,https://cwe.mitre.org/data/definitions/201.html
456,MITRE CWE,CWE-202: Exposure of Sensitive Information Through Data Queries,"When trying to keep information confidential, an attacker can often infer some of the information by using statistics.",This is a complex topic. See the [REF-1492] for a good discussion of best practices.,https://cwe.mitre.org/data/definitions/202.html
457,MITRE CWE,CWE-203: Observable Discrepancy,The product behaves differently or sends different responses under different circumstances in a way that is observable to an unauthorized actor., ,https://cwe.mitre.org/data/definitions/203.html
458,MITRE CWE,CWE-204: Observable Response Discrepancy,The product provides different responses to incoming requests in a way that reveals internal state information to an unauthorized actor outside of the intended control sphere., ,https://cwe.mitre.org/data/definitions/204.html
459,MITRE CWE,CWE-205: Observable Behavioral Discrepancy,"The product's behaviors indicate important differences that may be observed by unauthorized actors in a way that reveals (1) its internal state or decision process, or (2) differences from other products with equivalent functionality.",Refer to official CWE documentation for specific mitigations.,https://cwe.mitre.org/data/definitions/205.html
460,MITRE CWE,CWE-206: Observable Internal Behavioral Discrepancy,"The product performs multiple behaviors that are combined to produce a single result, but the individual behaviors are observable separately in a way that allows attackers to reveal internal state or internal decision points.","Setup generic response pages for error conditions. The error page should not disclose information about the success or failure of a sensitive operation. For instance, the login page should not confirm that the login is correct and the password incorrect. The attacker who tries random account name may be able to guess some of them. Confirming that the account exists would make the login page more susceptible to brute force attack.",https://cwe.mitre.org/data/definitions/206.html
461,MITRE CWE,CWE-207: Observable Behavioral Discrepancy With Equivalent Products,"The product operates in an environment in which its existence or specific identity should not be known, but it behaves differently than other products with equivalent functionality, in a way that is observable to an attacker.",Refer to official CWE documentation for specific mitigations.,https://cwe.mitre.org/data/definitions/207.html
462,MITRE CWE,CWE-208: Observable Timing Discrepancy,"Two separate operations in a product require different amounts of time to complete, in a way that is observable to an actor and reveals security-relevant information about the state of the product, such as whether a particular operation was successful or not.",Refer to official CWE documentation for specific mitigations.,https://cwe.mitre.org/data/definitions/208.html
463,MITRE CWE,CWE-209: Generation of Error Message Containing Sensitive Information,"The product generates an error message that includes sensitive information about its environment, users, or associated data."," Handle exceptions internally and do not display errors containing potentially sensitive information to a user. Use naming conventions and strong types to make it easier to spot when sensitive data is being used. When creating structures, objects, or other complex entities, separate the sensitive and non-sensitive data as much as possible. Debugging information should not make its way into a production release. Debugging information should not make its way into a production release. Where available, configure the environment to use less verbose error messages. For example, in PHP, disable the display_errors setting during configuration, or at runtime using the error_reporting() function. Create default error pages or messages that do not leak any information.",https://cwe.mitre.org/data/definitions/209.html
464,MITRE CWE,CWE-210: Self-generated Error Message Containing Sensitive Information,The product identifies an error condition and creates its own diagnostic or error messages that contain sensitive information.,Debugging information should not make its way into a production release. Debugging information should not make its way into a production release.,https://cwe.mitre.org/data/definitions/210.html
465,MITRE CWE,CWE-211: Externally-Generated Error Message Containing Sensitive Information,"The product performs an operation that triggers an external diagnostic or error message that is not directly generated or controlled by the product, such as an error generated by the programming language interpreter that a software application uses. The error can contain sensitive system information.","Configure the application's environment in a way that prevents errors from being generated. For example, in PHP, disable display_errors. Debugging information should not make its way into a production release. Debugging information should not make its way into a production release. Handle exceptions internally and do not display errors containing potentially sensitive information to a user. Create default error pages if necessary. The best way to prevent this weakness during implementation is to avoid any bugs that could trigger the external error message. This typically happens when the program encounters fatal errors, such as a divide-by-zero. You will not always be able to control the use of error pages, and you might not be using a language that handles exceptions.",https://cwe.mitre.org/data/definitions/211.html
466,MITRE CWE,CWE-212: Improper Removal of Sensitive Information Before Storage or Transfer,"The product stores, transfers, or shares a resource that contains sensitive information, but it does not properly remove that information before the product makes the resource available to unauthorized actors.","Clearly specify which information should be regarded as private or sensitive, and require that the product offers functionality that allows the user to cleanse the sensitive information from the resource before it is published or exported to other parties.   Use naming conventions and strong types to make it easier to spot when sensitive data is being used. When creating structures, objects, or other complex entities, separate the sensitive and non-sensitive data as much as possible. Avoid errors related to improper resource shutdown or release (CWE-404), which may leave the sensitive data within the resource if it is in an incomplete state.",https://cwe.mitre.org/data/definitions/212.html
467,MITRE CWE,CWE-213: Exposure of Sensitive Information Due to Incompatible Policies,"The product's intended functionality exposes information to certain actors in accordance with the developer's security policy, but this information is regarded as sensitive according to the intended security policies of other stakeholders such as the product's administrator, users, or others whose information is being processed.",Refer to official CWE documentation for specific mitigations.,https://cwe.mitre.org/data/definitions/213.html
468,MITRE CWE,CWE-214: Invocation of Process Using Visible Sensitive Information,"A process is invoked with sensitive command-line arguments, environment variables, or other elements that can be seen by other processes on the operating system.",Refer to official CWE documentation for specific mitigations.,https://cwe.mitre.org/data/definitions/214.html
469,MITRE CWE,CWE-215: Insertion of Sensitive Information Into Debugging Code,"The product inserts sensitive information into debugging code, which could expose this information if the debugging code is not disabled in production.",Do not leave debug statements that could be executed in the source code. Ensure that all debug information is eradicated before releasing the software. ,https://cwe.mitre.org/data/definitions/215.html
470,MITRE CWE,CWE-216: DEPRECATED: Containment Errors (Container Errors),"This entry has been deprecated, as it was not effective as a weakness and was structured more like a category. In addition, the name is inappropriate, since the ""container"" term is widely understood by developers in different ways than originally intended by PLOVER, the original source for this entry.",Refer to official CWE documentation for specific mitigations.,https://cwe.mitre.org/data/definitions/216.html
471,MITRE CWE,CWE-217: DEPRECATED: Failure to Protect Stored Data from Modification,This entry has been deprecated because it incorporated and confused multiple weaknesses. The issues formerly covered in this entry can be found at CWE-766 and CWE-767.,Refer to official CWE documentation for specific mitigations.,https://cwe.mitre.org/data/definitions/217.html
472,MITRE CWE,CWE-218: DEPRECATED: Failure to provide confidentiality for stored data,This weakness has been deprecated because it was a duplicate of CWE-493. All content has been transferred to CWE-493.,Refer to official CWE documentation for specific mitigations.,https://cwe.mitre.org/data/definitions/218.html
473,MITRE CWE,CWE-219: Storage of File with Sensitive Data Under Web Root,"The product stores sensitive data under the web document root with insufficient access control, which might make it accessible to untrusted parties.",Avoid storing information under the web root directory. Access control permissions should be set to prevent reading/writing of sensitive files inside/outside of the web directory.,https://cwe.mitre.org/data/definitions/219.html
474,MITRE CWE,CWE-22: Improper Limitation of a Pathname to a Restricted Directory ('Path Traversal'),"The product uses external input to construct a pathname that is intended to identify a file or directory that is located underneath a restricted parent directory, but the product does not properly neutralize special elements within the pathname that can cause the pathname to resolve to a location that is outside of the restricted directory."," For any security checks that are performed on the client side, ensure that these checks are duplicated on the server side, in order to avoid CWE-602. Attackers can bypass the client-side checks by modifying values after the checks have been performed, or by changing the client to remove the client-side checks entirely. Then, these modified values would be submitted to the server.  Use a vetted library or framework that does not allow this weakness to occur or provides constructs that make this weakness easier to avoid [REF-1482]. Use an application firewall that can detect attacks against this weakness. It can be beneficial in cases in which the code cannot be fixed (because it is controlled by a third party), as an emergency prevention measure while more comprehensive software assurance measures are applied, or to provide defense in depth [REF-1481]. Run your code using the lowest privileges that are required to accomplish the necessary tasks [REF-76]. If possible, create isolated accounts with limited privileges that are only used for a single task. That way, a successful attack will not immediately give the attacker access to the rest of the software or its environment. For example, database applications rarely need to run as the database administrator, especially in day-to-day operations.     When using PHP, configure the application so that it does not use register_globals. During implementation, develop the application so that it does not rely on this feature, but be wary of implementing a register_globals emulation that is subject to weaknesses such as CWE-95, CWE-621, and similar issues.",https://cwe.mitre.org/data/definitions/22.html
475,MITRE CWE,CWE-220: Storage of File With Sensitive Data Under FTP Root,"The product stores sensitive data under the FTP server root with insufficient access control, which might make it accessible to untrusted parties.",Avoid storing information under the FTP root directory. Access control permissions should be set to prevent reading/writing of sensitive files inside/outside of the FTP directory.,https://cwe.mitre.org/data/definitions/220.html
476,MITRE CWE,CWE-221: Information Loss or Omission,"The product does not record, or improperly records, security-relevant information that leads to an incorrect decision or hampers later analysis.",Refer to official CWE documentation for specific mitigations.,https://cwe.mitre.org/data/definitions/221.html
477,MITRE CWE,CWE-222: Truncation of Security-relevant Information,"The product truncates the display, recording, or processing of security-relevant information in a way that can obscure the source or nature of an attack.",Refer to official CWE documentation for specific mitigations.,https://cwe.mitre.org/data/definitions/222.html
478,MITRE CWE,CWE-223: Omission of Security-relevant Information,"The product does not record or display information that would be important for identifying the source or nature of an attack, or determining if an action is safe.",Refer to official CWE documentation for specific mitigations.,https://cwe.mitre.org/data/definitions/223.html
479,MITRE CWE,CWE-224: Obscured Security-relevant Information by Alternate Name,"The product records security-relevant information according to an alternate name of the affected entity, instead of the canonical name.",Refer to official CWE documentation for specific mitigations.,https://cwe.mitre.org/data/definitions/224.html
480,MITRE CWE,CWE-225: DEPRECATED: General Information Management Problems,This weakness can be found at CWE-199.,Refer to official CWE documentation for specific mitigations.,https://cwe.mitre.org/data/definitions/225.html
481,MITRE CWE,CWE-226: Sensitive Information in Resource Not Removed Before Reuse,"The product releases a resource such as memory or a file so that it can be made available for reuse, but it does not clear or ""zeroize"" the information contained in the resource before the product performs a critical state transition or makes the resource available for reuse by other entities.","During critical state transitions, information not needed in the next state should be removed or overwritten with fixed patterns (such as all 0's) or random data, before the transition to the next state. When releasing, de-allocating, or deleting a resource, overwrite its data and relevant metadata with fixed patterns or random data. Be cautious about complex resource types whose underlying representation might be non-contiguous or change at a low level, such as how a file might be split into different chunks on a file system, even though ""logical"" file positions are contiguous at the application layer. Such resource types might require invocation of special modes or APIs to tell the underlying operating system to perform the necessary clearing, such as SDelete (Secure Delete) on Windows, although the appropriate functionality might not be available at the application layer.",https://cwe.mitre.org/data/definitions/226.html
482,MITRE CWE,CWE-228: Improper Handling of Syntactically Invalid Structure,The product does not handle or incorrectly handles input that is not syntactically well-formed with respect to the associated specification.,Refer to official CWE documentation for specific mitigations.,https://cwe.mitre.org/data/definitions/228.html
483,MITRE CWE,CWE-229: Improper Handling of Values,"The product does not properly handle when the expected number of values for parameters, fields, or arguments is not provided in input, or if those values are undefined.",Refer to official CWE documentation for specific mitigations.,https://cwe.mitre.org/data/definitions/229.html
484,MITRE CWE,CWE-23: Relative Path Traversal,"The product uses external input to construct a pathname that should be within a restricted directory, but it does not properly neutralize sequences such as "".."" that can resolve to a location that is outside of that directory.","  Use an application firewall that can detect attacks against this weakness. It can be beneficial in cases in which the code cannot be fixed (because it is controlled by a third party), as an emergency prevention measure while more comprehensive software assurance measures are applied, or to provide defense in depth [REF-1481].",https://cwe.mitre.org/data/definitions/23.html
485,MITRE CWE,CWE-230: Improper Handling of Missing Values,"The product does not handle or incorrectly handles when a parameter, field, or argument name is specified, but the associated value is missing, i.e. it is empty, blank, or null.",Refer to official CWE documentation for specific mitigations.,https://cwe.mitre.org/data/definitions/230.html
486,MITRE CWE,CWE-231: Improper Handling of Extra Values,The product does not handle or incorrectly handles when more values are provided than expected.,Refer to official CWE documentation for specific mitigations.,https://cwe.mitre.org/data/definitions/231.html
487,MITRE CWE,CWE-232: Improper Handling of Undefined Values,"The product does not handle or incorrectly handles when a value is not defined or supported for the associated parameter, field, or argument name.",Refer to official CWE documentation for specific mitigations.,https://cwe.mitre.org/data/definitions/232.html
488,MITRE CWE,CWE-233: Improper Handling of Parameters,"The product does not properly handle when the expected number of parameters, fields, or arguments is not provided in input, or if those parameters are undefined.",Refer to official CWE documentation for specific mitigations.,https://cwe.mitre.org/data/definitions/233.html
489,MITRE CWE,CWE-234: Failure to Handle Missing Parameter,"If too few arguments are sent to a function, the function will still pop the expected number of arguments from the stack. Potentially, a variable number of arguments could be exhausted in a function as well.",This issue can be simply combated with the use of proper build process. Forward declare all functions. This is the recommended solution. Properly forward declaration of all used functions will result in a compiler error if too few arguments are sent to a function.,https://cwe.mitre.org/data/definitions/234.html
490,MITRE CWE,CWE-235: Improper Handling of Extra Parameters,"The product does not handle or incorrectly handles when the number of parameters, fields, or arguments with the same name exceeds the expected amount.",Refer to official CWE documentation for specific mitigations.,https://cwe.mitre.org/data/definitions/235.html
491,MITRE CWE,CWE-236: Improper Handling of Undefined Parameters,"The product does not handle or incorrectly handles when a particular parameter, field, or argument name is not defined or supported by the product.",Refer to official CWE documentation for specific mitigations.,https://cwe.mitre.org/data/definitions/236.html
492,MITRE CWE,CWE-237: Improper Handling of Structural Elements,The product does not handle or incorrectly handles inputs that are related to complex structures.,Refer to official CWE documentation for specific mitigations.,https://cwe.mitre.org/data/definitions/237.html
493,MITRE CWE,CWE-238: Improper Handling of Incomplete Structural Elements,The product does not handle or incorrectly handles when a particular structural element is not completely specified.,Refer to official CWE documentation for specific mitigations.,https://cwe.mitre.org/data/definitions/238.html
494,MITRE CWE,CWE-239: Failure to Handle Incomplete Element,The product does not properly handle when a particular element is not completely specified.,Refer to official CWE documentation for specific mitigations.,https://cwe.mitre.org/data/definitions/239.html
495,MITRE CWE,CWE-24: Path Traversal: '../filedir',"The product uses external input to construct a pathname that should be within a restricted directory, but it does not properly neutralize ""../"" sequences that can resolve to a location that is outside of that directory.", Inputs should be decoded and canonicalized to the application's current internal representation before being validated (CWE-180). Make sure that the application does not decode the same input twice (CWE-174). Such errors could be used to bypass allowlist validation schemes by introducing dangerous inputs after they have been checked.,https://cwe.mitre.org/data/definitions/24.html
496,MITRE CWE,CWE-240: Improper Handling of Inconsistent Structural Elements,"The product does not handle or incorrectly handles when two or more structural elements should be consistent, but are not.",Refer to official CWE documentation for specific mitigations.,https://cwe.mitre.org/data/definitions/240.html
497,MITRE CWE,CWE-241: Improper Handling of Unexpected Data Type,"The product does not handle or incorrectly handles when a particular element is not the expected type, e.g. it expects a digit (0-9) but is provided with a letter (A-Z).", Inputs should be decoded and canonicalized to the application's current internal representation before being validated (CWE-180). Make sure that the application does not decode the same input twice (CWE-174). Such errors could be used to bypass allowlist validation schemes by introducing dangerous inputs after they have been checked.,https://cwe.mitre.org/data/definitions/241.html
498,MITRE CWE,CWE-242: Use of Inherently Dangerous Function,The product calls a function that can never be guaranteed to work safely.,"Identify a list of prohibited API functions and prohibit developers from using these functions, providing safer alternatives. In some cases, automatic code analysis tools or the compiler can be instructed to spot use of prohibited functions, such as the ""banned.h"" include file from Microsoft's SDL. [REF-554] [REF-1009] [REF-7] Use grep or static analysis tools to spot usage of dangerous functions.",https://cwe.mitre.org/data/definitions/242.html
499,MITRE CWE,CWE-243: Creation of chroot Jail Without Changing Working Directory,"The product uses the chroot() system call to create a jail, but does not change the working directory afterward. This does not prevent access to files outside of the jail.",Refer to official CWE documentation for specific mitigations.,https://cwe.mitre.org/data/definitions/243.html
500,MITRE CWE,CWE-244: Improper Clearing of Heap Memory Before Release ('Heap Inspection'),"Using realloc() to resize buffers that store sensitive information can leave the sensitive information exposed to attack, because it is not removed from memory.",Refer to official CWE documentation for specific mitigations.,https://cwe.mitre.org/data/definitions/244.html
501,MITRE CWE,CWE-245: J2EE Bad Practices: Direct Management of Connections,"The J2EE application directly manages connections, instead of using the container's connection management facilities.",Refer to official CWE documentation for specific mitigations.,https://cwe.mitre.org/data/definitions/245.html
502,MITRE CWE,CWE-246: J2EE Bad Practices: Direct Use of Sockets,The J2EE application directly uses sockets instead of using framework method calls.,Use framework method calls instead of using sockets directly.,https://cwe.mitre.org/data/definitions/246.html
503,MITRE CWE,CWE-247: DEPRECATED: Reliance on DNS Lookups in a Security Decision,This entry has been deprecated because it was a duplicate of CWE-350. All content has been transferred to CWE-350.,Refer to official CWE documentation for specific mitigations.,https://cwe.mitre.org/data/definitions/247.html
504,MITRE CWE,CWE-248: Uncaught Exception,"An exception is thrown from a function, but it is not caught.",Refer to official CWE documentation for specific mitigations.,https://cwe.mitre.org/data/definitions/248.html
505,MITRE CWE,CWE-249: DEPRECATED: Often Misused: Path Manipulation,This entry has been deprecated because of name 	confusion and an accidental combination of multiple 	weaknesses. Most of its content has been transferred to 	CWE-785.,Refer to official CWE documentation for specific mitigations.,https://cwe.mitre.org/data/definitions/249.html
506,MITRE CWE,CWE-25: Path Traversal: '/../filedir',"The product uses external input to construct a pathname that should be within a restricted directory, but it does not properly neutralize ""/../"" sequences that can resolve to a location that is outside of that directory.", Inputs should be decoded and canonicalized to the application's current internal representation before being validated (CWE-180). Make sure that the application does not decode the same input twice (CWE-174). Such errors could be used to bypass allowlist validation schemes by introducing dangerous inputs after they have been checked.,https://cwe.mitre.org/data/definitions/25.html
507,MITRE CWE,CWE-250: Execution with Unnecessary Privileges,"The product performs an operation at a privilege level that is higher than the minimum level required, which creates new weaknesses or amplifies the consequences of other weaknesses.","Run your code using the lowest privileges that are required to accomplish the necessary tasks [REF-76]. If possible, create isolated accounts with limited privileges that are only used for a single task. That way, a successful attack will not immediately give the attacker access to the rest of the software or its environment. For example, database applications rarely need to run as the database administrator, especially in day-to-day operations. Identify the functionality that requires additional privileges, such as access to privileged operating system resources. Wrap and centralize this functionality if possible, and isolate the privileged code as much as possible from other code [REF-76]. Raise privileges as late as possible, and drop them as soon as possible to avoid CWE-271. Avoid weaknesses such as CWE-288 and CWE-420 by protecting all possible communication channels that could interact with the privileged code, such as a secondary socket that is only intended to be accessed by administrators. Identify the functionality that requires additional privileges, such as access to privileged operating system resources. Wrap and centralize this functionality if possible, and isolate the privileged code as much as possible from other code [REF-76]. Raise privileges as late as possible, and drop them as soon as possible to avoid CWE-271. Avoid weaknesses such as CWE-288 and CWE-420 by protecting all possible communication channels that could interact with the privileged code, such as a secondary socket that is only intended to be accessed by administrators. Perform extensive input validation for any privileged code that must be exposed to the user and reject anything that does not fit your strict requirements. When dropping privileges, ensure that they have been dropped successfully to avoid CWE-273. As protection mechanisms in the environment get stronger, privilege-dropping calls may fail even if it seems like they would always succeed. If circumstances force you to run with extra privileges, then determine the minimum access level necessary. First identify the different permissions that the software and its users will need to perform their actions, such as file read and write permissions, network socket permissions, and so forth. Then explicitly allow those actions while denying all else [REF-76]. Perform extensive input validation and canonicalization to minimize the chances of introducing a separate vulnerability. This mitigation is much more prone to error than dropping the privileges in the first place. Ensure that the software runs properly under the United States Government Configuration Baseline (USGCB) [REF-199] or an equivalent hardening configuration guide, which many organizations use to limit the attack surface and potential risk of deployed software.",https://cwe.mitre.org/data/definitions/250.html
508,MITRE CWE,CWE-252: Unchecked Return Value,"The product does not check the return value from a method or function, which can prevent it from detecting unexpected states and conditions.","Check the results of all functions that return a value and verify that the value is expected. For any pointers that could have been modified or provided from a function that can return NULL, check the pointer for NULL before use. When working with a multithreaded or otherwise asynchronous environment, ensure that proper locking APIs are used to lock before the check, and unlock when it has finished [REF-1484]. Ensure that you account for all possible return values from the function. When designing a function, make sure you return a value or throw an exception in case of an error.",https://cwe.mitre.org/data/definitions/252.html
509,MITRE CWE,CWE-253: Incorrect Check of Function Return Value,"The product incorrectly checks a return value from a function, which prevents it from detecting errors or exceptional conditions.",Use a language or compiler that uses exceptions and requires the catching of those exceptions. Properly check all functions which return a value. When designing any function make sure you return a value or throw an exception in case of an error.,https://cwe.mitre.org/data/definitions/253.html
510,MITRE CWE,CWE-256: Plaintext Storage of a Password,The product stores a password in plaintext within resources such as memory or files.,"Avoid storing passwords in easily accessible locations. Consider storing cryptographic hashes of passwords as an alternative to storing in plaintext. A programmer might attempt to remedy the password management problem by obscuring the password with an encoding function, such as base 64 encoding, but this effort does not adequately protect the password because the encoding can be detected and decoded easily.",https://cwe.mitre.org/data/definitions/256.html
511,MITRE CWE,CWE-257: Storing Passwords in a Recoverable Format,"The storage of passwords in a recoverable format makes them subject to password reuse attacks by malicious users. In fact, it should be noted that recoverable encrypted passwords provide no significant benefit over plaintext passwords since they are subject not only to reuse by malicious attackers but also by malicious insiders. If a system administrator can recover a password directly, or use a brute force search on the available information, the administrator can use the password on other accounts.","Use strong, non-reversible encryption to protect stored passwords.",https://cwe.mitre.org/data/definitions/257.html
512,MITRE CWE,CWE-258: Empty Password in Configuration File,Using an empty string as a password is insecure.,"Passwords should be at least eight characters long -- the longer the better. Avoid passwords that are in any way similar to other passwords you have. Avoid using words that may be found in a dictionary, names book, on a map, etc. Consider incorporating numbers and/or punctuation into your password. If you do use common words, consider replacing letters in that word with numbers and punctuation. However, do not use ""similar-looking"" punctuation. For example, it is not a good idea to change cat to c@t, ca+, (@+, or anything similar. Finally, it is never appropriate to use an empty string as a password.",https://cwe.mitre.org/data/definitions/258.html
513,MITRE CWE,CWE-259: Use of Hard-coded Password,"The product contains a hard-coded password, which it uses for its own inbound authentication or for outbound communication to external components.","For outbound authentication: store passwords outside of the code in a strongly-protected, encrypted configuration file or database that is protected from access by all outsiders, including other local users on the same system. Properly protect the key (CWE-320). If you cannot use encryption to protect the file, then make sure that the permissions are as restrictive as possible. For inbound authentication: Rather than hard-code a default username and password for first time logins, utilize a ""first login"" mode that requires the user to enter a unique strong password. Perform access control checks and limit which entities can access the feature that requires the hard-coded password. For example, a feature might only be enabled through the system console instead of through a network connection.  ",https://cwe.mitre.org/data/definitions/259.html
514,MITRE CWE,CWE-26: Path Traversal: '/dir/../filename',"The product uses external input to construct a pathname that should be within a restricted directory, but it does not properly neutralize ""/dir/../filename"" sequences that can resolve to a location that is outside of that directory.", Inputs should be decoded and canonicalized to the application's current internal representation before being validated (CWE-180). Make sure that the application does not decode the same input twice (CWE-174). Such errors could be used to bypass allowlist validation schemes by introducing dangerous inputs after they have been checked.,https://cwe.mitre.org/data/definitions/26.html
515,MITRE CWE,CWE-260: Password in Configuration File,The product stores a password in a configuration file that might be accessible to actors who do not know the password.,Avoid storing passwords in easily accessible locations. Consider storing cryptographic hashes of passwords as an alternative to storing in plaintext.,https://cwe.mitre.org/data/definitions/260.html
516,MITRE CWE,CWE-261: Weak Encoding for Password,Obscuring a password with a trivial encoding does not protect the password.,Passwords should be encrypted with keys that are at least 128 bits in length for adequate security.,https://cwe.mitre.org/data/definitions/261.html
517,MITRE CWE,CWE-262: Not Using Password Aging,The product does not have a mechanism in place for managing password aging.,"As part of a product's design, require users to change their passwords regularly and avoid reusing previous passwords. Developers might disable clipboard paste operations into password fields as a way to discourage users from pasting a password into a clipboard. However, this might encourage users to choose less-secure passwords that are easier to type, and it can reduce the usability of password managers [REF-1294].",https://cwe.mitre.org/data/definitions/262.html
518,MITRE CWE,CWE-263: Password Aging with Long Expiration,"The product supports password aging, but the expiration period is too long.","Previously, ""password expiration"" was 			   widely advocated as a defense-in-depth approach to 			   minimize the risk of weak passwords, and it has become 			   a common practice.  Password expiration requires a 			   password to be changed within a fixed time window (such 			   as every 90 days).  However, this approach has 			   significant limitations in the current threat 			   landscape, and its utility has been reduced in light of 			   the adoption of related protection mechanisms (such as 			   password complexity and computational effort), along 			   with the recognition that regular password changes 			   often caused users to generate more predictable 			   passwords. As a result, this is now a Discouraged 			   Common Practice [REF-1488] [REF-1489], especially as 			   the sole factor in protecting passwords. It is still 			   strongly encouraged to force password changes in case 			   of evidence of compromise, but this is not the same as 			   a forced ""expiration"" on an arbitrary time 			   frame. Ensure that password aging is limited so that there is a defined maximum age for passwords. Note that if the expiration window is too short, it can cause users to generate poor or predictable passwords. Ensure that the user is notified several times leading up to the password expiration. Create mechanisms to prevent users from reusing passwords or creating similar passwords. Developers might disable clipboard paste operations into password fields as a way to discourage users from pasting a password into a clipboard. However, this might encourage users to choose less-secure passwords that are easier to type, and it can reduce the usability of password managers [REF-1294].",https://cwe.mitre.org/data/definitions/263.html
519,MITRE CWE,CWE-266: Incorrect Privilege Assignment,"A product incorrectly assigns a privilege to a particular actor, creating an unintended sphere of control for that actor.","Very carefully manage the setting, management, and handling of privileges. Explicitly manage trust zones in the software. Run your code using the lowest privileges that are required to accomplish the necessary tasks [REF-76]. If possible, create isolated accounts with limited privileges that are only used for a single task. That way, a successful attack will not immediately give the attacker access to the rest of the software or its environment. For example, database applications rarely need to run as the database administrator, especially in day-to-day operations.",https://cwe.mitre.org/data/definitions/266.html
520,MITRE CWE,CWE-267: Privilege Defined With Unsafe Actions,"A particular privilege, role, capability, or right can be used to perform unsafe actions that were not intended, even when it is assigned to the correct entity.","Very carefully manage the setting, management, and handling of privileges. Explicitly manage trust zones in the software. Run your code using the lowest privileges that are required to accomplish the necessary tasks [REF-76]. If possible, create isolated accounts with limited privileges that are only used for a single task. That way, a successful attack will not immediately give the attacker access to the rest of the software or its environment. For example, database applications rarely need to run as the database administrator, especially in day-to-day operations.",https://cwe.mitre.org/data/definitions/267.html
521,MITRE CWE,CWE-268: Privilege Chaining,"Two distinct privileges, roles, capabilities, or rights can be combined in a way that allows an entity to perform unsafe actions that would not be allowed without that combination.","Consider following the principle of separation of privilege. Require multiple conditions to be met before permitting access to a system resource. Very carefully manage the setting, management, and handling of privileges. Explicitly manage trust zones in the software. Run your code using the lowest privileges that are required to accomplish the necessary tasks [REF-76]. If possible, create isolated accounts with limited privileges that are only used for a single task. That way, a successful attack will not immediately give the attacker access to the rest of the software or its environment. For example, database applications rarely need to run as the database administrator, especially in day-to-day operations.",https://cwe.mitre.org/data/definitions/268.html
522,MITRE CWE,CWE-269: Improper Privilege Management,"The product does not properly assign, modify, track, or check privileges for an actor, creating an unintended sphere of control for that actor.","Very carefully manage the setting, management, and handling of privileges. Explicitly manage trust zones in the software. Follow the principle of least privilege when assigning access rights to entities in a software system. Consider following the principle of separation of privilege. Require multiple conditions to be met before permitting access to a system resource.",https://cwe.mitre.org/data/definitions/269.html
523,MITRE CWE,CWE-27: Path Traversal: 'dir/../../filename',"The product uses external input to construct a pathname that should be within a restricted directory, but it does not properly neutralize multiple internal ""../"" sequences that can resolve to a location that is outside of that directory.", Inputs should be decoded and canonicalized to the application's current internal representation before being validated (CWE-180). Make sure that the application does not decode the same input twice (CWE-174). Such errors could be used to bypass allowlist validation schemes by introducing dangerous inputs after they have been checked.,https://cwe.mitre.org/data/definitions/27.html
524,MITRE CWE,CWE-270: Privilege Context Switching Error,The product does not properly manage privileges while it is switching between different contexts that have different privileges or spheres of control.,"Very carefully manage the setting, management, and handling of privileges. Explicitly manage trust zones in the software. Run your code using the lowest privileges that are required to accomplish the necessary tasks [REF-76]. If possible, create isolated accounts with limited privileges that are only used for a single task. That way, a successful attack will not immediately give the attacker access to the rest of the software or its environment. For example, database applications rarely need to run as the database administrator, especially in day-to-day operations. Consider following the principle of separation of privilege. Require multiple conditions to be met before permitting access to a system resource.",https://cwe.mitre.org/data/definitions/270.html
525,MITRE CWE,CWE-271: Privilege Dropping / Lowering Errors,The product does not drop privileges before passing control of a resource to an actor that does not have those privileges.," Very carefully manage the setting, management, and handling of privileges. Explicitly manage trust zones in the software. Consider following the principle of separation of privilege. Require multiple conditions to be met before permitting access to a system resource.",https://cwe.mitre.org/data/definitions/271.html
526,MITRE CWE,CWE-272: Least Privilege Violation,The elevated privilege level required to perform operations such as chroot() should be dropped immediately after the operation is performed.,"Very carefully manage the setting, management, and handling of privileges. Explicitly manage trust zones in the software. Follow the principle of least privilege when assigning access rights to entities in a software system. ",https://cwe.mitre.org/data/definitions/272.html
527,MITRE CWE,CWE-273: Improper Check for Dropped Privileges,The product attempts to drop privileges but does not check or incorrectly checks to see if the drop succeeded.," Check the results of all functions that return a value and verify that the value is expected. In Windows, make sure that the process token has the SeImpersonatePrivilege(Microsoft Server 2003). Code that relies on impersonation for security must ensure that the impersonation succeeded, i.e., that a proper privilege demotion happened.",https://cwe.mitre.org/data/definitions/273.html
528,MITRE CWE,CWE-274: Improper Handling of Insufficient Privileges,"The product does not handle or incorrectly handles when it has insufficient privileges to perform an operation, leading to resultant weaknesses.",Refer to official CWE documentation for specific mitigations.,https://cwe.mitre.org/data/definitions/274.html
529,MITRE CWE,CWE-276: Incorrect Default Permissions,"During installation, installed file permissions are set to allow anyone to modify those files.",The architecture needs to access and modification attributes for files to only those users who actually require those actions. ,https://cwe.mitre.org/data/definitions/276.html
530,MITRE CWE,CWE-277: Insecure Inherited Permissions,A product defines a set of insecure permissions that are inherited by objects that are created by the program.,"Very carefully manage the setting, management, and handling of privileges. Explicitly manage trust zones in the software. ",https://cwe.mitre.org/data/definitions/277.html
531,MITRE CWE,CWE-278: Insecure Preserved Inherited Permissions,"A product inherits a set of insecure permissions for an object, e.g. when copying from an archive file, without user awareness or involvement.","Very carefully manage the setting, management, and handling of privileges. Explicitly manage trust zones in the software. ",https://cwe.mitre.org/data/definitions/278.html
532,MITRE CWE,CWE-279: Incorrect Execution-Assigned Permissions,"While it is executing, the product sets the permissions of an object in a way that violates the intended permissions that have been specified by the user.","Very carefully manage the setting, management, and handling of privileges. Explicitly manage trust zones in the software. ",https://cwe.mitre.org/data/definitions/279.html
533,MITRE CWE,CWE-28: Path Traversal: '..\filedir',"The product uses external input to construct a pathname that should be within a restricted directory, but it does not properly neutralize ""..\"" sequences that can resolve to a location that is outside of that directory.", Inputs should be decoded and canonicalized to the application's current internal representation before being validated (CWE-180). Make sure that the application does not decode the same input twice (CWE-174). Such errors could be used to bypass allowlist validation schemes by introducing dangerous inputs after they have been checked.,https://cwe.mitre.org/data/definitions/28.html
534,MITRE CWE,CWE-280: Improper Handling of Insufficient Permissions or Privileges,The product does not handle or incorrectly handles when it has insufficient privileges to access resources or functionality as specified by their permissions. This may cause it to follow unexpected code paths that may leave the product in an invalid state.," Always check to see if you have successfully accessed a resource or system functionality, and use proper error handling if it is unsuccessful. Do this even when you are operating in a highly privileged mode, because errors or environmental conditions might still cause a failure. For example, environments with highly granular permissions/privilege models, such as Windows or Linux capabilities, can cause unexpected failures.",https://cwe.mitre.org/data/definitions/280.html
535,MITRE CWE,CWE-281: Improper Preservation of Permissions,"The product does not preserve permissions or incorrectly preserves permissions when copying, restoring, or sharing objects, which can cause them to have less restrictive permissions than intended.",Refer to official CWE documentation for specific mitigations.,https://cwe.mitre.org/data/definitions/281.html
536,MITRE CWE,CWE-282: Improper Ownership Management,"The product assigns the wrong ownership, or does not properly verify the ownership, of an object or resource.","Very carefully manage the setting, management, and handling of privileges. Explicitly manage trust zones in the software.",https://cwe.mitre.org/data/definitions/282.html
537,MITRE CWE,CWE-283: Unverified Ownership,The product does not properly verify that a critical resource is owned by the proper entity.,"Very carefully manage the setting, management, and handling of privileges. Explicitly manage trust zones in the software. Consider following the principle of separation of privilege. Require multiple conditions to be met before permitting access to a system resource.",https://cwe.mitre.org/data/definitions/283.html
538,MITRE CWE,CWE-284: Improper Access Control,The product does not restrict or incorrectly restricts access to a resource from an unauthorized actor.,"Very carefully manage the setting, management, and handling of privileges. Explicitly manage trust zones in the software. ",https://cwe.mitre.org/data/definitions/284.html
539,MITRE CWE,CWE-285: Improper Authorization,The product does not perform or incorrectly performs an authorization check when an actor attempts to access a resource or perform an action.," Ensure that you perform access control checks related to your business logic. These checks may be different than the access control checks that you apply to more generic resources such as files, connections, processes, memory, and database records. For example, a database may restrict access for medical records to a specific database user, but each record might only be intended to be accessible to the patient and the patient's doctor.   Use the access control capabilities of your operating system and server environment and define your access control lists accordingly. Use a ""default deny"" policy when defining these ACLs.",https://cwe.mitre.org/data/definitions/285.html
540,MITRE CWE,CWE-286: Incorrect User Management,The product does not properly manage a user within its environment.,Refer to official CWE documentation for specific mitigations.,https://cwe.mitre.org/data/definitions/286.html
541,MITRE CWE,CWE-287: Improper Authentication,"When an actor claims to have a given identity, the product does not prove or insufficiently proves that the claim is correct.",Use an authentication framework or library such as the OWASP ESAPI Authentication feature.,https://cwe.mitre.org/data/definitions/287.html
542,MITRE CWE,CWE-288: Authentication Bypass Using an Alternate Path or Channel,"The product requires authentication, but the product has an alternate path or channel that does not require authentication.","Funnel all access through a single choke point to simplify how users can access a resource. For every access, perform a check to determine if the user has permissions to access the resource.",https://cwe.mitre.org/data/definitions/288.html
543,MITRE CWE,CWE-289: Authentication Bypass by Alternate Name,"The product performs authentication based on the name of a resource being accessed, or the name of the actor performing the access, but it does not properly check all possible names for that resource or actor.",Avoid making decisions based on names of resources (e.g. files) if those resources can have alternate names.  Inputs should be decoded and canonicalized to the application's current internal representation before being validated (CWE-180). Make sure that the application does not decode the same input twice (CWE-174). Such errors could be used to bypass allowlist validation schemes by introducing dangerous inputs after they have been checked.,https://cwe.mitre.org/data/definitions/289.html
544,MITRE CWE,CWE-29: Path Traversal: '\..\filename',"The product uses external input to construct a pathname that should be within a restricted directory, but it does not properly neutralize '\..\filename' (leading backslash dot dot) sequences that can resolve to a location that is outside of that directory.", Inputs should be decoded and canonicalized to the application's current internal representation before being validated (CWE-180). Make sure that the application does not decode the same input twice (CWE-174). Such errors could be used to bypass allowlist validation schemes by introducing dangerous inputs after they have been checked.,https://cwe.mitre.org/data/definitions/29.html
545,MITRE CWE,CWE-290: Authentication Bypass by Spoofing,This attack-focused weakness is caused by incorrectly implemented authentication schemes that are subject to spoofing attacks.,Refer to official CWE documentation for specific mitigations.,https://cwe.mitre.org/data/definitions/290.html
546,MITRE CWE,CWE-291: Reliance on IP Address for Authentication,The product uses an IP address for authentication.,Use other means of identity verification that cannot be simply spoofed. Possibilities include a username/password or certificate.,https://cwe.mitre.org/data/definitions/291.html
547,MITRE CWE,CWE-292: DEPRECATED: Trusting Self-reported DNS Name,This entry has been deprecated because it was a duplicate of CWE-350. All content has been transferred to CWE-350.,Refer to official CWE documentation for specific mitigations.,https://cwe.mitre.org/data/definitions/292.html
548,MITRE CWE,CWE-293: Using Referer Field for Authentication,"The referer field in HTTP requests can be easily modified and, as such, is not a valid means of message integrity checking.","In order to usefully check if a given action is authorized, some means of strong authentication and method protection must be used. Use other means of authorization that cannot be simply spoofed. Possibilities include a username/password or certificate.",https://cwe.mitre.org/data/definitions/293.html
549,MITRE CWE,CWE-294: Authentication Bypass by Capture-replay,A capture-replay flaw exists when the design of the product makes it possible for a malicious user to sniff network traffic and bypass authentication by replaying it to the server in question to the same effect as the original message (or with minor changes).,"Utilize some sequence or time stamping functionality along with a checksum which takes this into account in order to ensure that messages can be parsed only once. Since any attacker who can listen to traffic can see sequence numbers, it is necessary to sign messages with some kind of cryptography to ensure that sequence numbers are not simply doctored along with content.",https://cwe.mitre.org/data/definitions/294.html
550,MITRE CWE,CWE-295: Improper Certificate Validation,"The product does not validate, or incorrectly validates, a certificate.","Certificates should be carefully managed and checked to assure that data are encrypted with the intended owner's public key. If certificate pinning is being used, ensure that all relevant properties of the certificate are fully validated before the certificate is pinned, including the hostname.",https://cwe.mitre.org/data/definitions/295.html
551,MITRE CWE,CWE-296: Improper Following of a Certificate's Chain of Trust,"The product does not follow, or incorrectly follows, the chain of trust for a certificate back to a trusted root certificate.","Ensure that proper certificate checking is included in the system design. Understand, and properly implement all checks necessary to ensure the integrity of certificate trust integrity. If certificate pinning is being used, ensure that all relevant properties of the certificate are fully validated before the certificate is pinned, including the full chain of trust.",https://cwe.mitre.org/data/definitions/296.html
552,MITRE CWE,CWE-297: Improper Validation of Certificate with Host Mismatch,"The product communicates with a host that provides a certificate, but the product does not properly ensure that the certificate is actually associated with that host.","Fully check the hostname of the certificate and provide the user with adequate information about the nature of the problem and how to proceed. If certificate pinning is being used, ensure that all relevant properties of the certificate are fully validated before the certificate is pinned, including the hostname.",https://cwe.mitre.org/data/definitions/297.html
553,MITRE CWE,CWE-298: Improper Validation of Certificate Expiration,A certificate expiration is not validated or is incorrectly validated.,"Check for expired certificates and provide the user with adequate information about the nature of the problem and how to proceed. If certificate pinning is being used, ensure that all relevant properties of the certificate are fully validated before the certificate is pinned, including the expiration.",https://cwe.mitre.org/data/definitions/298.html
554,MITRE CWE,CWE-299: Improper Check for Certificate Revocation,"The product does not check or incorrectly checks the revocation status of a certificate, which may cause it to use a certificate that has been compromised.","Ensure that certificates are checked for revoked status. If certificate pinning is being used, ensure that all relevant properties of the certificate are fully validated before the certificate is pinned, including the revoked status.",https://cwe.mitre.org/data/definitions/299.html
555,MITRE CWE,CWE-30: Path Traversal: '\dir\..\filename',"The product uses external input to construct a pathname that should be within a restricted directory, but it does not properly neutralize '\dir\..\filename' (leading backslash dot dot) sequences that can resolve to a location that is outside of that directory.", Inputs should be decoded and canonicalized to the application's current internal representation before being validated (CWE-180). Make sure that the application does not decode the same input twice (CWE-174). Such errors could be used to bypass allowlist validation schemes by introducing dangerous inputs after they have been checked.,https://cwe.mitre.org/data/definitions/30.html
556,MITRE CWE,CWE-300: Channel Accessible by Non-Endpoint,"The product does not adequately verify the identity of actors at both ends of a communication channel, or does not adequately ensure the integrity of the channel, in a way that allows the channel to be accessed or influenced by an actor that is not an endpoint.","Always fully authenticate both ends of any communications channel. Adhere to the principle of complete mediation. A certificate binds an identity to a cryptographic key to authenticate a communicating party. Often, the certificate takes the encrypted form of the hash of the identity of the subject, the public key, and information such as time of issue or expiration using the issuer's private key. The certificate can be validated by deciphering the certificate with the issuer's public key. See also X.509 certificate signature chains and the PGP certification structure.",https://cwe.mitre.org/data/definitions/300.html
557,MITRE CWE,CWE-301: Reflection Attack in an Authentication Protocol,Simple authentication protocols are subject to reflection attacks if a malicious user can use the target machine to impersonate a trusted user.,Use different keys for the initiator and responder or of a different type of challenge for the initiator and responder. Let the initiator prove its identity before proceeding.,https://cwe.mitre.org/data/definitions/301.html
558,MITRE CWE,CWE-302: Authentication Bypass by Assumed-Immutable Data,"The authentication scheme or implementation uses key data elements that are assumed to be immutable, but can be controlled or modified by the attacker.","Implement proper protection for immutable data (e.g. environment variable, hidden form fields, etc.)",https://cwe.mitre.org/data/definitions/302.html
559,MITRE CWE,CWE-303: Incorrect Implementation of Authentication Algorithm,"The requirements for the product dictate the use of an established authentication algorithm, but the implementation of the algorithm is incorrect.",Refer to official CWE documentation for specific mitigations.,https://cwe.mitre.org/data/definitions/303.html
560,MITRE CWE,CWE-304: Missing Critical Step in Authentication,"The product implements an authentication technique, but it skips a step that weakens the technique.",Refer to official CWE documentation for specific mitigations.,https://cwe.mitre.org/data/definitions/304.html
561,MITRE CWE,CWE-305: Authentication Bypass by Primary Weakness,"The authentication algorithm is sound, but the implemented mechanism can be bypassed as the result of a separate weakness that is primary to the authentication error.",Refer to official CWE documentation for specific mitigations.,https://cwe.mitre.org/data/definitions/305.html
562,MITRE CWE,CWE-306: Missing Authentication for Critical Function,The product does not perform any authentication for functionality that requires a provable user identity or consumes a significant amount of resources.," For any security checks that are performed on the client side, ensure that these checks are duplicated on the server side, in order to avoid CWE-602. Attackers can bypass the client-side checks by modifying values after the checks have been performed, or by changing the client to remove the client-side checks entirely. Then, these modified values would be submitted to the server.   When storing data in the cloud (e.g., S3 buckets, Azure blobs, Google Cloud Storage, etc.), use the provider's controls to require strong authentication for users who should be allowed to access the data [REF-1297] [REF-1298] [REF-1302].",https://cwe.mitre.org/data/definitions/306.html
563,MITRE CWE,CWE-307: Improper Restriction of Excessive Authentication Attempts,The product does not implement sufficient measures to prevent multiple failed authentication attempts within a short time frame., ,https://cwe.mitre.org/data/definitions/307.html
564,MITRE CWE,CWE-308: Use of Single-factor Authentication,"The product uses an authentication algorithm that uses a single factor (e.g., a password) in a security context that should require more than one factor.","Use multiple independent authentication schemes, which ensures that -- if one of the methods is compromised -- the system itself is still likely safe from compromise. For this reason, if multiple schemes are possible, they should be implemented and required -- especially if they are easy to use.",https://cwe.mitre.org/data/definitions/308.html
565,MITRE CWE,CWE-309: Use of Password System for Primary Authentication,"The use of password systems as the primary means of authentication may be subject to several flaws or shortcomings, each reducing the effectiveness of the mechanism."," Use a zero-knowledge password protocol, such as SRP. Ensure that passwords are stored safely and are not reversible. Implement password aging functionality that requires passwords be changed after a certain point. Use a mechanism for determining the strength of a password and notify the user of weak password use. Inform the user of why password protections are in place, how they work to protect data integrity, and why it is important to heed their warnings.",https://cwe.mitre.org/data/definitions/309.html
566,MITRE CWE,CWE-31: Path Traversal: 'dir\..\..\filename',"The product uses external input to construct a pathname that should be within a restricted directory, but it does not properly neutralize 'dir\..\..\filename' (multiple internal backslash dot dot) sequences that can resolve to a location that is outside of that directory.", Inputs should be decoded and canonicalized to the application's current internal representation before being validated (CWE-180). Make sure that the application does not decode the same input twice (CWE-174). Such errors could be used to bypass allowlist validation schemes by introducing dangerous inputs after they have been checked.,https://cwe.mitre.org/data/definitions/31.html
567,MITRE CWE,CWE-311: Missing Encryption of Sensitive Data,The product does not encrypt sensitive or critical information before storage or transmission.,"Clearly specify which data or resources are valuable enough that they should be protected by encryption. Require that any transmission or storage of this data/resource should use well-vetted encryption algorithms.    When using industry-approved techniques, use them correctly. Don't cut corners by skipping resource-intensive steps (CWE-325). These steps are often essential for preventing common attacks. Use naming conventions and strong types to make it easier to spot when sensitive data is being used. When creating structures, objects, or other complex entities, separate the sensitive and non-sensitive data as much as possible.",https://cwe.mitre.org/data/definitions/311.html
568,MITRE CWE,CWE-312: Cleartext Storage of Sensitive Information,The product stores sensitive information in cleartext within a resource that might be accessible to another control sphere.,"When storing data in the cloud (e.g., S3 buckets, Azure blobs, Google Cloud Storage, etc.), use the provider's controls to encrypt the data at rest. [REF-1297] [REF-1299] [REF-1301] In some systems/environments such as cloud, the use of ""double encryption"" (at both the software and hardware layer) might be required, and the developer might be solely responsible for both layers, instead of shared responsibility with the administrator of the broader system/environment.",https://cwe.mitre.org/data/definitions/312.html
569,MITRE CWE,CWE-313: Cleartext Storage in a File or on Disk,"The product stores sensitive information in cleartext in a file, or on disk.",Refer to official CWE documentation for specific mitigations.,https://cwe.mitre.org/data/definitions/313.html
570,MITRE CWE,CWE-314: Cleartext Storage in the Registry,The product stores sensitive information in cleartext in the registry.,Refer to official CWE documentation for specific mitigations.,https://cwe.mitre.org/data/definitions/314.html
571,MITRE CWE,CWE-315: Cleartext Storage of Sensitive Information in a Cookie,The product stores sensitive information in cleartext in a cookie.,Refer to official CWE documentation for specific mitigations.,https://cwe.mitre.org/data/definitions/315.html
572,MITRE CWE,CWE-316: Cleartext Storage of Sensitive Information in Memory,The product stores sensitive information in cleartext in memory.,Refer to official CWE documentation for specific mitigations.,https://cwe.mitre.org/data/definitions/316.html
573,MITRE CWE,CWE-317: Cleartext Storage of Sensitive Information in GUI,The product stores sensitive information in cleartext within the GUI.,Refer to official CWE documentation for specific mitigations.,https://cwe.mitre.org/data/definitions/317.html
574,MITRE CWE,CWE-318: Cleartext Storage of Sensitive Information in Executable,The product stores sensitive information in cleartext in an executable.,Refer to official CWE documentation for specific mitigations.,https://cwe.mitre.org/data/definitions/318.html
575,MITRE CWE,CWE-319: Cleartext Transmission of Sensitive Information,The product transmits sensitive or security-critical data in cleartext in a communication channel that can be sniffed by unauthorized actors.,"Before transmitting, encrypt the data using reliable, confidentiality-protecting cryptographic protocols. When using web applications with SSL, use SSL for the entire session from login to logout, not just for the initial login page. When designing hardware platforms, ensure that approved encryption algorithms (such as those recommended by NIST) protect paths from security critical data to trusted user applications. Use tools and techniques that require manual (human) analysis, such as penetration testing, threat modeling, and interactive tools that allow the tester to record and modify an active session. These may be more effective than strictly automated techniques. This is especially the case with weaknesses that are related to design and business rules. Configure servers to use encrypted channels for communication, which may include SSL or other secure protocols.",https://cwe.mitre.org/data/definitions/319.html
576,MITRE CWE,CWE-32: Path Traversal: '...' (Triple Dot),"The product uses external input to construct a pathname that should be within a restricted directory, but it does not properly neutralize '...' (triple dot) sequences that can resolve to a location that is outside of that directory.", Inputs should be decoded and canonicalized to the application's current internal representation before being validated (CWE-180). Make sure that the application does not decode the same input twice (CWE-174). Such errors could be used to bypass allowlist validation schemes by introducing dangerous inputs after they have been checked.,https://cwe.mitre.org/data/definitions/32.html
577,MITRE CWE,CWE-321: Use of Hard-coded Cryptographic Key,"The product uses a hard-coded, unchangeable cryptographic key.",Prevention schemes mirror that of hard-coded password storage.,https://cwe.mitre.org/data/definitions/321.html
578,MITRE CWE,CWE-322: Key Exchange without Entity Authentication,The product performs a key exchange with an actor without verifying the identity of that actor.,Ensure that proper authentication is included in the system design. Understand and properly implement all checks necessary to ensure the identity of entities involved in encrypted communications.,https://cwe.mitre.org/data/definitions/322.html
579,MITRE CWE,"CWE-323: Reusing a Nonce, Key Pair in Encryption",Nonces should be used for the present occasion and only once.,"Refuse to reuse nonce values. Use techniques such as requiring incrementing, time based and/or challenge response to assure uniqueness of nonces.",https://cwe.mitre.org/data/definitions/323.html
580,MITRE CWE,CWE-324: Use of a Key Past its Expiration Date,"The product uses a cryptographic key or password past its expiration date, which diminishes its safety significantly by increasing the timing window for cracking attacks against that key.","Adequate consideration should be put in to the user interface in order to notify users previous to the key's expiration, to explain the importance of new key generation and to walk users through the process as painlessly as possible.",https://cwe.mitre.org/data/definitions/324.html
581,MITRE CWE,CWE-325: Missing Cryptographic Step,"The product does not implement a required step in a cryptographic algorithm, resulting in weaker encryption than advertised by the algorithm.",Refer to official CWE documentation for specific mitigations.,https://cwe.mitre.org/data/definitions/325.html
582,MITRE CWE,CWE-326: Inadequate Encryption Strength,"The product stores or transmits sensitive data using an encryption scheme that is theoretically sound, but is not strong enough for the level of protection required.",Use an encryption scheme that is currently considered to be strong by experts in the field.,https://cwe.mitre.org/data/definitions/326.html
583,MITRE CWE,CWE-327: Use of a Broken or Risky Cryptographic Algorithm,The product uses a broken or risky cryptographic algorithm or protocol.," Ensure that the design allows one cryptographic algorithm to be replaced with another in the next generation or version. Where possible, use wrappers to make the interfaces uniform. This will make it easier to upgrade to stronger algorithms. With hardware, design the product at the Intellectual Property (IP) level so that one cryptographic algorithm can be replaced with another in the next generation of the hardware product. Carefully manage and protect cryptographic keys (see CWE-320). If the keys can be guessed or stolen, then the strength of the cryptography itself is irrelevant.  When using industry-approved techniques, use them correctly. Don't cut corners by skipping resource-intensive steps (CWE-325). These steps are often essential for preventing common attacks.",https://cwe.mitre.org/data/definitions/327.html
584,MITRE CWE,CWE-328: Use of Weak Hash,"The product uses an algorithm that produces a digest (output value) that does not meet security expectations for a hash function that allows an adversary to reasonably determine the original input (preimage attack), find another input that can produce the same hash (2nd preimage attack), or find multiple inputs that evaluate to the same hash (birthday attack).",Refer to official CWE documentation for specific mitigations.,https://cwe.mitre.org/data/definitions/328.html
585,MITRE CWE,CWE-329: Generation of Predictable IV with CBC Mode,"The product generates and uses a predictable initialization Vector (IV) with Cipher Block Chaining (CBC) Mode, which causes algorithms to be susceptible to dictionary attacks when they are encrypted under the same key.","NIST recommends two methods of generating unpredictable IVs for CBC mode [REF-1172]. The first is to generate the IV randomly. The second method is to encrypt a nonce with the same key and cipher to be used to encrypt the plaintext. In this case the nonce must be unique but can be predictable, since the block cipher will act as a pseudo random permutation.",https://cwe.mitre.org/data/definitions/329.html
586,MITRE CWE,CWE-33: Path Traversal: '....' (Multiple Dot),"The product uses external input to construct a pathname that should be within a restricted directory, but it does not properly neutralize '....' (multiple dot) sequences that can resolve to a location that is outside of that directory.", Inputs should be decoded and canonicalized to the application's current internal representation before being validated (CWE-180). Make sure that the application does not decode the same input twice (CWE-174). Such errors could be used to bypass allowlist validation schemes by introducing dangerous inputs after they have been checked.,https://cwe.mitre.org/data/definitions/33.html
587,MITRE CWE,CWE-330: Use of Insufficiently Random Values,The product uses insufficiently random numbers or values in a security context that depends on unpredictable numbers.," Consider a PRNG that re-seeds itself as needed from high quality pseudo-random output sources, such as hardware devices. Use products or modules that conform to FIPS 140-2 [REF-267] to avoid obvious entropy problems. Consult FIPS 140-2 Annex C (""Approved Random Number Generators"").",https://cwe.mitre.org/data/definitions/330.html
588,MITRE CWE,CWE-331: Insufficient Entropy,"The product uses an algorithm or scheme that produces insufficient entropy, leaving patterns or clusters of values that are more likely to occur than others.",Determine the necessary entropy to adequately provide for randomness and predictability. This can be achieved by increasing the number of bits of objects such as keys and seeds.,https://cwe.mitre.org/data/definitions/331.html
589,MITRE CWE,CWE-332: Insufficient Entropy in PRNG,"The lack of entropy available for, or used by, a Pseudo-Random Number Generator (PRNG) can be a stability and security threat.","Use products or modules that conform to FIPS 140-2 [REF-267] to avoid obvious entropy problems. Consult FIPS 140-2 Annex C (""Approved Random Number Generators""). Consider a PRNG that re-seeds itself as needed from high-quality pseudo-random output, such as hardware devices. When deciding which PRNG to use, look at its sources of entropy. Depending on what your security needs are, you may need to use a random number generator that always uses strong random data -- i.e., a random number generator that attempts to be strong but will fail in a weak way or will always provide some middle ground of protection through techniques like re-seeding. Generally, something that always provides a predictable amount of strength is preferable.",https://cwe.mitre.org/data/definitions/332.html
590,MITRE CWE,CWE-333: Improper Handling of Insufficient Entropy in TRNG,True random number generators (TRNG) generally have a limited source of entropy and therefore can fail or block.,"Rather than failing on a lack of random numbers, it is often preferable to wait for more numbers to be created.",https://cwe.mitre.org/data/definitions/333.html
591,MITRE CWE,CWE-334: Small Space of Random Values,"The number of possible random values is smaller than needed by the product, making it more susceptible to brute force attacks.","Use products or modules that conform to FIPS 140-2 [REF-267] to avoid obvious entropy problems. Consult FIPS 140-2 Annex C (""Approved Random Number Generators"").",https://cwe.mitre.org/data/definitions/334.html
592,MITRE CWE,CWE-335: Incorrect Usage of Seeds in Pseudo-Random Number Generator (PRNG),The product uses a Pseudo-Random Number Generator (PRNG) but does not correctly manage seeds.,Refer to official CWE documentation for specific mitigations.,https://cwe.mitre.org/data/definitions/335.html
593,MITRE CWE,CWE-336: Same Seed in Pseudo-Random Number Generator (PRNG),A Pseudo-Random Number Generator (PRNG) uses the same seed each time the product is initialized.,"Do not reuse PRNG seeds. Consider a PRNG that periodically re-seeds itself as needed from a high quality pseudo-random output, such as hardware devices. Use products or modules that conform to FIPS 140-2 [REF-267] to avoid obvious entropy problems, or use the more recent FIPS 140-3 [REF-1192] if possible.",https://cwe.mitre.org/data/definitions/336.html
594,MITRE CWE,CWE-337: Predictable Seed in Pseudo-Random Number Generator (PRNG),"A Pseudo-Random Number Generator (PRNG) is initialized from a predictable seed, such as the process ID or system time.","Use non-predictable inputs for seed generation. Use products or modules that conform to FIPS 140-2 [REF-267] to avoid obvious entropy problems, or use the more recent FIPS 140-3 [REF-1192] if possible. Use a PRNG that periodically re-seeds itself using input from high-quality sources, such as hardware devices with high entropy. However, do not re-seed too frequently, or else the entropy source might block.",https://cwe.mitre.org/data/definitions/337.html
595,MITRE CWE,CWE-338: Use of Cryptographically Weak Pseudo-Random Number Generator (PRNG),"The product uses a Pseudo-Random Number Generator (PRNG) in a security context, but the PRNG's algorithm is not cryptographically strong.","Use functions or hardware which use a hardware-based random number generation for all crypto. This is the recommended solution. Use CyptGenRandom on Windows, or hw_rand() on Linux.",https://cwe.mitre.org/data/definitions/338.html
596,MITRE CWE,CWE-339: Small Seed Space in PRNG,"A Pseudo-Random Number Generator (PRNG) uses a relatively small seed space, which makes it more susceptible to brute force attacks.","Use well vetted pseudo-random number generating algorithms with adequate length seeds. Pseudo-random number generators can produce predictable numbers if the generator is known and the seed can be guessed. A 256-bit seed is a good starting point for producing a ""random enough"" number. Use products or modules that conform to FIPS 140-2 [REF-267] to avoid obvious entropy problems, or use the more recent FIPS 140-3 [REF-1192] if possible.",https://cwe.mitre.org/data/definitions/339.html
597,MITRE CWE,CWE-34: Path Traversal: '....//',"The product uses external input to construct a pathname that should be within a restricted directory, but it does not properly neutralize '....//' (doubled dot dot slash) sequences that can resolve to a location that is outside of that directory.", Inputs should be decoded and canonicalized to the application's current internal representation before being validated (CWE-180). Make sure that the application does not decode the same input twice (CWE-174). Such errors could be used to bypass allowlist validation schemes by introducing dangerous inputs after they have been checked.,https://cwe.mitre.org/data/definitions/34.html
598,MITRE CWE,CWE-340: Generation of Predictable Numbers or Identifiers,The product uses a scheme that generates numbers or identifiers that are more predictable than required.,Refer to official CWE documentation for specific mitigations.,https://cwe.mitre.org/data/definitions/340.html
599,MITRE CWE,CWE-341: Predictable from Observable State,"A number or object is predictable based on observations that the attacker can make about the state of the system or network, such as time, process ID, etc.","Increase the entropy used to seed a PRNG. Use products or modules that conform to FIPS 140-2 [REF-267] to avoid obvious entropy problems. Consult FIPS 140-2 Annex C (""Approved Random Number Generators""). Use a PRNG that periodically re-seeds itself using input from high-quality sources, such as hardware devices with high entropy. However, do not re-seed too frequently, or else the entropy source might block.",https://cwe.mitre.org/data/definitions/341.html
600,MITRE CWE,CWE-342: Predictable Exact Value from Previous Values,An exact value or random number can be precisely predicted by observing previous values.,"Increase the entropy used to seed a PRNG. Use products or modules that conform to FIPS 140-2 [REF-267] to avoid obvious entropy problems. Consult FIPS 140-2 Annex C (""Approved Random Number Generators""). Use a PRNG that periodically re-seeds itself using input from high-quality sources, such as hardware devices with high entropy. However, do not re-seed too frequently, or else the entropy source might block.",https://cwe.mitre.org/data/definitions/342.html
601,MITRE CWE,CWE-343: Predictable Value Range from Previous Values,"The product's random number generator produces a series of values which, when observed, can be used to infer a relatively small range of possibilities for the next value that could be generated.","Increase the entropy used to seed a PRNG. Use products or modules that conform to FIPS 140-2 [REF-267] to avoid obvious entropy problems. Consult FIPS 140-2 Annex C (""Approved Random Number Generators""). Use a PRNG that periodically re-seeds itself using input from high-quality sources, such as hardware devices with high entropy. However, do not re-seed too frequently, or else the entropy source might block.",https://cwe.mitre.org/data/definitions/343.html
602,MITRE CWE,CWE-344: Use of Invariant Value in Dynamically Changing Context,"The product uses a constant value, name, or reference, but this value can (or should) vary across different environments.",Refer to official CWE documentation for specific mitigations.,https://cwe.mitre.org/data/definitions/344.html
603,MITRE CWE,CWE-345: Insufficient Verification of Data Authenticity,"The product does not sufficiently verify the origin or authenticity of data, in a way that causes it to accept invalid data.",Refer to official CWE documentation for specific mitigations.,https://cwe.mitre.org/data/definitions/345.html
604,MITRE CWE,CWE-346: Origin Validation Error,The product does not properly verify that the source of data or communication is valid.,Refer to official CWE documentation for specific mitigations.,https://cwe.mitre.org/data/definitions/346.html
605,MITRE CWE,CWE-347: Improper Verification of Cryptographic Signature,"The product does not verify, or incorrectly verifies, the cryptographic signature for data.",Refer to official CWE documentation for specific mitigations.,https://cwe.mitre.org/data/definitions/347.html
606,MITRE CWE,CWE-348: Use of Less Trusted Source,"The product has two different sources of the same data or information, but it uses the source that has less support for verification, is less trusted, or is less resistant to attack.",Refer to official CWE documentation for specific mitigations.,https://cwe.mitre.org/data/definitions/348.html
607,MITRE CWE,CWE-349: Acceptance of Extraneous Untrusted Data With Trusted Data,"The product, when processing trusted data, accepts any untrusted data that is also included with the trusted data, treating the untrusted data as if it were trusted.",Refer to official CWE documentation for specific mitigations.,https://cwe.mitre.org/data/definitions/349.html
608,MITRE CWE,CWE-35: Path Traversal: '.../...//',"The product uses external input to construct a pathname that should be within a restricted directory, but it does not properly neutralize '.../...//' (doubled triple dot slash) sequences that can resolve to a location that is outside of that directory.", Inputs should be decoded and canonicalized to the application's current internal representation before being validated (CWE-180). Make sure that the application does not decode the same input twice (CWE-174). Such errors could be used to bypass allowlist validation schemes by introducing dangerous inputs after they have been checked.,https://cwe.mitre.org/data/definitions/35.html
609,MITRE CWE,CWE-350: Reliance on Reverse DNS Resolution for a Security-Critical Action,"The product performs reverse DNS resolution on an IP address to obtain the hostname and make a security decision, but it does not properly ensure that the IP address is truly associated with the hostname.",Use other means of identity verification that cannot be simply spoofed. Possibilities include a username/password or certificate. Perform proper forward and reverse DNS lookups to detect DNS spoofing.,https://cwe.mitre.org/data/definitions/350.html
610,MITRE CWE,CWE-351: Insufficient Type Distinction,The product does not properly distinguish between different types of elements in a way that leads to insecure behavior.,Refer to official CWE documentation for specific mitigations.,https://cwe.mitre.org/data/definitions/351.html
611,MITRE CWE,CWE-352: Cross-Site Request Forgery (CSRF),"The web application does not, or cannot, sufficiently verify whether a request was intentionally provided by the user who sent the request, which could have originated from an unauthorized actor."," Ensure that the application is free of cross-site scripting issues (CWE-79), because most CSRF defenses can be bypassed using attacker-controlled script. Generate a unique nonce for each form, place the nonce into the form, and verify the nonce upon receipt of the form. Be sure that the nonce is not predictable (CWE-330). [REF-332] Identify especially dangerous operations. When the user performs a dangerous operation, send a separate confirmation request to ensure that the user intended to perform that operation.  Do not use the GET method for any request that triggers a state change. Check the HTTP Referer header to see if the request originated from an expected page. This could break legitimate functionality, because users or proxies may have disabled sending the Referer for privacy reasons.",https://cwe.mitre.org/data/definitions/352.html
612,MITRE CWE,CWE-353: Missing Support for Integrity Check,"The product uses a transmission protocol that does not include a mechanism for verifying the integrity of the data during transmission, such as a checksum.","Add an appropriately sized checksum to the protocol, ensuring that data received may be simply validated before it is parsed and used. Ensure that the checksums present in the protocol design are properly implemented and added to each message before it is sent.",https://cwe.mitre.org/data/definitions/353.html
613,MITRE CWE,CWE-354: Improper Validation of Integrity Check Value,"The product does not validate or incorrectly validates the integrity check values or ""checksums"" of a message. This may prevent it from detecting if the data has been modified or corrupted in transmission.",Ensure that the checksums present in messages are properly checked in accordance with the protocol specification before they are parsed and used.,https://cwe.mitre.org/data/definitions/354.html
614,MITRE CWE,CWE-356: Product UI does not Warn User of Unsafe Actions,The product's user interface does not warn the user before undertaking an unsafe action on behalf of that user. This makes it easier for attackers to trick users into inflicting damage to their system.,Refer to official CWE documentation for specific mitigations.,https://cwe.mitre.org/data/definitions/356.html
615,MITRE CWE,CWE-357: Insufficient UI Warning of Dangerous Operations,"The user interface provides a warning to a user regarding dangerous or sensitive operations, but the warning is not noticeable enough to warrant attention.",Refer to official CWE documentation for specific mitigations.,https://cwe.mitre.org/data/definitions/357.html
616,MITRE CWE,CWE-358: Improperly Implemented Security Check for Standard,"The product does not implement or incorrectly implements one or more security-relevant checks as specified by the design of a standardized algorithm, protocol, or technique.",Refer to official CWE documentation for specific mitigations.,https://cwe.mitre.org/data/definitions/358.html
617,MITRE CWE,CWE-359: Exposure of Private Personal Information to an Unauthorized Actor,"The product does not properly prevent a person's private, personal information from being accessed by actors who either (1) are not explicitly authorized to access the information or (2) do not have the implicit consent of the person about whom the information is collected.",  ,https://cwe.mitre.org/data/definitions/359.html
618,MITRE CWE,CWE-36: Absolute Path Traversal,"The product uses external input to construct a pathname that should be within a restricted directory, but it does not properly neutralize absolute path sequences such as ""/abs/path"" that can resolve to a location that is outside of that directory."," Inputs should be decoded and canonicalized to the application's current internal representation before being validated (CWE-180). Make sure that the application does not decode the same input twice (CWE-174). Such errors could be used to bypass allowlist validation schemes by introducing dangerous inputs after they have been checked. Use an application firewall that can detect attacks against this weakness. It can be beneficial in cases in which the code cannot be fixed (because it is controlled by a third party), as an emergency prevention measure while more comprehensive software assurance measures are applied, or to provide defense in depth [REF-1481].",https://cwe.mitre.org/data/definitions/36.html
619,MITRE CWE,CWE-360: Trust of System Event Data,Security based on event locations are insecure and can be spoofed.,Never trust or rely any of the information in an Event for security.,https://cwe.mitre.org/data/definitions/360.html
620,MITRE CWE,CWE-362: Concurrent Execution using Shared Resource with Improper Synchronization ('Race Condition'),"The product contains a concurrent code sequence that requires temporary, exclusive access to a shared resource, but a timing window exists in which the shared resource can be modified by another code sequence operating concurrently.","In languages that support it, use synchronization primitives. Only wrap these around critical code to minimize the impact on performance. Use thread-safe capabilities such as the data access abstraction in Spring.  When using multithreading and operating on shared variables, only use thread-safe functions. Use atomic operations on shared variables. Be wary of innocent-looking constructs such as ""x++"". This may appear atomic at the code layer, but it is actually non-atomic at the instruction layer, since it involves a read, followed by a computation, followed by a write. Use a mutex if available, but be sure to avoid related weaknesses such as CWE-412. Avoid double-checked locking (CWE-609) and other implementation errors that arise when trying to avoid the overhead of synchronization. Disable interrupts or signals over critical parts of the code, but also make sure that the code does not go into a large or infinite loop. Use the volatile type modifier for critical variables to avoid unexpected compiler optimization or reordering. This does not necessarily solve the synchronization problem, but it can help. Run your code using the lowest privileges that are required to accomplish the necessary tasks [REF-76]. If possible, create isolated accounts with limited privileges that are only used for a single task. That way, a successful attack will not immediately give the attacker access to the rest of the software or its environment. For example, database applications rarely need to run as the database administrator, especially in day-to-day operations.",https://cwe.mitre.org/data/definitions/362.html
621,MITRE CWE,CWE-363: Race Condition Enabling Link Following,"The product checks the status of a file or directory before accessing it, which produces a race condition in which the file can be replaced with a link before the access is performed, causing the product to access the wrong file.",Refer to official CWE documentation for specific mitigations.,https://cwe.mitre.org/data/definitions/363.html
622,MITRE CWE,CWE-364: Signal Handler Race Condition,The product uses a signal handler that introduces a race condition.,"Use a language that does not allow this weakness to occur or provides constructs that make this weakness easier to avoid. Design signal handlers to only set flags, rather than perform complex functionality. These flags can then be checked and acted upon within the main program loop. Only use reentrant functions within signal handlers. Also, use validation to ensure that state is consistent while performing asynchronous actions that affect the state of execution.",https://cwe.mitre.org/data/definitions/364.html
623,MITRE CWE,CWE-365: DEPRECATED: Race Condition in Switch,This entry has been deprecated. There are no documented cases in which a switch's control expression is evaluated more than once.,Refer to official CWE documentation for specific mitigations.,https://cwe.mitre.org/data/definitions/365.html
624,MITRE CWE,CWE-366: Race Condition within a Thread,"If two threads of execution use a resource simultaneously, there exists the possibility that resources may be used while invalid, in turn making the state of execution undefined.","Use locking functionality. This is the recommended solution. Implement some form of locking mechanism around code which alters or reads persistent data in a multithreaded environment. Create resource-locking validation checks. If no inherent locking mechanisms exist, use flags and signals to enforce your own blocking scheme when resources are being used by other threads of execution.",https://cwe.mitre.org/data/definitions/366.html
625,MITRE CWE,CWE-367: Time-of-check Time-of-use (TOCTOU) Race Condition,"The product checks the state of a resource before using that resource, but the resource's state can change between the check and the use in a way that invalidates the results of the check.","The most basic advice for TOCTOU vulnerabilities is to not perform a check before the use. This does not resolve the underlying issue of the execution of a function on a resource whose state and identity cannot be assured, but it does help to limit the false sense of security given by the check. When the file being altered is owned by the current user and group, set the effective gid and uid to that of the current user and group when executing this statement. Limit the interleaving of operations on files from multiple processes. If you cannot perform operations atomically and you must share access to the resource between multiple processes or threads, then try to limit the amount of time (CPU cycles) between the check and use of the resource. This will not fix the problem, but it could make it more difficult for an attack to succeed. Recheck the resource after the use call to verify that the action was taken appropriately. Ensure that some environmental locking mechanism can be used to protect resources effectively. Ensure that locking occurs before the check, as opposed to afterwards, such that the resource, as checked, is the same as it is when in use.",https://cwe.mitre.org/data/definitions/367.html
626,MITRE CWE,CWE-368: Context Switching Race Condition,"A product performs a series of non-atomic actions to switch between contexts that cross privilege or other security boundaries, but a race condition allows an attacker to modify or misrepresent the product's behavior during the switch.",Refer to official CWE documentation for specific mitigations.,https://cwe.mitre.org/data/definitions/368.html
627,MITRE CWE,CWE-369: Divide By Zero,The product divides a value by zero.,Refer to official CWE documentation for specific mitigations.,https://cwe.mitre.org/data/definitions/369.html
628,MITRE CWE,CWE-37: Path Traversal: '/absolute/pathname/here',"The product accepts input in the form of a slash absolute path ('/absolute/pathname/here') without appropriate validation, which can allow an attacker to traverse the file system to unintended locations or access arbitrary files.", Inputs should be decoded and canonicalized to the application's current internal representation before being validated (CWE-180). Make sure that the application does not decode the same input twice (CWE-174). Such errors could be used to bypass allowlist validation schemes by introducing dangerous inputs after they have been checked.,https://cwe.mitre.org/data/definitions/37.html
629,MITRE CWE,CWE-370: Missing Check for Certificate Revocation after Initial Check,"The product does not check the revocation status of a certificate after its initial revocation check, which can cause the product to perform privileged actions even after the certificate is revoked at a later time.","Ensure that certificates are checked for revoked status before each use of a protected resource. If the certificate is checked before each access of a protected resource, the delay subject to a possible race condition becomes almost negligible and significantly reduces the risk associated with this issue.",https://cwe.mitre.org/data/definitions/370.html
630,MITRE CWE,CWE-372: Incomplete Internal State Distinction,"The product does not properly determine which state it is in, causing it to assume it is in state X when in fact it is in state Y, causing it to perform incorrect operations in a security-relevant manner.",Refer to official CWE documentation for specific mitigations.,https://cwe.mitre.org/data/definitions/372.html
631,MITRE CWE,CWE-373: DEPRECATED: State Synchronization Error,This entry was deprecated because it overlapped the same concepts as race condition (CWE-362) and Improper Synchronization (CWE-662).,Refer to official CWE documentation for specific mitigations.,https://cwe.mitre.org/data/definitions/373.html
632,MITRE CWE,CWE-374: Passing Mutable Objects to an Untrusted Method,The product sends non-cloned mutable data as an argument to a method or function.,"Pass in data which should not be altered as constant or immutable. Clone all mutable data before passing it into an external function . This is the preferred mitigation. This way, regardless of what changes are made to the data, a valid copy is retained for use by the class.",https://cwe.mitre.org/data/definitions/374.html
633,MITRE CWE,CWE-375: Returning a Mutable Object to an Untrusted Caller,Sending non-cloned mutable data as a return value may result in that data being altered or deleted by the calling function.,"Declare returned data which should not be altered as constant or immutable. Clone all mutable data before returning references to it. This is the preferred mitigation. This way, regardless of what changes are made to the data, a valid copy is retained for use by the class.",https://cwe.mitre.org/data/definitions/375.html
634,MITRE CWE,CWE-377: Insecure Temporary File,Creating and using insecure temporary files can leave application and system data vulnerable to attack.,Refer to official CWE documentation for specific mitigations.,https://cwe.mitre.org/data/definitions/377.html
635,MITRE CWE,CWE-378: Creation of Temporary File With Insecure Permissions,"Opening temporary files without appropriate measures or controls can leave the file, its contents and any function that it impacts vulnerable to attack.",Many contemporary languages have functions which properly handle this condition. Older C temp file functions are especially susceptible. Ensure that you use proper file permissions. This can be achieved by using a safe temp file function. Temporary files should be writable and readable only by the process that owns the file. Randomize temporary file names. This can also be achieved by using a safe temp-file function. This will ensure that temporary files will not be created in predictable places.,https://cwe.mitre.org/data/definitions/378.html
636,MITRE CWE,CWE-379: Creation of Temporary File in Directory with Insecure Permissions,The product creates a temporary file in a directory whose permissions allow unintended actors to determine the file's existence or otherwise access that file.,"Many contemporary languages have functions which properly handle this condition. Older C temp file functions are especially susceptible. Try to store sensitive tempfiles in a directory which is not world readable -- i.e., per-user directories. Avoid using vulnerable temp file functions.",https://cwe.mitre.org/data/definitions/379.html
637,MITRE CWE,CWE-38: Path Traversal: '\absolute\pathname\here',"The product accepts input in the form of a backslash absolute path ('\absolute\pathname\here') without appropriate validation, which can allow an attacker to traverse the file system to unintended locations or access arbitrary files.", Inputs should be decoded and canonicalized to the application's current internal representation before being validated (CWE-180). Make sure that the application does not decode the same input twice (CWE-174). Such errors could be used to bypass allowlist validation schemes by introducing dangerous inputs after they have been checked.,https://cwe.mitre.org/data/definitions/38.html
638,MITRE CWE,CWE-382: J2EE Bad Practices: Use of System.exit(),"A J2EE application uses System.exit(), which also shuts down its container.","The shutdown function should be a privileged function available only to a properly authorized administrative user Web applications should not call methods that cause the virtual machine to exit, such as System.exit() Web applications should also not throw any Throwables to the application server as this may adversely affect the container. Non-web applications may have a main() method that contains a System.exit(), but generally should not call System.exit() from other locations in the code",https://cwe.mitre.org/data/definitions/382.html
639,MITRE CWE,CWE-383: J2EE Bad Practices: Direct Use of Threads,Thread management in a Web application is forbidden in some circumstances and is always highly error prone.,"For EJB, use framework approaches for parallel execution, instead of using threads.",https://cwe.mitre.org/data/definitions/383.html
640,MITRE CWE,CWE-384: Session Fixation,"Authenticating a user, or otherwise establishing a new user session, without invalidating any existing session identifier gives an attacker the opportunity to steal authenticated sessions.","Invalidate any existing session identifiers prior to authorizing a new user session. For platforms such as ASP that do not generate new values for sessionid cookies, utilize a secondary cookie. In this approach, set a secondary cookie on the user's browser to a random value and set a session variable to the same value. If the session variable and the cookie value ever don't match, invalidate the session, and force the user to log on again. Use an application firewall that can detect attacks against this weakness. It can be beneficial in cases in which the code cannot be fixed (because it is controlled by a third party), as an emergency prevention measure while more comprehensive software assurance measures are applied, or to provide defense in depth [REF-1481].",https://cwe.mitre.org/data/definitions/384.html
641,MITRE CWE,CWE-385: Covert Timing Channel,"Covert timing channels convey information by modulating some aspect of system behavior over time, so that the program receiving the information can observe system behavior and infer protected information.","Whenever possible, specify implementation strategies that do not introduce time variances in operations. Often one can artificially manipulate the time which operations take or -- when operations occur -- can remove information from the attacker. It is reasonable to add artificial or random delays so that the amount of CPU time consumed is independent of the action being taken by the application.",https://cwe.mitre.org/data/definitions/385.html
642,MITRE CWE,CWE-386: Symbolic Name not Mapping to Correct Object,"A constant symbolic reference to an object is used, even though the reference can resolve to a different object over time.",Refer to official CWE documentation for specific mitigations.,https://cwe.mitre.org/data/definitions/386.html
643,MITRE CWE,CWE-39: Path Traversal: 'C:dirname',The product accepts input that contains a drive letter or Windows volume letter ('C:dirname') that potentially redirects access to an unintended location or arbitrary file., Inputs should be decoded and canonicalized to the application's current internal representation before being validated (CWE-180). Make sure that the application does not decode the same input twice (CWE-174). Such errors could be used to bypass allowlist validation schemes by introducing dangerous inputs after they have been checked.,https://cwe.mitre.org/data/definitions/39.html
644,MITRE CWE,CWE-390: Detection of Error Condition Without Action,"The product detects a specific error, but takes no actions to handle the error.","Properly handle each exception. This is the recommended solution. Ensure that all exceptions are handled in such a way that you can be sure of the state of your system at any given moment. If a function returns an error, it is important to either fix the problem and try again, alert the user that an error has happened and let the program continue, or alert the user and close and cleanup the program. Subject the product to extensive testing to discover some of the possible instances of where/how errors or return values are not handled. Consider testing techniques such as ad hoc, equivalence partitioning, robustness and fault tolerance, mutation, and fuzzing.",https://cwe.mitre.org/data/definitions/390.html
645,MITRE CWE,CWE-391: Unchecked Error Condition,"[PLANNED FOR DEPRECATION. SEE MAINTENANCE NOTES AND CONSIDER CWE-252, CWE-248, OR CWE-1069.] Ignoring exceptions and other error conditions may allow an attacker to induce unexpected behavior unnoticed.","The choice between a language which has named or unnamed exceptions needs to be done. While unnamed exceptions exacerbate the chance of not properly dealing with an exception, named exceptions suffer from the up call version of the weak base class problem. A language can be used which requires, at compile time, to catch all serious exceptions. However, one must make sure to use the most current version of the API as new exceptions could be added. Catch all relevant exceptions. This is the recommended solution. Ensure that all exceptions are handled in such a way that you can be sure of the state of your system at any given moment.",https://cwe.mitre.org/data/definitions/391.html
646,MITRE CWE,CWE-392: Missing Report of Error Condition,The product encounters an error but does not provide a status code or return value to indicate that an error has occurred.,Refer to official CWE documentation for specific mitigations.,https://cwe.mitre.org/data/definitions/392.html
647,MITRE CWE,CWE-393: Return of Wrong Status Code,"A function or operation returns an incorrect return value or status code that does not indicate the true result of execution, causing the product to modify its behavior based on the incorrect result.",Refer to official CWE documentation for specific mitigations.,https://cwe.mitre.org/data/definitions/393.html
648,MITRE CWE,CWE-394: Unexpected Status Code or Return Value,"The product does not properly check when a function or operation returns a value that is legitimate for the function, but is not expected by the product.",Refer to official CWE documentation for specific mitigations.,https://cwe.mitre.org/data/definitions/394.html
649,MITRE CWE,CWE-395: Use of NullPointerException Catch to Detect NULL Pointer Dereference,Catching NullPointerException should not be used as an alternative to programmatic checks to prevent dereferencing a null pointer.,Do not extensively rely on catching exceptions (especially for validating user input) to handle errors. Handling exceptions can decrease the performance of an application.,https://cwe.mitre.org/data/definitions/395.html
650,MITRE CWE,CWE-396: Declaration of Catch for Generic Exception,Catching overly broad exceptions promotes complex error handling code that is more likely to contain security vulnerabilities.,Refer to official CWE documentation for specific mitigations.,https://cwe.mitre.org/data/definitions/396.html
651,MITRE CWE,CWE-397: Declaration of Throws for Generic Exception,The product throws or raises an overly broad exceptions that can hide important details and produce inappropriate responses to certain conditions.,Refer to official CWE documentation for specific mitigations.,https://cwe.mitre.org/data/definitions/397.html
652,MITRE CWE,CWE-40: Path Traversal: '\\UNC\share\name\' (Windows UNC Share),The product accepts input that identifies a Windows UNC share ('\\UNC\share\name') that potentially redirects access to an unintended location or arbitrary file., Inputs should be decoded and canonicalized to the application's current internal representation before being validated (CWE-180). Make sure that the application does not decode the same input twice (CWE-174). Such errors could be used to bypass allowlist validation schemes by introducing dangerous inputs after they have been checked.,https://cwe.mitre.org/data/definitions/40.html
653,MITRE CWE,CWE-400: Uncontrolled Resource Consumption,The product does not properly control the allocation and maintenance of a limited resource.,"Design throttling mechanisms into the system architecture. The best protection is to limit the amount of resources that an unauthorized user can cause to be expended. A strong authentication and access control model will help prevent such attacks from occurring in the first place. The login application should be protected against DoS attacks as much as possible. Limiting the database access, perhaps by caching result sets, can help minimize the resources expended. To further limit the potential for a DoS attack, consider tracking the rate of requests received from users and blocking requests that exceed a defined rate threshold.  Ensure that protocols have specific limits of scale placed on them. Ensure that all failures in resource allocation place the system into a safe posture.",https://cwe.mitre.org/data/definitions/400.html
654,MITRE CWE,CWE-401: Missing Release of Memory after Effective Lifetime,"The product does not sufficiently track and release allocated memory after it has been used, making the memory unavailable for reallocation and reuse."," Use an abstraction library to abstract away risky APIs. Not a complete solution. Consider using the Boehm-Demers-Weiser garbage collector (bdwgc), which can help avoid leaks.",https://cwe.mitre.org/data/definitions/401.html
655,MITRE CWE,CWE-402: Transmission of Private Resources into a New Sphere ('Resource Leak'),The product makes resources available to untrusted parties when those resources are only intended to be accessed by the product.,Refer to official CWE documentation for specific mitigations.,https://cwe.mitre.org/data/definitions/402.html
656,MITRE CWE,CWE-403: Exposure of File Descriptor to Unintended Control Sphere ('File Descriptor Leak'),"A process does not close sensitive file descriptors before invoking a child process, which allows the child to perform unauthorized I/O operations using those descriptors.",Refer to official CWE documentation for specific mitigations.,https://cwe.mitre.org/data/definitions/403.html
657,MITRE CWE,CWE-404: Improper Resource Shutdown or Release,The product does not release or incorrectly releases a resource before it is made available for re-use.," It is good practice to be responsible for freeing all resources you allocate and to be consistent with how and where you free memory in a function. If you allocate memory that you intend to free upon completion of the function, you must be sure to free the memory at all exit points for that function including error conditions. Memory should be allocated/freed using matching functions such as malloc/free, new/delete, and new[]/delete[]. When releasing a complex object or structure, ensure that you properly dispose of all of its member components, not just the object itself.",https://cwe.mitre.org/data/definitions/404.html
658,MITRE CWE,CWE-405: Asymmetric Resource Consumption (Amplification),"The product does not properly control situations in which an adversary can cause the product to consume or produce excessive resources without requiring the adversary to invest equivalent work or otherwise prove authorization, i.e., the adversary's influence is ""asymmetric.""","An application must make resources available to a client commensurate with the client's access level. An application must, at all times, keep track of allocated resources and meter their usage appropriately. Consider disabling resource-intensive algorithms on the server side, such as Diffie-Hellman key exchange.",https://cwe.mitre.org/data/definitions/405.html
659,MITRE CWE,CWE-406: Insufficient Control of Network Message Volume (Network Amplification),"The product does not sufficiently monitor or control transmitted network traffic volume, so that an actor can cause the product to transmit more traffic than should be allowed for that actor.","An application must make network resources available to a client commensurate with the client's access level. Define a clear policy for network resource allocation and consumption. An application must, at all times, keep track of network resources and meter their usage appropriately.",https://cwe.mitre.org/data/definitions/406.html
660,MITRE CWE,CWE-407: Inefficient Algorithmic Complexity,"An algorithm in a product has an inefficient worst-case computational complexity that may be detrimental to system performance and can be triggered by an attacker, typically using crafted manipulations that ensure that the worst case is being reached.",Refer to official CWE documentation for specific mitigations.,https://cwe.mitre.org/data/definitions/407.html
661,MITRE CWE,CWE-408: Incorrect Behavior Order: Early Amplification,The product allows an entity to perform a legitimate but expensive operation before authentication or authorization has taken place.,Refer to official CWE documentation for specific mitigations.,https://cwe.mitre.org/data/definitions/408.html
662,MITRE CWE,CWE-409: Improper Handling of Highly Compressed Data (Data Amplification),The product does not handle or incorrectly handles a compressed input with a very high compression ratio that produces a large output.,Refer to official CWE documentation for specific mitigations.,https://cwe.mitre.org/data/definitions/409.html
663,MITRE CWE,CWE-41: Improper Resolution of Path Equivalence,The product is vulnerable to file system contents disclosure through path equivalence. Path equivalence involves the use of special characters in file and directory names. The associated manipulations are intended to generate multiple names for the same object.," Use and specify an output encoding that can be handled by the downstream component that is reading the output. Common encodings include ISO-8859-1, UTF-7, and UTF-8. When an encoding is not specified, a downstream component may choose a different encoding, either by assuming a default encoding or automatically inferring which encoding is being used, which can be erroneous. When the encodings are inconsistent, the downstream component might treat some character or byte sequences as special, even if they are not special in the original encoding. Attackers might then be able to exploit this discrepancy and conduct injection attacks; they even might be able to bypass protection mechanisms that assume the original encoding is also being used by the downstream component. Inputs should be decoded and canonicalized to the application's current internal representation before being validated (CWE-180). Make sure that the application does not decode the same input twice (CWE-174). Such errors could be used to bypass allowlist validation schemes by introducing dangerous inputs after they have been checked.",https://cwe.mitre.org/data/definitions/41.html
664,MITRE CWE,CWE-410: Insufficient Resource Pool,"The product's resource pool is not large enough to handle peak demand, which allows an attacker to prevent others from accessing the resource by using a (relatively) large number of requests for resources.",Do not perform resource-intensive transactions for unauthenticated users and/or invalid requests. Consider implementing a velocity check mechanism which would detect abusive behavior. Consider load balancing as an option to handle heavy loads. Make sure that resource handles are properly closed when no longer needed. Identify the system's resource intensive operations and consider protecting them from abuse (e.g. malicious automated script which runs the resources out).,https://cwe.mitre.org/data/definitions/410.html
665,MITRE CWE,CWE-412: Unrestricted Externally Accessible Lock,"The product properly checks for the existence of a lock, but the lock can be externally controlled or influenced by an actor that is outside of the intended sphere of control.",Use any access control that is offered by the functionality that is offering the lock. Use unpredictable names or identifiers for the locks. This might not always be possible or feasible. Consider modifying your code to use non-blocking synchronization methods.,https://cwe.mitre.org/data/definitions/412.html
666,MITRE CWE,CWE-413: Improper Resource Locking,The product does not lock or does not correctly lock a resource when the product must have exclusive access to the resource.,Use a non-conflicting privilege scheme. Use synchronization when locking a resource.,https://cwe.mitre.org/data/definitions/413.html
667,MITRE CWE,CWE-414: Missing Lock Check,A product does not check to see if a lock is present before performing sensitive operations on a resource.,Implement a reliable lock mechanism.,https://cwe.mitre.org/data/definitions/414.html
668,MITRE CWE,CWE-415: Double Free,The product calls free() twice on the same memory address.,"Choose a language that provides automatic memory management. Ensure that each allocation is freed only once. After freeing a chunk, set the pointer to NULL to ensure the pointer cannot be freed again. In complicated error conditions, be sure that clean-up routines respect the state of allocation properly. If the language is object oriented, ensure that object destructors delete each chunk of memory only once. Use a static analysis tool to find double free instances.",https://cwe.mitre.org/data/definitions/415.html
669,MITRE CWE,CWE-416: Use After Free,"The product reuses or references memory after it has been freed. At some point afterward, the memory may be allocated again and saved in another pointer, while the original pointer references a location somewhere within the new allocation. Any operations using the original pointer are no longer valid because the memory ""belongs"" to the code that operates on the new pointer.","Choose a language that provides automatic memory management. When freeing pointers, be sure to set them to NULL once they are freed. However, the utilization of multiple or complex data structures may lower the usefulness of this strategy.",https://cwe.mitre.org/data/definitions/416.html
670,MITRE CWE,CWE-419: Unprotected Primary Channel,"The product uses a primary channel for administration or restricted functionality, but it does not properly protect the channel.",Do not expose administrative functionnality on the user UI. Protect the administrative/restricted functionality with a strong authentication mechanism.,https://cwe.mitre.org/data/definitions/419.html
671,MITRE CWE,CWE-42: Path Equivalence: 'filename.' (Trailing Dot),"The product accepts path input in the form of trailing dot ('filedir.') without appropriate validation, which can lead to ambiguous path resolution and allow an attacker to traverse the file system to unintended locations or access arbitrary files.",Refer to official CWE documentation for specific mitigations.,https://cwe.mitre.org/data/definitions/42.html
672,MITRE CWE,CWE-420: Unprotected Alternate Channel,"The product protects a primary channel, but it does not use the same level of protection for an alternate channel.",Identify all alternate channels and use the same protection mechanisms that are used for the primary channels.,https://cwe.mitre.org/data/definitions/420.html
673,MITRE CWE,CWE-421: Race Condition During Access to Alternate Channel,"The product opens an alternate channel to communicate with an authorized user, but the channel is accessible to other actors.",Refer to official CWE documentation for specific mitigations.,https://cwe.mitre.org/data/definitions/421.html
674,MITRE CWE,CWE-422: Unprotected Windows Messaging Channel ('Shatter'),"The product does not properly verify the source of a message in the Windows Messaging System while running at elevated privileges, creating an alternate channel through which an attacker can directly send a message to the product.",Always verify and authenticate the source of the message.,https://cwe.mitre.org/data/definitions/422.html
675,MITRE CWE,CWE-423: DEPRECATED: Proxied Trusted Channel,This entry has been deprecated because it was a duplicate of CWE-441. All content has been transferred to CWE-441.,Refer to official CWE documentation for specific mitigations.,https://cwe.mitre.org/data/definitions/423.html
676,MITRE CWE,CWE-424: Improper Protection of Alternate Path,The product does not sufficiently protect all possible paths that a user can take to access restricted functionality or resources.,Deploy different layers of protection to implement security in depth.,https://cwe.mitre.org/data/definitions/424.html
677,MITRE CWE,CWE-425: Direct Request ('Forced Browsing'),"The web application does not adequately enforce appropriate authorization on all restricted URLs, scripts, or files.","Apply appropriate access control authorizations for each access to all restricted URLs, scripts or files. Consider using MVC based frameworks such as Struts.",https://cwe.mitre.org/data/definitions/425.html
678,MITRE CWE,CWE-426: Untrusted Search Path,The product searches for critical resources using an externally-supplied search path that can point to resources that are not under the product's direct control.,"Hard-code the search path to a set of known-safe values (such as system directories), or only allow them to be specified by the administrator in a configuration file. Do not allow these settings to be modified by an external party. Be careful to avoid related weaknesses such as CWE-426 and CWE-428. When invoking other programs, specify those programs using fully-qualified pathnames. While this is an effective approach, code that uses fully-qualified pathnames might not be portable to other systems that do not use the same pathnames. The portability can be improved by locating the full-qualified paths in a centralized, easily-modifiable location within the source code, and having the code refer to these paths. Remove or restrict all environment settings before invoking other programs. This includes the PATH environment variable, LD_LIBRARY_PATH, and other settings that identify the location of code libraries, and any application-specific search paths. Check your search path before use and remove any elements that are likely to be unsafe, such as the current working directory or a temporary files directory. Use other functions that require explicit paths. Making use of any of the other readily available functions that require explicit paths is a safe way to avoid this problem. For example, system() in C does not require a full path since the shell can take care of it, while execl() and execv() require a full path.",https://cwe.mitre.org/data/definitions/426.html
679,MITRE CWE,CWE-427: Uncontrolled Search Path Element,"The product uses a fixed or controlled search path to find resources, but one or more locations in that path can be under the control of unintended actors.","Hard-code the search path to a set of known-safe values (such as system directories), or only allow them to be specified by the administrator in a configuration file. Do not allow these settings to be modified by an external party. Be careful to avoid related weaknesses such as CWE-426 and CWE-428. When invoking other programs, specify those programs using fully-qualified pathnames. While this is an effective approach, code that uses fully-qualified pathnames might not be portable to other systems that do not use the same pathnames. The portability can be improved by locating the full-qualified paths in a centralized, easily-modifiable location within the source code, and having the code refer to these paths. Remove or restrict all environment settings before invoking other programs. This includes the PATH environment variable, LD_LIBRARY_PATH, and other settings that identify the location of code libraries, and any application-specific search paths. Check your search path before use and remove any elements that are likely to be unsafe, such as the current working directory or a temporary files directory. Since this is a denylist approach, it might not be a complete solution. Use other functions that require explicit paths. Making use of any of the other readily available functions that require explicit paths is a safe way to avoid this problem. For example, system() in C does not require a full path since the shell can take care of finding the program using the PATH environment variable, while execl() and execv() require a full path.",https://cwe.mitre.org/data/definitions/427.html
680,MITRE CWE,CWE-428: Unquoted Search Path or Element,"The product uses a search path that contains an unquoted element, in which the element contains whitespace or other separators. This can cause the product to access resources in a parent path.",Properly quote the full search path before executing a program on the system.  Inputs should be decoded and canonicalized to the application's current internal representation before being validated (CWE-180). Make sure that the application does not decode the same input twice (CWE-174). Such errors could be used to bypass allowlist validation schemes by introducing dangerous inputs after they have been checked.,https://cwe.mitre.org/data/definitions/428.html
681,MITRE CWE,CWE-43: Path Equivalence: 'filename....' (Multiple Trailing Dot),"The product accepts path input in the form of multiple trailing dot ('filedir....') without appropriate validation, which can lead to ambiguous path resolution and allow an attacker to traverse the file system to unintended locations or access arbitrary files.",Refer to official CWE documentation for specific mitigations.,https://cwe.mitre.org/data/definitions/43.html
682,MITRE CWE,CWE-430: Deployment of Wrong Handler,"The wrong ""handler"" is assigned to process an object.","Perform a type check before interpreting an object. Reject any inconsistent types, such as a file with a .GIF extension that appears to consist of PHP code.",https://cwe.mitre.org/data/definitions/430.html
683,MITRE CWE,CWE-431: Missing Handler,A handler is not available or implemented.,"Handle all possible situations (e.g. error condition). If an operation can throw an Exception, implement a handler for that specific exception.",https://cwe.mitre.org/data/definitions/431.html
684,MITRE CWE,CWE-432: Dangerous Signal Handler not Disabled During Sensitive Operations,"The product uses a signal handler that shares state with other signal handlers, but it does not properly mask or prevent those signal handlers from being invoked while the original signal handler is still running.",Turn off dangerous handlers when performing sensitive operations.,https://cwe.mitre.org/data/definitions/432.html
685,MITRE CWE,CWE-433: Unparsed Raw Web Content Delivery,The product stores raw content or supporting code under the web document root with an extension that is not specifically handled by the server.,Perform a type check before interpreting files. Do not store sensitive information in files which may be misinterpreted.,https://cwe.mitre.org/data/definitions/433.html
686,MITRE CWE,CWE-434: Unrestricted Upload of File with Dangerous Type,The product allows the upload or transfer of dangerous file types that are automatically processed within its environment.,"Generate a new, unique filename for an uploaded file instead of using the user-supplied filename, so that no external input is used at all.[REF-422] [REF-423] When the set of acceptable objects, such as filenames or URLs, is limited or known, create a mapping from a set of fixed input values (such as numeric IDs) to the actual filenames or URLs, and reject all other inputs. Consider storing the uploaded files outside of the web document root entirely. Then, use other mechanisms to deliver the files dynamically. [REF-423]  Define a very limited set of allowable extensions and only generate filenames that end in these extensions. Consider the possibility of XSS (CWE-79) before allowing .html or .htm file types. Ensure that only one extension is used in the filename. Some web servers, including some versions of Apache, may process files based on inner extensions so that ""filename.php.gif"" is fed to the PHP interpreter.[REF-422] [REF-423] When running on a web server that supports case-insensitive filenames, perform case-insensitive evaluations of the extensions that are provided. For any security checks that are performed on the client side, ensure that these checks are duplicated on the server side, in order to avoid CWE-602. Attackers can bypass the client-side checks by modifying values after the checks have been performed, or by changing the client to remove the client-side checks entirely. Then, these modified values would be submitted to the server. Do not rely exclusively on sanity checks of file contents to ensure that the file is of the expected type and size. It may be possible for an attacker to hide code in some file segments that will still be executed by the server. For example, GIF images may contain a free-form comments field. Do not rely exclusively on the MIME content type or filename attribute when determining how to render a file. Validating the MIME content type and ensuring that it matches the extension is only a partial solution. Run your code using the lowest privileges that are required to accomplish the necessary tasks [REF-76]. If possible, create isolated accounts with limited privileges that are only used for a single task. That way, a successful attack will not immediately give the attacker access to the rest of the software or its environment. For example, database applications rarely need to run as the database administrator, especially in day-to-day operations. ",https://cwe.mitre.org/data/definitions/434.html
687,MITRE CWE,CWE-435: Improper Interaction Between Multiple Correctly-Behaving Entities,"An interaction error occurs when two entities have correct behavior when running independently of each other, but when they are integrated as components in a larger system or process, they introduce incorrect behaviors that may cause resultant weaknesses.",Refer to official CWE documentation for specific mitigations.,https://cwe.mitre.org/data/definitions/435.html
688,MITRE CWE,CWE-436: Interpretation Conflict,"Product A handles inputs or steps differently than Product B, which causes A to perform incorrect actions based on its perception of B's state.",Refer to official CWE documentation for specific mitigations.,https://cwe.mitre.org/data/definitions/436.html
689,MITRE CWE,CWE-437: Incomplete Model of Endpoint Features,"A product acts as an intermediary or monitor between two or more endpoints, but it does not have a complete model of an endpoint's features, behaviors, or state, potentially causing the product to perform incorrect actions based on this incomplete model.",Refer to official CWE documentation for specific mitigations.,https://cwe.mitre.org/data/definitions/437.html
690,MITRE CWE,CWE-439: Behavioral Change in New Version or Environment,"A's behavior or functionality changes with a new version of A, or a new environment, which is not known (or manageable) by B.",Refer to official CWE documentation for specific mitigations.,https://cwe.mitre.org/data/definitions/439.html
691,MITRE CWE,CWE-44: Path Equivalence: 'file.name' (Internal Dot),"The product accepts path input in the form of internal dot ('file.ordir') without appropriate validation, which can lead to ambiguous path resolution and allow an attacker to traverse the file system to unintended locations or access arbitrary files.",Refer to official CWE documentation for specific mitigations.,https://cwe.mitre.org/data/definitions/44.html
692,MITRE CWE,CWE-440: Expected Behavior Violation,"A feature, API, or function does not perform according to its specification.",Refer to official CWE documentation for specific mitigations.,https://cwe.mitre.org/data/definitions/440.html
693,MITRE CWE,CWE-441: Unintended Proxy or Intermediary ('Confused Deputy'),"The product receives a request, message, or directive from an upstream component, but the product does not sufficiently preserve the original source of the request before forwarding the request to an external actor that is outside of the product's control sphere. This causes the product to appear to be the source of the request, leading it to act as a proxy or other intermediary between the upstream component and the external actor.","Enforce the use of strong mutual authentication mechanism between the two parties. Whenever a product is an intermediary or proxy for                    transactions between two other components, the proxy core                    should not drop the identity of the initiator of the                    transaction. The immutability of the identity of the                    initiator must be maintained and should be forwarded all the                    way to the target.",https://cwe.mitre.org/data/definitions/441.html
694,MITRE CWE,CWE-443: DEPRECATED: HTTP response splitting,This weakness can be found at CWE-113.,Refer to official CWE documentation for specific mitigations.,https://cwe.mitre.org/data/definitions/443.html
695,MITRE CWE,CWE-444: Inconsistent Interpretation of HTTP Requests ('HTTP Request/Response Smuggling'),"The product acts as an intermediary HTTP agent          (such as a proxy or firewall) in the data flow between two          entities such as a client and server, but it does not          interpret malformed HTTP requests or responses in ways that          are consistent with how the messages will be processed by          those entities that are at the ultimate destination.","Use a web server that employs a strict HTTP parsing procedure, such as Apache [REF-433]. Use only SSL communication. Terminate the client session after each request. Turn all pages to non-cacheable.",https://cwe.mitre.org/data/definitions/444.html
696,MITRE CWE,CWE-446: UI Discrepancy for Security Feature,"The user interface does not correctly enable or configure a security feature, but the interface provides feedback that causes the user to believe that the feature is in a secure state.",Refer to official CWE documentation for specific mitigations.,https://cwe.mitre.org/data/definitions/446.html
697,MITRE CWE,CWE-447: Unimplemented or Unsupported Feature in UI,"A UI function for a security feature appears to be supported and gives feedback to the user that suggests that it is supported, but the underlying functionality is not implemented.",Perform functionality testing before deploying the application.,https://cwe.mitre.org/data/definitions/447.html
698,MITRE CWE,CWE-448: Obsolete Feature in UI,A UI function is obsolete and the product does not warn the user.,Remove the obsolete feature from the UI. Warn the user that the feature is no longer supported.,https://cwe.mitre.org/data/definitions/448.html
699,MITRE CWE,CWE-449: The UI Performs the Wrong Action,The UI performs the wrong action with respect to the user's request.,Refer to official CWE documentation for specific mitigations.,https://cwe.mitre.org/data/definitions/449.html
700,MITRE CWE,CWE-45: Path Equivalence: 'file...name' (Multiple Internal Dot),"The product accepts path input in the form of multiple internal dot ('file...dir') without appropriate validation, which can lead to ambiguous path resolution and allow an attacker to traverse the file system to unintended locations or access arbitrary files.",Refer to official CWE documentation for specific mitigations.,https://cwe.mitre.org/data/definitions/45.html
701,MITRE CWE,CWE-450: Multiple Interpretations of UI Input,The UI has multiple interpretations of user input but does not prompt the user when it selects the less secure interpretation., Inputs should be decoded and canonicalized to the application's current internal representation before being validated (CWE-180). Make sure that the application does not decode the same input twice (CWE-174). Such errors could be used to bypass allowlist validation schemes by introducing dangerous inputs after they have been checked.,https://cwe.mitre.org/data/definitions/450.html
702,MITRE CWE,CWE-451: User Interface (UI) Misrepresentation of Critical Information,"The user interface (UI) does not properly represent critical information to the user, allowing the information - or its source - to be obscured or spoofed. This is often a component in phishing attacks.","Perform data validation (e.g. syntax, length, etc.) before interpreting the data. Create a strategy for presenting information, and plan for how to display unusual characters.",https://cwe.mitre.org/data/definitions/451.html
703,MITRE CWE,CWE-453: Insecure Default Variable Initialization,"The product, by default, initializes an internal variable with an insecure or less secure value than is possible.","Disable or change default settings when they can be used to abuse the system. Since those default settings are shipped with the product they are likely to be known by a potential attacker who is familiar with the product. For instance, default credentials should be changed or the associated accounts should be disabled.",https://cwe.mitre.org/data/definitions/453.html
704,MITRE CWE,CWE-454: External Initialization of Trusted Variables or Data Stores,The product initializes critical internal variables or data stores using inputs that can be modified by untrusted actors.,"A product system should be reluctant to trust variables that have been initialized outside of its trust boundary. Ensure adequate checking (e.g. input validation) is performed when relying on input from outside a trust boundary. Avoid any external control of variables. If necessary, restrict the variables that can be modified using an allowlist, and use a different namespace or naming convention if possible.",https://cwe.mitre.org/data/definitions/454.html
705,MITRE CWE,CWE-455: Non-exit on Failed Initialization,"The product does not exit or otherwise modify its operation when security-relevant errors occur during initialization, such as when a configuration file has a format error or a hardware security module (HSM) cannot be activated, which can cause the product to execute in a less secure fashion than intended by the administrator.",Follow the principle of failing securely when an error occurs. The system should enter a state where it is not vulnerable and will not display sensitive error messages to a potential attacker.,https://cwe.mitre.org/data/definitions/455.html
706,MITRE CWE,CWE-456: Missing Initialization of a Variable,"The product does not initialize critical variables, which causes the execution environment to use unexpected values.",Ensure that critical variables are initialized before first use [REF-1485]. Choose a language that is not susceptible to these issues.,https://cwe.mitre.org/data/definitions/456.html
707,MITRE CWE,CWE-457: Use of Uninitialized Variable,"The code uses a variable that has not been initialized, leading to unpredictable or unintended results.","Ensure that critical variables are initialized before first use [REF-1485]. Most compilers will complain about the use of uninitialized variables if warnings are turned on. When using a language that does not require explicit declaration of variables, run or compile the software in a mode that reports undeclared or unknown variables. This may indicate the presence of a typographic error in the variable's name. Choose a language that is not susceptible to these issues. Mitigating technologies such as safe string libraries and container abstractions could be introduced.",https://cwe.mitre.org/data/definitions/457.html
708,MITRE CWE,CWE-458: DEPRECATED: Incorrect Initialization,"This weakness has been deprecated because its name and description did not match. The description duplicated CWE-454, while the name suggested a more abstract initialization problem. Please refer to CWE-665 for the more abstract problem.",Refer to official CWE documentation for specific mitigations.,https://cwe.mitre.org/data/definitions/458.html
709,MITRE CWE,CWE-459: Incomplete Cleanup,"The product does not properly ""clean up"" and remove temporary or supporting resources after they have been used.",Temporary files and other supporting resources should be deleted/released immediately after they are no longer needed.,https://cwe.mitre.org/data/definitions/459.html
710,MITRE CWE,CWE-46: Path Equivalence: 'filename ' (Trailing Space),"The product accepts path input in the form of trailing space ('filedir ') without appropriate validation, which can lead to ambiguous path resolution and allow an attacker to traverse the file system to unintended locations or access arbitrary files.",Refer to official CWE documentation for specific mitigations.,https://cwe.mitre.org/data/definitions/46.html
711,MITRE CWE,CWE-460: Improper Cleanup on Thrown Exception,"The product does not clean up its state or incorrectly cleans up its state when an exception is thrown, leading to unexpected state or control flow.","If one breaks from a loop or function by throwing an exception, make sure that cleanup happens or that you should exit the program. Use throwing exceptions sparsely.",https://cwe.mitre.org/data/definitions/460.html
712,MITRE CWE,CWE-462: Duplicate Key in Associative List (Alist),Duplicate keys in associative lists can lead to non-unique keys being mistaken for an error.,Use a hash table instead of an alist. Use an alist which checks the uniqueness of hash keys with each entry before inserting the entry.,https://cwe.mitre.org/data/definitions/462.html
713,MITRE CWE,CWE-463: Deletion of Data Structure Sentinel,The accidental deletion of a data-structure sentinel can cause serious programming logic problems.,Use an abstraction library to abstract away risky APIs. Not a complete solution.  Use OS-level preventative functionality. Not a complete solution.,https://cwe.mitre.org/data/definitions/463.html
714,MITRE CWE,CWE-464: Addition of Data Structure Sentinel,The accidental addition of a data-structure sentinel can cause serious programming logic problems.,"Encapsulate the user from interacting with data sentinels. Validate user input to verify that sentinels are not present. Proper error checking can reduce the risk of inadvertently introducing sentinel values into data. For example, if a parsing function fails or encounters an error, it might return a value that is the same as the sentinel. Use an abstraction library to abstract away risky APIs. This is not a complete solution. Use OS-level preventative functionality. This is not a complete solution.",https://cwe.mitre.org/data/definitions/464.html
715,MITRE CWE,CWE-466: Return of Pointer Value Outside of Expected Range,A function can return a pointer to memory that is outside of the buffer that the pointer is expected to reference.,Refer to official CWE documentation for specific mitigations.,https://cwe.mitre.org/data/definitions/466.html
716,MITRE CWE,CWE-467: Use of sizeof() on a Pointer Type,"The code calls sizeof() on a pointer type, which can be an incorrect calculation if the programmer intended to determine the size of the data that is being pointed to.","Use expressions such as ""sizeof(*pointer)"" instead of ""sizeof(pointer)"", unless you intend to run sizeof() on a pointer type to gain some platform independence or if you are allocating a variable on the stack.",https://cwe.mitre.org/data/definitions/467.html
717,MITRE CWE,CWE-468: Incorrect Pointer Scaling,"In C and C++, one may often accidentally refer to the wrong memory due to the semantics of when math operations are implicitly scaled.",Use a platform with high-level memory abstractions. Always use array indexing instead of direct pointer manipulation. Use technologies for preventing buffer overflows.,https://cwe.mitre.org/data/definitions/468.html
718,MITRE CWE,CWE-469: Use of Pointer Subtraction to Determine Size,"The product subtracts one pointer from another in order to determine size, but this calculation can be incorrect if the pointers do not exist in the same memory chunk.","Save an index variable. This is the recommended solution. Rather than subtract pointers from one another, use an index variable of the same size as the pointers in question. Use this variable to ""walk"" from one pointer to the other and calculate the difference. Always validate this number.",https://cwe.mitre.org/data/definitions/469.html
719,MITRE CWE,CWE-47: Path Equivalence: ' filename' (Leading Space),"The product accepts path input in the form of leading space (' filedir') without appropriate validation, which can lead to ambiguous path resolution and allow an attacker to traverse the file system to unintended locations or access arbitrary files.",Refer to official CWE documentation for specific mitigations.,https://cwe.mitre.org/data/definitions/47.html
720,MITRE CWE,CWE-470: Use of Externally-Controlled Input to Select Classes or Code ('Unsafe Reflection'),"The product uses external input with reflection to select which classes or code to use, but it does not sufficiently prevent the input from selecting improper classes or code.",Refactor your code to avoid using reflection. Do not use user-controlled inputs to select and load classes or code. Apply strict input validation by using allowlists or indirect selection to ensure that the user is only selecting allowable classes or code.,https://cwe.mitre.org/data/definitions/470.html
721,MITRE CWE,CWE-471: Modification of Assumed-Immutable Data (MAID),The product does not properly protect an assumed-immutable element from being modified by an attacker.,"When the data is stored or transmitted through untrusted sources that could modify the data, implement integrity checks to detect unauthorized modification, or store/transmit the data in a trusted location that is free from external influence.",https://cwe.mitre.org/data/definitions/471.html
722,MITRE CWE,CWE-472: External Control of Assumed-Immutable Web Parameter,"The web application does not sufficiently verify inputs that are assumed to be immutable but are actually externally controllable, such as hidden form fields.", Inputs should be decoded and canonicalized to the application's current internal representation before being validated (CWE-180). Make sure that the application does not decode the same input twice (CWE-174). Such errors could be used to bypass allowlist validation schemes by introducing dangerous inputs after they have been checked.,https://cwe.mitre.org/data/definitions/472.html
723,MITRE CWE,CWE-473: PHP External Variable Modification,"A PHP application does not properly protect against the modification of variables from external sources, such as query parameters or cookies. This can expose the application to numerous weaknesses that would not exist otherwise.","Carefully identify which variables can be controlled or influenced by an external user, and consider adopting a naming convention to emphasize when externally modifiable variables are being used. An application should be reluctant to trust variables that have been initialized outside of its trust boundary. Ensure adequate checking is performed when relying on input from outside a trust boundary. Do not allow your application to run with register_globals enabled. If you implement a register_globals emulator, be extremely careful of variable extraction, dynamic evaluation, and similar issues, since weaknesses in your emulation could allow external variable modification to take place even without register_globals.",https://cwe.mitre.org/data/definitions/473.html
724,MITRE CWE,CWE-474: Use of Function with Inconsistent Implementations,The code uses a function that has inconsistent implementations across operating systems and versions.,Do not accept inconsistent behavior from the API specifications when the deviant behavior increase the risk level.,https://cwe.mitre.org/data/definitions/474.html
725,MITRE CWE,CWE-475: Undefined Behavior for Input to API,The behavior of this function is undefined unless its control parameter is set to a specific value.,Refer to official CWE documentation for specific mitigations.,https://cwe.mitre.org/data/definitions/475.html
726,MITRE CWE,CWE-476: NULL Pointer Dereference,The product dereferences a pointer that it expects to be valid but is NULL.,"For any pointers that could have been modified or provided from a function that can return NULL, check the pointer for NULL before use. When working with a multithreaded or otherwise asynchronous environment, ensure that proper locking APIs are used to lock before the check, and unlock when it has finished [REF-1484]. Select a programming language that is not susceptible to these issues. Check the results of all functions that return a value and verify that the value is non-null before acting upon it. Identify all variables and data stores that receive information from external sources, and apply input validation to make sure that they are only initialized to expected values. Explicitly initialize all variables and other data stores, either during declaration or just before the first usage.",https://cwe.mitre.org/data/definitions/476.html
727,MITRE CWE,CWE-477: Use of Obsolete Function,"The code uses deprecated or obsolete functions, which suggests that the code has not been actively reviewed or maintained.",Refer to the documentation for the obsolete function in order to determine why it is deprecated or obsolete and to learn about alternative ways to achieve the same functionality. Consider seriously the security implications of using an obsolete function. Consider using alternate functions.,https://cwe.mitre.org/data/definitions/477.html
728,MITRE CWE,CWE-478: Missing Default Case in Multiple Condition Expression,"The code does not have a default case in an expression with multiple conditions, such as a switch statement.","Ensure that there are no cases unaccounted for when adjusting program flow or values based on the value of a given variable. In the case of switch style statements, the very simple act of creating a default case can, if done correctly, mitigate this situation. Often however, the default case is used simply to represent an assumed option, as opposed to working as a check for invalid input. This is poor practice and in some cases is as bad as omitting a default case entirely.",https://cwe.mitre.org/data/definitions/478.html
729,MITRE CWE,CWE-479: Signal Handler Use of a Non-reentrant Function,The product defines a signal handler that calls a non-reentrant function.,"Require languages or libraries that provide reentrant functionality, or otherwise make it easier to avoid this weakness. Design signal handlers to only set flags rather than perform complex functionality. Ensure that non-reentrant functions are not found in signal handlers. Use sanity checks to reduce the timing window for exploitation of race conditions. This is only a partial solution, since many attacks might fail, but other attacks still might work within the narrower window, even accidentally.",https://cwe.mitre.org/data/definitions/479.html
730,MITRE CWE,CWE-48: Path Equivalence: 'file name' (Internal Whitespace),"The product accepts path input in the form of internal space ('file(SPACE)name') without appropriate validation, which can lead to ambiguous path resolution and allow an attacker to traverse the file system to unintended locations or access arbitrary files.",Refer to official CWE documentation for specific mitigations.,https://cwe.mitre.org/data/definitions/48.html
731,MITRE CWE,CWE-480: Use of Incorrect Operator,"The product accidentally uses the wrong operator, which changes the logic in security-relevant ways.",Refer to official CWE documentation for specific mitigations.,https://cwe.mitre.org/data/definitions/480.html
732,MITRE CWE,CWE-481: Assigning instead of Comparing,The code uses an operator for assignment when the intention was to perform a comparison.,"Place constants on the left. If one attempts to assign a constant with a variable, the compiler will produce an error.",https://cwe.mitre.org/data/definitions/481.html
733,MITRE CWE,CWE-482: Comparing instead of Assigning,The code uses an operator for comparison when the intention was to perform an assignment.,Many IDEs and static analysis products will detect this problem.,https://cwe.mitre.org/data/definitions/482.html
734,MITRE CWE,CWE-483: Incorrect Block Delimitation,"The code does not explicitly delimit a block that is intended to contain 2 or more statements, creating a logic error.",Always use explicit block delimitation and use static-analysis technologies to enforce this practice.,https://cwe.mitre.org/data/definitions/483.html
735,MITRE CWE,CWE-484: Omitted Break Statement in Switch,"The product omits a break statement within a switch or similar construct, causing code associated with multiple conditions to execute. This can cause problems when the programmer only intended to execute code associated with one condition.","Omitting a break statement so that one may fall through is often indistinguishable from an error, and therefore should be avoided. If you need to use fall-through capabilities, make sure that you have clearly documented this within the switch statement, and ensure that you have examined all the logical possibilities. The functionality of omitting a break statement could be clarified with an if statement. This method is much safer.",https://cwe.mitre.org/data/definitions/484.html
736,MITRE CWE,CWE-486: Comparison of Classes by Name,"The product compares classes by name, which can cause it to use the wrong class when multiple classes can have the same name.","Use class equivalency to determine type. Rather than use the class name to determine if an object is of a given type, use the getClass() method, and == operator.",https://cwe.mitre.org/data/definitions/486.html
737,MITRE CWE,CWE-487: Reliance on Package-level Scope,"Java packages are not inherently closed; therefore, relying on them for code security is not a good practice.","Data should be private static and final whenever possible. This will assure that your code is protected by instantiating early, preventing access and tampering.",https://cwe.mitre.org/data/definitions/487.html
738,MITRE CWE,CWE-488: Exposure of Data Element to Wrong Session,"The product does not sufficiently enforce boundaries between the states of different sessions, causing data to be provided to, or used by, the wrong session.","Protect the application's sessions from information leakage. Make sure that a session's data is not used or visible by other sessions. Use a static analysis tool to scan the code for information leakage vulnerabilities (e.g. Singleton Member Field). In a multithreading environment, storing user data in Servlet member fields introduces a data access race condition. Do not use member fields to store information in the Servlet.",https://cwe.mitre.org/data/definitions/488.html
739,MITRE CWE,CWE-489: Active Debug Code,The product is released with debugging code still enabled or active.,Remove debug code before deploying the application.,https://cwe.mitre.org/data/definitions/489.html
740,MITRE CWE,CWE-49: Path Equivalence: 'filename/' (Trailing Slash),"The product accepts path input in the form of trailing slash ('filedir/') without appropriate validation, which can lead to ambiguous path resolution and allow an attacker to traverse the file system to unintended locations or access arbitrary files.",Refer to official CWE documentation for specific mitigations.,https://cwe.mitre.org/data/definitions/49.html
741,MITRE CWE,CWE-491: Public cloneable() Method Without Final ('Object Hijack'),"A class has a cloneable() method that is not declared final, which allows an object to be created without calling the constructor. This can cause the object to be in an unexpected state.",Make the cloneable() method final.,https://cwe.mitre.org/data/definitions/491.html
742,MITRE CWE,CWE-492: Use of Inner Class Containing Sensitive Data,Inner classes are translated into classes that are accessible at package scope and may expose code that the programmer intended to keep private to attackers.,"Using sealed classes protects object-oriented encapsulation paradigms and therefore protects code from being extended in unforeseen ways. Inner Classes do not provide security. Warning: Never reduce the security of the object from an outer class, going to an inner class. If an outer class is final or private, ensure that its inner class is private as well.",https://cwe.mitre.org/data/definitions/492.html
743,MITRE CWE,CWE-493: Critical Public Variable Without Final Modifier,"The product has a critical public variable that is not final, which allows the variable to be modified to contain unexpected values.","Declare all public fields as final when possible, especially if it is used to maintain internal state of an Applet or of classes used by an Applet. If a field must be public, then perform all appropriate sanity checks before accessing the field from your code.",https://cwe.mitre.org/data/definitions/493.html
744,MITRE CWE,CWE-494: Download of Code Without Integrity Check,The product downloads source code or an executable from a remote location and executes the code without sufficiently verifying the origin and integrity of the code.,"Perform proper forward and reverse DNS lookups to detect DNS spoofing.   Run your code using the lowest privileges that are required to accomplish the necessary tasks [REF-76]. If possible, create isolated accounts with limited privileges that are only used for a single task. That way, a successful attack will not immediately give the attacker access to the rest of the software or its environment. For example, database applications rarely need to run as the database administrator, especially in day-to-day operations. ",https://cwe.mitre.org/data/definitions/494.html
745,MITRE CWE,CWE-495: Private Data Structure Returned From A Public Method,"The product has a method that is declared public, but returns a reference to a private data structure, which could then be modified in unexpected ways.",Declare the method private. Clone the member data and keep an unmodified version of the data private to the object. Use public setter methods that govern how a private member can be modified.,https://cwe.mitre.org/data/definitions/495.html
746,MITRE CWE,CWE-496: Public Data Assigned to Private Array-Typed Field,Assigning public data to a private array is equivalent to giving public access to the array.,Do not allow objects to modify private members of a class.,https://cwe.mitre.org/data/definitions/496.html
747,MITRE CWE,CWE-497: Exposure of Sensitive System Information to an Unauthorized Control Sphere,The product does not properly prevent sensitive system-level information from being accessed by unauthorized actors who do not have the same level of access to the underlying system as the product does.,Production applications should never use methods that generate internal details such as stack traces and error messages unless that information is directly committed to a log that is not viewable by the end user. All error message text should be HTML entity encoded before being written to the log file to protect against potential cross-site scripting attacks against the viewer of the logs,https://cwe.mitre.org/data/definitions/497.html
748,MITRE CWE,CWE-498: Cloneable Class Containing Sensitive Information,"The code contains a class with sensitive data, but the class is cloneable. The data can then be accessed by cloning the class.","If you do make your classes clonable, ensure that your clone method is final and throw super.clone().",https://cwe.mitre.org/data/definitions/498.html
749,MITRE CWE,CWE-499: Serializable Class Containing Sensitive Data,"The code contains a class with sensitive data, but the class does not explicitly deny serialization. The data can be accessed by serializing the class through another class.","In Java, explicitly define final writeObject() to prevent serialization. This is the recommended solution. Define the writeObject() function to throw an exception explicitly denying serialization. Make sure to prevent serialization of your objects.",https://cwe.mitre.org/data/definitions/499.html
750,MITRE CWE,CWE-5: J2EE Misconfiguration: Data Transmission Without Encryption,Information sent over a network can be compromised while in transit. An attacker may be able to read or modify the contents if the data are sent in plaintext or are weakly encrypted.,The product configuration should ensure that SSL or an encryption mechanism of equivalent strength and vetted reputation is used for all access-controlled pages.,https://cwe.mitre.org/data/definitions/5.html
751,MITRE CWE,CWE-50: Path Equivalence: '//multiple/leading/slash',"The product accepts path input in the form of multiple leading slash ('//multiple/leading/slash') without appropriate validation, which can lead to ambiguous path resolution and allow an attacker to traverse the file system to unintended locations or access arbitrary files.",Refer to official CWE documentation for specific mitigations.,https://cwe.mitre.org/data/definitions/50.html
752,MITRE CWE,CWE-500: Public Static Field Not Marked Final,"An object contains a public static field that is not marked final, which might allow it to be modified in unexpected ways.","Clearly identify the scope for all critical data elements, including whether they should be regarded as static. ",https://cwe.mitre.org/data/definitions/500.html
753,MITRE CWE,CWE-501: Trust Boundary Violation,The product mixes trusted and untrusted data in the same data structure or structured message.,Refer to official CWE documentation for specific mitigations.,https://cwe.mitre.org/data/definitions/501.html
754,MITRE CWE,CWE-502: Deserialization of Untrusted Data,The product deserializes untrusted data without sufficiently ensuring that the resulting data will be valid.,"If available, use the signing/sealing features of the programming language to assure that deserialized data has not been tainted. For example, a hash-based message authentication code (HMAC) could be used to ensure that data has not been modified. When deserializing data, populate a new object rather than just deserializing. The result is that the data flows through safe input validation and that the functions are safe. Explicitly define a final object() to prevent deserialization.  Avoid having unnecessary types or gadgets (a sequence of instances and method invocations that can self-execute during the deserialization process, often found in libraries) available that can be leveraged for malicious ends. This limits the potential for unintended or unauthorized types and gadgets to be leveraged by the attacker. Add only acceptable classes to an allowlist. Note: new gadgets are constantly being discovered, so this alone is not a sufficient mitigation. Employ cryptography of the data or code for protection. However, it's important to note that it would still be client-side security. This is risky because if the client is compromised then the security implemented on the client (the cryptography) can be bypassed. Use an application firewall that can detect attacks against this weakness. It can be beneficial in cases in which the code cannot be fixed (because it is controlled by a third party), as an emergency prevention measure while more comprehensive software assurance measures are applied, or to provide defense in depth [REF-1481].",https://cwe.mitre.org/data/definitions/502.html
755,MITRE CWE,CWE-506: Embedded Malicious Code,The product contains code that appears to be malicious in nature.,"Remove the malicious code and start an effort to ensure that no more malicious code exists. This may require a detailed review of all code, as it is possible to hide a serious attack in only one or two lines of code. These lines may be located almost anywhere in an application and may have been intentionally obfuscated by the attacker.",https://cwe.mitre.org/data/definitions/506.html
756,MITRE CWE,CWE-507: Trojan Horse,"The product appears to contain benign or useful functionality, but it also contains code that is hidden from normal operation that violates the intended security policy of the user or the system administrator.",Most antivirus software scans for Trojan Horses. Verify the integrity of the product that is being installed.,https://cwe.mitre.org/data/definitions/507.html
757,MITRE CWE,CWE-508: Non-Replicating Malicious Code,Non-replicating malicious code only resides on the target system or product that is attacked; it does not attempt to spread to other systems.,Antivirus software can help mitigate known malicious code. Verify the integrity of the software that is being installed.,https://cwe.mitre.org/data/definitions/508.html
758,MITRE CWE,CWE-509: Replicating Malicious Code (Virus or Worm),"Replicating malicious code, including viruses and worms, will attempt to attack other systems once it has successfully compromised the target system or the product.",Antivirus software scans for viruses or worms. Always verify the integrity of the software that is being installed.,https://cwe.mitre.org/data/definitions/509.html
759,MITRE CWE,CWE-51: Path Equivalence: '/multiple//internal/slash',"The product accepts path input in the form of multiple internal slash ('/multiple//internal/slash/') without appropriate validation, which can lead to ambiguous path resolution and allow an attacker to traverse the file system to unintended locations or access arbitrary files.",Inputs should be decoded and canonicalized to the application's current internal representation before being validated (CWE-180). Make sure that the application does not decode the same input twice (CWE-174). Such errors could be used to bypass allowlist validation schemes by introducing dangerous inputs after they have been checked.,https://cwe.mitre.org/data/definitions/51.html
760,MITRE CWE,CWE-510: Trapdoor,"A trapdoor is a hidden piece of code that responds to a special input, allowing its user access to resources without passing through the normal security enforcement mechanism.","Always verify the integrity of the software that is being installed. Identify and closely inspect the conditions for entering privileged areas of the code, especially those related to authentication, process invocation, and network communications.",https://cwe.mitre.org/data/definitions/510.html
761,MITRE CWE,CWE-511: Logic/Time Bomb,"The product contains code that is designed to disrupt the legitimate operation of the product (or its environment) when a certain time passes, or when a certain logical condition is met.",Always verify the integrity of the product that is being installed.,https://cwe.mitre.org/data/definitions/511.html
762,MITRE CWE,CWE-512: Spyware,"The product collects personally identifiable information about a human user or the user's activities, but the product accesses this information using other resources besides itself, and it does not require that user's explicit approval or direct input into the product.",Use spyware detection and removal software. Always verify the integrity of the product that is being installed.,https://cwe.mitre.org/data/definitions/512.html
763,MITRE CWE,CWE-514: Covert Channel,A covert channel is a path that can be used to transfer information in a way not intended by the system's designers.,Refer to official CWE documentation for specific mitigations.,https://cwe.mitre.org/data/definitions/514.html
764,MITRE CWE,CWE-515: Covert Storage Channel,A covert storage channel transfers information through the setting of bits by one program and the reading of those bits by another. What distinguishes this case from that of ordinary operation is that the bits are used to convey encoded information.,Ensure that all reserved fields are set to zero before messages are sent and that no unnecessary information is included.,https://cwe.mitre.org/data/definitions/515.html
765,MITRE CWE,CWE-516: DEPRECATED: Covert Timing Channel,This weakness can be found at CWE-385.,Refer to official CWE documentation for specific mitigations.,https://cwe.mitre.org/data/definitions/516.html
766,MITRE CWE,CWE-52: Path Equivalence: '/multiple/trailing/slash//',"The product accepts path input in the form of multiple trailing slash ('/multiple/trailing/slash//') without appropriate validation, which can lead to ambiguous path resolution and allow an attacker to traverse the file system to unintended locations or access arbitrary files.",Inputs should be decoded and canonicalized to the application's current internal representation before being validated (CWE-180). Make sure that the application does not decode the same input twice (CWE-174). Such errors could be used to bypass allowlist validation schemes by introducing dangerous inputs after they have been checked.,https://cwe.mitre.org/data/definitions/52.html
767,MITRE CWE,CWE-520: .NET Misconfiguration: Use of Impersonation,Allowing a .NET application to run at potentially escalated levels of access to the underlying operating and file systems can be dangerous and result in various forms of attacks.,Run the application with limited privilege to the underlying operating and file system.,https://cwe.mitre.org/data/definitions/520.html
768,MITRE CWE,CWE-521: Weak Password Requirements,The product does not require that users should have strong passwords.," Consider a second                  authentication factor beyond the password, which prevents the                  password from being a single point of failure. See CWE-308 for                  further information. Consider implementing a password complexity meter to inform users when a chosen password meets the required attributes. Previously, ""password expiration"" was 			   widely advocated as a defense-in-depth approach to 			   minimize the risk of weak passwords, and it has become 			   a common practice.  Password expiration requires a 			   password to be changed within a fixed time window (such 			   as every 90 days).  However, this approach has 			   significant limitations in the current threat 			   landscape, and its utility has been reduced in light of 			   the adoption of related protection mechanisms (such as 			   password complexity and computational effort), along 			   with the recognition that regular password changes 			   often caused users to generate more predictable 			   passwords. As a result, this is now a Discouraged 			   Common Practice [REF-1488] [REF-1489], especially as 			   the sole factor in protecting passwords. It is still 			   strongly encouraged to force password changes in case 			   of evidence of compromise, but this is not the same as 			   a forced ""expiration"" on an arbitrary time 			   frame.",https://cwe.mitre.org/data/definitions/521.html
769,MITRE CWE,CWE-522: Insufficiently Protected Credentials,"The product transmits or stores authentication credentials, but it uses an insecure method that is susceptible to unauthorized interception and/or retrieval.","Use an appropriate security mechanism to protect the credentials. Make appropriate use of cryptography to protect the credentials. Use industry standards to protect the credentials (e.g. LDAP, keystore, etc.).",https://cwe.mitre.org/data/definitions/522.html
770,MITRE CWE,CWE-523: Unprotected Transport of Credentials,Login pages do not use adequate measures to protect the user name and password while they are in transit from the client to the server.,"Enforce SSL use for the login page or any page used to transmit user credentials or other sensitive information. Even if the entire site does not use SSL, it MUST use SSL for login. Additionally, to help prevent phishing attacks, make sure that SSL serves the login page. SSL allows the user to verify the identity of the server to which they are connecting. If the SSL serves login page, the user can be certain they are talking to the proper end system. A phishing attack would typically redirect a user to a site that does not have a valid trusted server certificate issued from an authorized supplier.",https://cwe.mitre.org/data/definitions/523.html
771,MITRE CWE,CWE-524: Use of Cache Containing Sensitive Information,"The code uses a cache that contains sensitive information, but the cache can be read by an actor outside of the intended control sphere.",Protect information stored in cache. Do not store unnecessarily sensitive information in the cache. Consider using encryption in the cache.,https://cwe.mitre.org/data/definitions/524.html
772,MITRE CWE,CWE-525: Use of Web Browser Cache Containing Sensitive Information,The web application does not use an appropriate caching policy that specifies the extent to which each web page and associated form fields should be cached.,"Protect information stored in cache. Use a restrictive caching policy for forms and web pages that potentially contain sensitive information, such as ""no-cache"" in the Cache-Control header. Do not store unnecessarily sensitive information in the cache. Consider using encryption in the cache.",https://cwe.mitre.org/data/definitions/525.html
773,MITRE CWE,CWE-526: Cleartext Storage of Sensitive Information in an Environment Variable,The product uses an environment variable to store unencrypted sensitive information.,"Encrypt information stored in the environment variable to protect it from being exposed to an unauthorized user. If encryption is not feasible or is considered too expensive for the business use of the application, then consider using a properly protected configuration file instead of an environment variable. It should be understood that unencrypted information in a config file is also not guaranteed to be protected, but it is still a better choice, because it reduces attack surface related to weaknesses such as CWE-214. In some settings, vaults might be a feasible option for safer data transfer. Users should be notified of the business choice made to not protect the sensitive information through encryption. If the environment variable is not necessary for the desired behavior, then remove it entirely, or clear it to an empty value.",https://cwe.mitre.org/data/definitions/526.html
774,MITRE CWE,CWE-527: Exposure of Version-Control Repository to an Unauthorized Control Sphere,"The product stores a CVS, git, or other repository in a directory, archive, or other resource that is stored, transferred, or otherwise made accessible to unauthorized actors.","Recommendations include removing any CVS directories and repositories from the production server, disabling the use of remote CVS repositories, and ensuring that the latest CVS patches and version updates have been performed.",https://cwe.mitre.org/data/definitions/527.html
775,MITRE CWE,CWE-528: Exposure of Core Dump File to an Unauthorized Control Sphere,"The product generates a core dump file in a directory, archive, or other resource that is stored, transferred, or otherwise made accessible to unauthorized actors.",Protect the core dump files from unauthorized access.,https://cwe.mitre.org/data/definitions/528.html
776,MITRE CWE,CWE-529: Exposure of Access Control List Files to an Unauthorized Control Sphere,The product stores access control list files in a directory or other container that is accessible to actors outside of the intended control sphere.,Protect access control list files.,https://cwe.mitre.org/data/definitions/529.html
777,MITRE CWE,CWE-53: Path Equivalence: '\multiple\\internal\backslash',"The product accepts path input in the form of multiple internal backslash ('\multiple\trailing\\slash') without appropriate validation, which can lead to ambiguous path resolution and allow an attacker to traverse the file system to unintended locations or access arbitrary files.",Inputs should be decoded and canonicalized to the application's current internal representation before being validated (CWE-180). Make sure that the application does not decode the same input twice (CWE-174). Such errors could be used to bypass allowlist validation schemes by introducing dangerous inputs after they have been checked.,https://cwe.mitre.org/data/definitions/53.html
778,MITRE CWE,CWE-530: Exposure of Backup File to an Unauthorized Control Sphere,A backup file is stored in a directory or archive that is made accessible to unauthorized actors.,Recommendations include implementing a security policy within your organization that prohibits backing up web application source code in the webroot.,https://cwe.mitre.org/data/definitions/530.html
779,MITRE CWE,CWE-531: Inclusion of Sensitive Information in Test Code,"Accessible test applications can pose a variety of security risks. Since developers or administrators rarely consider that someone besides themselves would even know about the existence of these applications, it is common for them to contain sensitive information or functions.",Remove test code before deploying the application into production.,https://cwe.mitre.org/data/definitions/531.html
780,MITRE CWE,CWE-532: Insertion of Sensitive Information into Log File,The product writes sensitive information to a log file.,Consider seriously the sensitivity of the information written into log files. Do not write secrets into the log files. Remove debug log files before deploying the application into production. Protect log files against unauthorized read/write. Adjust configurations appropriately when software is transitioned from a debug state to production.,https://cwe.mitre.org/data/definitions/532.html
781,MITRE CWE,CWE-533: DEPRECATED: Information Exposure Through Server Log Files,This entry has been deprecated because its abstraction was too low-level.  See CWE-532.,Refer to official CWE documentation for specific mitigations.,https://cwe.mitre.org/data/definitions/533.html
782,MITRE CWE,CWE-534: DEPRECATED: Information Exposure Through Debug Log Files,This entry has been deprecated because its abstraction was too low-level.  See CWE-532.,Refer to official CWE documentation for specific mitigations.,https://cwe.mitre.org/data/definitions/534.html
783,MITRE CWE,CWE-535: Exposure of Information Through Shell Error Message,"A command shell error message indicates that there exists an unhandled exception in the web application code. In many cases, an attacker can leverage the conditions that cause these errors in order to gain unauthorized access to the system.",Refer to official CWE documentation for specific mitigations.,https://cwe.mitre.org/data/definitions/535.html
784,MITRE CWE,CWE-536: Servlet Runtime Error Message Containing Sensitive Information,A servlet error message indicates that there exists an unhandled exception in the web application code and may provide useful information to an attacker.,Refer to official CWE documentation for specific mitigations.,https://cwe.mitre.org/data/definitions/536.html
785,MITRE CWE,CWE-537: Java Runtime Error Message Containing Sensitive Information,"In many cases, an attacker can leverage the conditions that cause unhandled exception errors in order to gain unauthorized access to the system.",Do not expose sensitive error information to the user.,https://cwe.mitre.org/data/definitions/537.html
786,MITRE CWE,CWE-538: Insertion of Sensitive Information into Externally-Accessible File or Directory,"The product places sensitive information into files or directories that are accessible to actors who are allowed to have access to the files, but not to the sensitive information.",Do not expose file and directory information to the user.,https://cwe.mitre.org/data/definitions/538.html
787,MITRE CWE,CWE-539: Use of Persistent Cookies Containing Sensitive Information,"The web application uses persistent cookies, but the cookies contain sensitive information.",Do not store sensitive information in persistent cookies.,https://cwe.mitre.org/data/definitions/539.html
788,MITRE CWE,CWE-54: Path Equivalence: 'filedir\' (Trailing Backslash),"The product accepts path input in the form of trailing backslash ('filedir\') without appropriate validation, which can lead to ambiguous path resolution and allow an attacker to traverse the file system to unintended locations or access arbitrary files.",Inputs should be decoded and canonicalized to the application's current internal representation before being validated (CWE-180). Make sure that the application does not decode the same input twice (CWE-174). Such errors could be used to bypass allowlist validation schemes by introducing dangerous inputs after they have been checked.,https://cwe.mitre.org/data/definitions/54.html
789,MITRE CWE,CWE-540: Inclusion of Sensitive Information in Source Code,Source code on a web server or repository often contains sensitive information and should generally not be accessible to users.,Recommendations include removing this script from the web server and moving it to a location not accessible from the Internet.,https://cwe.mitre.org/data/definitions/540.html
790,MITRE CWE,CWE-541: Inclusion of Sensitive Information in an Include File,"If an include file source is accessible, the file can contain usernames and passwords, as well as sensitive information pertaining to the application and system.",Do not store sensitive information in include files. Protect include files from being exposed.,https://cwe.mitre.org/data/definitions/541.html
791,MITRE CWE,CWE-542: DEPRECATED: Information Exposure Through Cleanup Log Files,This entry has been deprecated because its abstraction was too low-level.  See CWE-532.,Refer to official CWE documentation for specific mitigations.,https://cwe.mitre.org/data/definitions/542.html
792,MITRE CWE,CWE-543: Use of Singleton Pattern Without Synchronization in a Multithreaded Context,The product uses the singleton pattern when creating a resource within a multithreaded environment.,"Use the Thread-Specific Storage Pattern. See References. Do not use member fields to store information in the Servlet. In multithreading environments, storing user data in Servlet member fields introduces a data access race condition. Avoid using the double-checked locking pattern in language versions that cannot guarantee thread safety. This pattern may be used to avoid the overhead of a synchronized call, but in certain versions of Java (for example), this has been shown to be unsafe because it still introduces a race condition (CWE-209).",https://cwe.mitre.org/data/definitions/543.html
793,MITRE CWE,CWE-544: Missing Standardized Error Handling Mechanism,"The product does not use a standardized method for handling errors throughout the code, which might introduce inconsistent error handling and resultant weaknesses.","define a strategy for handling errors of different severities, such as fatal errors versus basic log events. Use or create built-in language features, or an external package, that provides an easy-to-use API and define coding standards for the detection and handling of errors.",https://cwe.mitre.org/data/definitions/544.html
794,MITRE CWE,CWE-545: DEPRECATED: Use of Dynamic Class Loading,"This weakness has been deprecated because it partially overlaps CWE-470, it describes legitimate programmer behavior, and other portions will need to be integrated into other entries.",Refer to official CWE documentation for specific mitigations.,https://cwe.mitre.org/data/definitions/545.html
795,MITRE CWE,CWE-546: Suspicious Comment,"The code contains comments that suggest the presence of bugs, incomplete functionality, or weaknesses.","Remove comments that suggest the presence of bugs, incomplete functionality, or weaknesses, before deploying the application.",https://cwe.mitre.org/data/definitions/546.html
796,MITRE CWE,"CWE-547: Use of Hard-coded, Security-relevant Constants","The product uses hard-coded constants instead of symbolic names for security-critical values, which increases the likelihood of mistakes during code maintenance or security policy change.",Avoid using hard-coded constants. Configuration files offer a more flexible solution.,https://cwe.mitre.org/data/definitions/547.html
797,MITRE CWE,CWE-548: Exposure of Information Through Directory Listing,The product inappropriately exposes a directory listing with an index of all the resources located inside of the directory.,"Recommendations include restricting access to important directories or files by adopting a need to know requirement for both the document and server root, and turning off features such as Automatic Directory Listings that could expose private files and provide information that could be utilized by an attacker when formulating or conducting an attack.",https://cwe.mitre.org/data/definitions/548.html
798,MITRE CWE,CWE-549: Missing Password Field Masking,"The product does not mask passwords during entry, increasing the potential for attackers to observe and capture passwords.",Recommendations include requiring all password fields in your web application be masked to prevent other users from seeing this information.,https://cwe.mitre.org/data/definitions/549.html
799,MITRE CWE,CWE-55: Path Equivalence: '/./' (Single Dot Directory),"The product accepts path input in the form of single dot directory exploit ('/./') without appropriate validation, which can lead to ambiguous path resolution and allow an attacker to traverse the file system to unintended locations or access arbitrary files.",Inputs should be decoded and canonicalized to the application's current internal representation before being validated (CWE-180). Make sure that the application does not decode the same input twice (CWE-174). Such errors could be used to bypass allowlist validation schemes by introducing dangerous inputs after they have been checked.,https://cwe.mitre.org/data/definitions/55.html
800,MITRE CWE,CWE-550: Server-generated Error Message Containing Sensitive Information,"Certain conditions, such as network failure, will cause a server error message to be displayed.","Recommendations include designing and adding consistent error handling mechanisms which are capable of handling any user input to your web application, providing meaningful detail to end-users, and preventing error messages that might provide information useful to an attacker from being displayed.",https://cwe.mitre.org/data/definitions/550.html
801,MITRE CWE,CWE-551: Incorrect Behavior Order: Authorization Before Parsing and Canonicalization,"If a web server does not fully parse requested URLs before it examines them for authorization, it may be possible for an attacker to bypass authorization protection.",URL Inputs should be decoded and canonicalized to the application's current internal representation before being validated and processed for authorization. Make sure that your application does not decode the same input twice. Such errors could be used to bypass allowlist schemes by introducing dangerous inputs after they have been checked.,https://cwe.mitre.org/data/definitions/551.html
802,MITRE CWE,CWE-552: Files or Directories Accessible to External Parties,"The product makes files or directories accessible to unauthorized actors, even though they should not be.","When storing data in the cloud (e.g., S3 buckets, Azure blobs, Google Cloud Storage, etc.), use the provider's controls to disable public access.",https://cwe.mitre.org/data/definitions/552.html
803,MITRE CWE,CWE-553: Command Shell in Externally Accessible Directory,A possible shell file exists in /cgi-bin/ or other accessible directories. This is extremely dangerous and can be used by an attacker to execute commands on the web server.,Remove any Shells accessible under the web root folder and children directories.,https://cwe.mitre.org/data/definitions/553.html
804,MITRE CWE,CWE-554: ASP.NET Misconfiguration: Not Using Input Validation Framework,The ASP.NET application does not use an input validation framework.,Refer to official CWE documentation for specific mitigations.,https://cwe.mitre.org/data/definitions/554.html
805,MITRE CWE,CWE-555: J2EE Misconfiguration: Plaintext Password in Configuration File,The J2EE application stores a plaintext password in a configuration file.,Do not hardwire passwords into your software. Use industry standard libraries to encrypt passwords before storage in configuration files.,https://cwe.mitre.org/data/definitions/555.html
806,MITRE CWE,CWE-556: ASP.NET Misconfiguration: Use of Identity Impersonation,Configuring an ASP.NET application to run with impersonated credentials may give the application unnecessary privileges.,Use the least privilege principle.,https://cwe.mitre.org/data/definitions/556.html
807,MITRE CWE,CWE-558: Use of getlogin() in Multithreaded Application,"The product uses the getlogin() function in a multithreaded context, potentially causing it to return incorrect values.","Using names for security purposes is not advised. Names are easy to forge and can have overlapping user IDs, potentially causing confusion or impersonation. Use getlogin_r() instead, which is reentrant, meaning that other processes are locked out from changing the username.",https://cwe.mitre.org/data/definitions/558.html
808,MITRE CWE,CWE-56: Path Equivalence: 'filedir*' (Wildcard),"The product accepts path input in the form of asterisk wildcard ('filedir*') without appropriate validation, which can lead to ambiguous path resolution and allow an attacker to traverse the file system to unintended locations or access arbitrary files.",Inputs should be decoded and canonicalized to the application's current internal representation before being validated (CWE-180). Make sure that the application does not decode the same input twice (CWE-174). Such errors could be used to bypass allowlist validation schemes by introducing dangerous inputs after they have been checked.,https://cwe.mitre.org/data/definitions/56.html
809,MITRE CWE,CWE-560: Use of umask() with chmod-style Argument,The product calls umask() with an incorrect argument that is specified as if it is an argument to chmod().,Use umask() with the correct argument.,https://cwe.mitre.org/data/definitions/560.html
810,MITRE CWE,CWE-561: Dead Code,"The product contains dead code, which can never be executed.",Remove dead code before deploying the application.,https://cwe.mitre.org/data/definitions/561.html
811,MITRE CWE,CWE-562: Return of Stack Variable Address,"A function returns the address of a stack variable, which will cause unintended program behavior, typically in the form of a crash.",Fix the code so that it does not return a stack address.,https://cwe.mitre.org/data/definitions/562.html
812,MITRE CWE,CWE-563: Assignment to Variable without Use,"The variable's value is assigned but never used, making it a dead store.",Remove unused variables from the code.,https://cwe.mitre.org/data/definitions/563.html
813,MITRE CWE,CWE-564: SQL Injection: Hibernate,Using Hibernate to execute a dynamic SQL statement built with user-controlled input can allow an attacker to modify the statement's meaning or to execute arbitrary SQL commands.,"A non-SQL style database which is not subject to this flaw may be chosen. Follow the principle of least privilege when creating user accounts to a SQL database. Users should only have the minimum privileges necessary to use their account. If the requirements of the system indicate that a user can read and modify their own data, then limit their privileges so they cannot read/write others' data. For any security checks that are performed on the client side, ensure that these checks are duplicated on the server side, in order to avoid CWE-602. Attackers can bypass the client-side checks by modifying values after the checks have been performed, or by changing the client to remove the client-side checks entirely. Then, these modified values would be submitted to the server. Implement SQL strings using prepared statements that bind variables. Prepared statements that do not bind variables can be vulnerable to attack. Use vigorous allowlist style checking on any user input that may be used in a SQL command. Rather than escape meta-characters, it is safest to disallow them entirely. Reason: Later use of data that have been entered in the database may neglect to escape meta-characters before use. Narrowly define the set of safe characters based on the expected value of the parameter in the request.",https://cwe.mitre.org/data/definitions/564.html
814,MITRE CWE,CWE-565: Reliance on Cookies without Validation and Integrity Checking,"The product relies on the existence or values of cookies when performing security-critical operations, but it does not properly ensure that the setting is valid for the associated user.","Avoid using cookie data for a security-related decision. Perform thorough input validation (i.e.: server side validation) on the cookie data if you're going to use it for a security related decision. Add integrity checks to detect tampering. Protect critical cookies from replay attacks, since cross-site scripting or other attacks may allow attackers to steal a strongly-encrypted cookie that also passes integrity checks. This mitigation applies to cookies that should only be valid during a single transaction or session. By enforcing timeouts, you may limit the scope of an attack. As part of your integrity check, use an unpredictable, server-side value that is not exposed to the client.",https://cwe.mitre.org/data/definitions/565.html
815,MITRE CWE,CWE-566: Authorization Bypass Through User-Controlled SQL Primary Key,"The product uses a database table that includes records that should not be accessible to an actor, but it executes a SQL statement with a primary key that can be controlled by that actor.","Assume all input is malicious. Use a standard input validation mechanism to validate all input for length, type, syntax, and business rules before accepting the data. Use an ""accept known good"" validation strategy. Use a parameterized query AND make sure that the accepted values conform to the business rules. Construct your SQL statement accordingly.",https://cwe.mitre.org/data/definitions/566.html
816,MITRE CWE,CWE-567: Unsynchronized Access to Shared Data in a Multithreaded Context,"The product does not properly synchronize shared data, such as static variables across threads, which can lead to undefined behavior and unpredictable data changes.","Remove the use of static variables used between servlets. If this cannot be avoided, use synchronized access for these variables.",https://cwe.mitre.org/data/definitions/567.html
817,MITRE CWE,CWE-568: finalize() Method Without super.finalize(),The product contains a finalize() method that does not call super.finalize().,Call the super.finalize() method.,https://cwe.mitre.org/data/definitions/568.html
818,MITRE CWE,CWE-57: Path Equivalence: 'fakedir/../realdir/filename',"The product contains protection mechanisms to restrict access to 'realdir/filename', but it constructs pathnames using external input in the form of 'fakedir/../realdir/filename' that are not handled by those mechanisms. This allows attackers to perform unauthorized actions against the targeted file.",Inputs should be decoded and canonicalized to the application's current internal representation before being validated (CWE-180). Make sure that the application does not decode the same input twice (CWE-174). Such errors could be used to bypass allowlist validation schemes by introducing dangerous inputs after they have been checked.,https://cwe.mitre.org/data/definitions/57.html
819,MITRE CWE,CWE-570: Expression is Always False,The product contains an expression that will always evaluate to false.,"Consider refactoring the code, or determine if the code is not including a condition that could cause the expression to become false.",https://cwe.mitre.org/data/definitions/570.html
820,MITRE CWE,CWE-571: Expression is Always True,The product contains an expression that will always evaluate to true.,"Consider refactoring the code, or determine if the code is not including a condition that could cause the expression to become false.",https://cwe.mitre.org/data/definitions/571.html
821,MITRE CWE,CWE-572: Call to Thread run() instead of start(),"The product calls a thread's run() method instead of calling start(), which causes the code to run in the thread of the caller instead of the callee.",Use the start() method instead of the run() method.,https://cwe.mitre.org/data/definitions/572.html
822,MITRE CWE,CWE-573: Improper Following of Specification by Caller,"The product does not follow or incorrectly follows the specifications as required by the implementation language, environment, framework, protocol, or platform.",Refer to official CWE documentation for specific mitigations.,https://cwe.mitre.org/data/definitions/573.html
823,MITRE CWE,CWE-574: EJB Bad Practices: Use of Synchronization Primitives,The product violates the Enterprise JavaBeans (EJB) specification by using thread synchronization primitives.,Do not use Synchronization Primitives when writing EJBs.,https://cwe.mitre.org/data/definitions/574.html
824,MITRE CWE,CWE-575: EJB Bad Practices: Use of AWT Swing,The product violates the Enterprise JavaBeans (EJB) specification by using AWT/Swing.,Do not use AWT/Swing when writing EJBs.,https://cwe.mitre.org/data/definitions/575.html
825,MITRE CWE,CWE-576: EJB Bad Practices: Use of Java I/O,The product violates the Enterprise JavaBeans (EJB) specification by using the java.io package.,Do not use Java I/O when writing EJBs.,https://cwe.mitre.org/data/definitions/576.html
826,MITRE CWE,CWE-577: EJB Bad Practices: Use of Sockets,The product violates the Enterprise JavaBeans (EJB) specification by using sockets.,Do not use Sockets when writing EJBs.,https://cwe.mitre.org/data/definitions/577.html
827,MITRE CWE,CWE-578: EJB Bad Practices: Use of Class Loader,The product violates the Enterprise JavaBeans (EJB) specification by using the class loader.,Do not use the Class Loader when writing EJBs.,https://cwe.mitre.org/data/definitions/578.html
828,MITRE CWE,CWE-579: J2EE Bad Practices: Non-serializable Object Stored in Session,"The product stores a non-serializable object as an HttpSession attribute, which can hurt reliability.","In order for session replication to work, the values the product stores as attributes in the session must implement the Serializable interface.",https://cwe.mitre.org/data/definitions/579.html
829,MITRE CWE,CWE-58: Path Equivalence: Windows 8.3 Filename,"The product contains a protection mechanism that restricts access to a long filename on a Windows operating system, but it does not properly restrict access to the equivalent short ""8.3"" filename.",Disable Windows from supporting 8.3 filenames by editing the Windows registry. Preventing 8.3 filenames will not remove previously generated 8.3 filenames.,https://cwe.mitre.org/data/definitions/58.html
830,MITRE CWE,CWE-580: clone() Method Without super.clone(),The product contains a clone() method that does not call super.clone() to obtain the new object.,"Call super.clone() within your clone() method, when obtaining a new object. In some cases, you can eliminate the clone method altogether and use copy constructors.",https://cwe.mitre.org/data/definitions/580.html
831,MITRE CWE,CWE-581: Object Model Violation: Just One of Equals and Hashcode Defined,The product does not maintain equal hashcodes for equal objects.,Both Equals() and Hashcode() should be defined.,https://cwe.mitre.org/data/definitions/581.html
832,MITRE CWE,"CWE-582: Array Declared Public, Final, and Static","The product declares an array public, final, and static, which is not sufficient to prevent the array's contents from being modified.",In most situations the array should be made private.,https://cwe.mitre.org/data/definitions/582.html
833,MITRE CWE,CWE-583: finalize() Method Declared Public,The product violates secure coding principles for mobile code by declaring a finalize() method public.,"If you are using finalize() as it was designed, there is no reason to declare finalize() with anything other than protected access.",https://cwe.mitre.org/data/definitions/583.html
834,MITRE CWE,CWE-584: Return Inside Finally Block,"The code has a return statement inside a finally block, which will cause any thrown exception in the try block to be discarded.","Do not use a return statement inside the finally block. The finally block should have ""cleanup"" code.",https://cwe.mitre.org/data/definitions/584.html
835,MITRE CWE,CWE-585: Empty Synchronized Block,The product contains an empty synchronized block.,"When you come across an empty synchronized statement, or a synchronized statement in which the code has been commented out, try to determine what the original intentions were and whether or not the synchronized block is still necessary.",https://cwe.mitre.org/data/definitions/585.html
836,MITRE CWE,CWE-586: Explicit Call to Finalize(),The product makes an explicit call to the finalize() method from outside the finalizer.,Do not make explicit calls to finalize().,https://cwe.mitre.org/data/definitions/586.html
837,MITRE CWE,CWE-587: Assignment of a Fixed Address to a Pointer,The product sets a pointer to a specific address other than NULL or 0.,Never set a pointer to a fixed address.,https://cwe.mitre.org/data/definitions/587.html
838,MITRE CWE,CWE-588: Attempt to Access Child of a Non-structure Pointer,Casting a non-structure type to a structure type and accessing a field can lead to memory access errors or data corruption.,The choice could be made to use a language that is not susceptible to these issues. Review of type casting operations can identify locations where incompatible types are cast.,https://cwe.mitre.org/data/definitions/588.html
839,MITRE CWE,CWE-589: Call to Non-ubiquitous API,The product uses an API function that does not exist on all versions of the target platform. This could cause portability problems or inconsistencies that allow denial of service or other consequences.,Always test your code on any platform on which it is targeted to run on. Test your code on the newest and oldest platform on which it is targeted to run on. Develop a system to test for API functions that are not portable.,https://cwe.mitre.org/data/definitions/589.html
840,MITRE CWE,CWE-59: Improper Link Resolution Before File Access ('Link Following'),"The product attempts to access a file based on the filename, but it does not properly prevent that filename from identifying a link or shortcut that resolves to an unintended resource.",Refer to official CWE documentation for specific mitigations.,https://cwe.mitre.org/data/definitions/59.html
841,MITRE CWE,CWE-590: Free of Memory not on the Heap,"The product calls free() on a pointer to memory that was not allocated using associated heap allocation functions such as malloc(), calloc(), or realloc().","Only free pointers that you have called malloc on previously. This is the recommended solution. Keep track of which pointers point at the beginning of valid chunks and free them only once. Before freeing a pointer, the programmer should make sure that the pointer was previously allocated on the heap and that the memory belongs to the programmer. Freeing an unallocated pointer will cause undefined behavior in the program.  Use a language that provides abstractions for memory allocation and deallocation.",https://cwe.mitre.org/data/definitions/590.html
842,MITRE CWE,CWE-591: Sensitive Data Storage in Improperly Locked Memory,"The product stores sensitive data in memory that is not locked, or that has been incorrectly locked, which might cause the memory to be written to swap files on disk by the virtual memory manager. This can make the data more accessible to external actors.",Identify data that needs to be protected from swapping and choose platform-appropriate protection mechanisms. Check return values to ensure locking operations are successful.,https://cwe.mitre.org/data/definitions/591.html
843,MITRE CWE,CWE-592: DEPRECATED: Authentication Bypass Issues,This weakness has been deprecated because it covered redundant concepts already described in CWE-287.,Refer to official CWE documentation for specific mitigations.,https://cwe.mitre.org/data/definitions/592.html
844,MITRE CWE,CWE-593: Authentication Bypass: OpenSSL CTX Object Modified after SSL Objects are Created,The product modifies the SSL context after connection creation has begun.,"Use a language or a library that provides a cryptography framework at a higher level of abstraction. Most SSL_CTX functions have SSL counterparts that act on SSL-type objects. Applications should set up an SSL_CTX completely, before creating SSL objects from it.",https://cwe.mitre.org/data/definitions/593.html
845,MITRE CWE,CWE-594: J2EE Framework: Saving Unserializable Objects to Disk,When the J2EE container attempts to write unserializable objects to disk there is no guarantee that the process will complete successfully.,All objects that become part of session and application scope must implement the java.io.Serializable interface to ensure serializability of containing objects.,https://cwe.mitre.org/data/definitions/594.html
846,MITRE CWE,CWE-595: Comparison of Object References Instead of Object Contents,"The product compares object references instead of the contents of the objects themselves, preventing it from detecting equivalent objects.","In Java, use the equals() method to compare objects instead of the == operator. If using ==, it is important for performance reasons that your objects are created by a static factory, not by a constructor.",https://cwe.mitre.org/data/definitions/595.html
847,MITRE CWE,CWE-596: DEPRECATED: Incorrect Semantic Object Comparison,This weakness has been deprecated.  It was poorly described and difficult to distinguish from other entries.  It was also inappropriate to assign a separate ID solely because of domain-specific considerations.  Its closest equivalent is CWE-1023.,Refer to official CWE documentation for specific mitigations.,https://cwe.mitre.org/data/definitions/596.html
848,MITRE CWE,CWE-597: Use of Wrong Operator in String Comparison,"The product uses the wrong operator when comparing a string, such as using ""=="" when the .equals() method should be used instead.","Within Java, use .equals() to compare string values.",https://cwe.mitre.org/data/definitions/597.html
849,MITRE CWE,CWE-598: Use of HTTP Request With Sensitive Query String,"The web application uses an HTTP method to process a request, but the request includes sensitive information in the query string.","When sending sensitive information, only                include it in the request body or request headers                instead of the query string. This may require avoiding                use of GET requests.",https://cwe.mitre.org/data/definitions/598.html
850,MITRE CWE,CWE-599: Missing Validation of OpenSSL Certificate,The product uses OpenSSL and trusts or uses a certificate without using the SSL_get_verify_result() function to ensure that the certificate satisfies all necessary security requirements.,Ensure that proper authentication is included in the system design. Understand and properly implement all checks necessary to ensure the identity of entities involved in encrypted communications.,https://cwe.mitre.org/data/definitions/599.html
851,MITRE CWE,CWE-6: J2EE Misconfiguration: Insufficient Session-ID Length,The J2EE application is configured to use an insufficient session ID length.,"Session identifiers should be at least 128 bits long to prevent brute-force session guessing. A shorter session identifier leaves the application open to brute-force session guessing attacks. A lower bound on the number of valid session identifiers that are available to be guessed is the number of users that are active on a site at any given moment. However, any users that abandon their sessions without logging out will increase this number. (This is one of many good reasons to have a short inactive session timeout.) With a 64 bit session identifier, assume 32 bits of entropy. For a large web site, assume that the attacker can try 1,000 guesses per second and that there are 10,000 valid session identifiers at any given moment. Given these assumptions, the expected time for an attacker to successfully guess a valid session identifier is less than 4 minutes. Now assume a 128 bit session identifier that provides 64 bits of entropy. With a very large web site, an attacker might try 10,000 guesses per second with 100,000 valid session identifiers available to be guessed. Given these assumptions, the expected time for an attacker to successfully guess a valid session identifier is greater than 292 years.",https://cwe.mitre.org/data/definitions/6.html
852,MITRE CWE,CWE-600: Uncaught Exception in Servlet,"The Servlet does not catch all exceptions, which may reveal sensitive debugging information.",Implement Exception blocks to handle all types of Exceptions.,https://cwe.mitre.org/data/definitions/600.html
853,MITRE CWE,CWE-601: URL Redirection to Untrusted Site ('Open Redirect'),"The web application accepts a user-controlled input that specifies a link to an external site, and uses that link in a redirect."," Use an intermediate disclaimer page that provides the user with a clear warning that they are leaving the current site. Implement a long timeout before the redirect occurs, or force the user to click on the link. Be careful to avoid XSS problems (CWE-79) when generating the disclaimer page.  Ensure that no externally-supplied requests are honored by requiring that all redirect requests include a unique nonce generated by the application [REF-483]. Be sure that the nonce is not predictable (CWE-330).  Use an application firewall that can detect attacks against this weakness. It can be beneficial in cases in which the code cannot be fixed (because it is controlled by a third party), as an emergency prevention measure while more comprehensive software assurance measures are applied, or to provide defense in depth [REF-1481].",https://cwe.mitre.org/data/definitions/601.html
854,MITRE CWE,CWE-602: Client-Side Enforcement of Server-Side Security,The product is composed of a server that relies on the client to implement a mechanism that is intended to protect the server.," If some degree of trust is required between the two entities, then use integrity checking and strong authentication to ensure that the inputs are coming from a trusted source. Design the product so that this trust is managed in a centralized fashion, especially if there are complex or numerous communication channels, in order to reduce the risks that the implementer will mistakenly omit a check in a single code path.",https://cwe.mitre.org/data/definitions/602.html
855,MITRE CWE,CWE-603: Use of Client-Side Authentication,"A client/server product performs authentication within client code but not in server code, allowing server-side authentication to be bypassed via a modified client that omits the authentication check.",Do not rely on client side data. Always perform server side authentication.,https://cwe.mitre.org/data/definitions/603.html
856,MITRE CWE,CWE-605: Multiple Binds to the Same Port,"When multiple sockets are allowed to bind to the same port, other services on that port may be stolen or spoofed.",Restrict server socket address to known local addresses.,https://cwe.mitre.org/data/definitions/605.html
857,MITRE CWE,CWE-606: Unchecked Input for Loop Condition,"The product does not properly check inputs that are used for loop conditions, potentially leading to a denial of service or other consequences because of excessive looping.",Do not use user-controlled data for loop conditions. Perform input validation.,https://cwe.mitre.org/data/definitions/606.html
858,MITRE CWE,CWE-607: Public Static Final Field References Mutable Object,"A public or protected static final field references a mutable object, which allows the object to be changed by malicious code, or accidentally from another package.",Protect mutable objects by making them private. Restrict access to the getter and setter as well.,https://cwe.mitre.org/data/definitions/607.html
859,MITRE CWE,CWE-608: Struts: Non-private Field in ActionForm Class,"An ActionForm class contains a field that has not been declared private, which can be accessed without using a setter or getter.",Make all fields private. Use getter to get the value of the field. Setter should be used only by the framework; setting an action form field from other actions is bad practice and should be avoided.,https://cwe.mitre.org/data/definitions/608.html
860,MITRE CWE,CWE-609: Double-Checked Locking,"The product uses double-checked locking to access a resource without the overhead of explicit synchronization, but the locking is insufficient.","While double-checked locking can be achieved in some languages, it is inherently flawed in Java before 1.5, and cannot be achieved without compromising platform independence. Before Java 1.5, only use of the synchronized keyword is known to work. Beginning in Java 1.5, use of the ""volatile"" keyword allows double-checked locking to work successfully, although there is some debate as to whether it achieves sufficient performance gains. See references.",https://cwe.mitre.org/data/definitions/609.html
861,MITRE CWE,CWE-61: UNIX Symbolic Link (Symlink) Following,"The product, when opening a file or directory, does not sufficiently account for when the file is a symbolic link that resolves to a target outside of the intended control sphere. This could allow an attacker to cause the product to operate on unauthorized files.",Symbolic link attacks often occur when a program creates a tmp directory that stores files/links. Access to the directory should be restricted to the program as to prevent attackers from manipulating the files. ,https://cwe.mitre.org/data/definitions/61.html
862,MITRE CWE,CWE-610: Externally Controlled Reference to a Resource in Another Sphere,The product uses an externally controlled name or reference that resolves to a resource that is outside of the intended control sphere.,Refer to official CWE documentation for specific mitigations.,https://cwe.mitre.org/data/definitions/610.html
863,MITRE CWE,CWE-611: Improper Restriction of XML External Entity Reference,"The product processes an XML document that can contain XML entities with URIs that resolve to documents outside of the intended sphere of control, causing the product to embed incorrect documents into its output.",Many XML parsers and validators can be configured to disable external entity expansion.,https://cwe.mitre.org/data/definitions/611.html
864,MITRE CWE,CWE-612: Improper Authorization of Index Containing Sensitive Information,"The product creates a search index of private or sensitive documents, but it does not properly limit index access to actors who are authorized to see the original information.",Refer to official CWE documentation for specific mitigations.,https://cwe.mitre.org/data/definitions/612.html
865,MITRE CWE,CWE-613: Insufficient Session Expiration,"According to WASC, ""Insufficient Session Expiration is when a web site permits an attacker to reuse old session credentials or session IDs for authorization.""",Set sessions/credentials expiration date.,https://cwe.mitre.org/data/definitions/613.html
866,MITRE CWE,CWE-614: Sensitive Cookie in HTTPS Session Without 'Secure' Attribute,The Secure attribute for sensitive cookies in HTTPS sessions is not set.,Always set the secure attribute when the cookie should be sent via HTTPS only.,https://cwe.mitre.org/data/definitions/614.html
867,MITRE CWE,CWE-615: Inclusion of Sensitive Information in Source Code Comments,"While adding general comments is very useful, some programmers tend to leave important data, such as: filenames related to the web application, old links or links which were not meant to be browsed by users, old code fragments, etc.",Remove comments which have sensitive information about the design/implementation of the application. Some of the comments may be exposed to the user and affect the security posture of the application.,https://cwe.mitre.org/data/definitions/615.html
868,MITRE CWE,CWE-616: Incomplete Identification of Uploaded File Variables (PHP),"The PHP application uses an old method for processing uploaded files by referencing the four global variables that are set for each file (e.g. $varname, $varname_size, $varname_name, $varname_type). These variables could be overwritten by attackers, causing the application to process unauthorized files.","Use PHP 4 or later. If you must support older PHP versions, write your own version of is_uploaded_file() and run it against $HTTP_POST_FILES['userfile'])) For later PHP versions, reference uploaded files using the $HTTP_POST_FILES or $_FILES variables, and use is_uploaded_file() or move_uploaded_file() to ensure that you are dealing with an uploaded file.",https://cwe.mitre.org/data/definitions/616.html
869,MITRE CWE,CWE-617: Reachable Assertion,"The product contains an assert() or similar statement that can be triggered by an attacker, which leads to an application exit or other behavior that is more severe than necessary.",Make sensitive open/close operation non reachable by directly user-controlled data (e.g. open/close resources) Perform input validation on user data.,https://cwe.mitre.org/data/definitions/617.html
870,MITRE CWE,CWE-618: Exposed Unsafe ActiveX Method,"An ActiveX control is intended for use in a web browser, but it exposes dangerous methods that perform actions that are outside of the browser's security model (e.g. the zone or domain).","If you must expose a method, make sure to perform input validation on all arguments, and protect against all possible vulnerabilities. Use code signing, although this does not protect against any weaknesses that are already in the control. Where possible, avoid marking the control as safe for scripting.",https://cwe.mitre.org/data/definitions/618.html
871,MITRE CWE,CWE-619: Dangling Database Cursor ('Cursor Injection'),"If a database cursor is not closed properly, then it could become accessible to other users while retaining the same privileges that were originally assigned, leaving the cursor ""dangling.""",Close cursors immediately after access to them is complete. Ensure that you close cursors if exceptions occur.,https://cwe.mitre.org/data/definitions/619.html
872,MITRE CWE,CWE-62: UNIX Hard Link,"The product, when opening a file or directory, does not sufficiently account for when the name is associated with a hard link to a target that is outside of the intended control sphere. This could allow an attacker to cause the product to operate on unauthorized files.",Refer to official CWE documentation for specific mitigations.,https://cwe.mitre.org/data/definitions/62.html
873,MITRE CWE,CWE-620: Unverified Password Change,"When setting a new password for a user, the product does not require knowledge of the original password, or using another form of authentication.","When prompting for a password change, force the user to provide the original password in addition to the new password. Do not use ""forgotten password"" functionality. But if you must, ensure that you are only providing information to the actual user, e.g. by using an email address or challenge question that the legitimate user already provided in the past; do not allow the current user to change this identity information until the correct password has been provided.",https://cwe.mitre.org/data/definitions/620.html
874,MITRE CWE,CWE-621: Variable Extraction Error,"The product uses external input to determine the names of variables into which information is extracted, without verifying that the names of the specified variables are valid. This could cause the program to overwrite unintended variables.","Use allowlists of variable names that can be extracted. Consider refactoring your code to avoid extraction routines altogether. In PHP, call extract() with options such as EXTR_SKIP and EXTR_PREFIX_ALL; call import_request_variables() with a prefix argument. Note that these capabilities are not present in all PHP versions.",https://cwe.mitre.org/data/definitions/621.html
875,MITRE CWE,CWE-622: Improper Validation of Function Hook Arguments,"The product adds hooks to user-accessible API functions, but it does not properly validate the arguments. This could lead to resultant vulnerabilities.","Ensure that all arguments are verified, as defined by the API you are protecting. Drop privileges before invoking such functions, if possible.",https://cwe.mitre.org/data/definitions/622.html
876,MITRE CWE,CWE-623: Unsafe ActiveX Control Marked Safe For Scripting,"An ActiveX control is intended for restricted use, but it has been marked as safe-for-scripting.","During development, do not mark it as safe for scripting. After distribution, you can set the kill bit for the control so that it is not accessible from Internet Explorer.",https://cwe.mitre.org/data/definitions/623.html
877,MITRE CWE,CWE-624: Executable Regular Expression Error,"The product uses a regular expression that either (1) contains an executable component with user-controlled inputs, or (2) allows a user to enable execution by inserting pattern modifiers.","The regular expression feature in some languages allows inputs to be quoted or escaped before insertion, such as \Q and \E in Perl.",https://cwe.mitre.org/data/definitions/624.html
878,MITRE CWE,CWE-625: Permissive Regular Expression,The product uses a regular expression that does not sufficiently restrict the set of allowed values.,"When applicable, ensure that the regular expression marks beginning and ending string patterns, such as ""/^string$/"" for Perl.",https://cwe.mitre.org/data/definitions/625.html
879,MITRE CWE,CWE-626: Null Byte Interaction Error (Poison Null Byte),The product does not properly handle null bytes or NUL characters when passing data between different representations or components.,Remove null bytes from all incoming strings.,https://cwe.mitre.org/data/definitions/626.html
880,MITRE CWE,CWE-627: Dynamic Variable Evaluation,"In a language where the user can influence the name of a variable at runtime, if the variable names are not controlled, an attacker can read or write to arbitrary variables, or access arbitrary functions.","Refactor the code to avoid dynamic variable evaluation whenever possible. Use only allowlists of acceptable variable or function names. For function names, ensure that you are only calling functions that accept the proper number of arguments, to avoid unexpected null arguments.",https://cwe.mitre.org/data/definitions/627.html
881,MITRE CWE,CWE-628: Function Call with Incorrectly Specified Arguments,"The product calls a function, procedure, or routine with arguments that are not correctly specified, leading to always-incorrect behavior and resultant weaknesses.","Once found, these issues are easy to fix. Use code inspection tools and relevant compiler features to identify potential violations. Pay special attention to code that is not likely to be exercised heavily during QA. Make sure your API's are stable before you use them in production code.",https://cwe.mitre.org/data/definitions/628.html
882,MITRE CWE,CWE-636: Not Failing Securely ('Failing Open'),"When the product encounters an error condition or failure, its design requires it to fall back to a state that is less secure than other options that are available, such as selecting the weakest encryption algorithm or using the most permissive access control restrictions.",Subdivide and allocate resources and components so that a failure in one part does not affect the entire product.,https://cwe.mitre.org/data/definitions/636.html
883,MITRE CWE,CWE-637: Unnecessary Complexity in Protection Mechanism (Not Using 'Economy of Mechanism'),"The product uses a more complex mechanism than necessary, which could lead to resultant weaknesses when the mechanism is not correctly understood, modeled, configured, implemented, or used.","Avoid complex security mechanisms when simpler ones would meet requirements. Avoid complex data models, and unnecessarily complex operations. Adopt architectures that provide guarantees, simplify understanding through elegance and abstraction, and that can be implemented similarly. Modularize, isolate and do not trust complex code, and apply other secure programming principles on these modules (e.g., least privilege) to mitigate vulnerabilities.",https://cwe.mitre.org/data/definitions/637.html
884,MITRE CWE,CWE-638: Not Using Complete Mediation,"The product does not perform access checks on a resource every time the resource is accessed by an entity, which can create resultant weaknesses if that entity's rights or privileges change over time.","Invalidate cached privileges, file handles or descriptors, or other access credentials whenever identities, processes, policies, roles, capabilities or permissions change. Perform complete authentication checks before accepting, caching and reusing data, dynamic content and code (scripts). Avoid caching access control decisions as much as possible. Identify all possible code paths that might access sensitive resources. If possible, create and use a single interface that performs the access checks, and develop code standards that require use of this interface.",https://cwe.mitre.org/data/definitions/638.html
885,MITRE CWE,CWE-639: Authorization Bypass Through User-Controlled Key,The system's authorization functionality does not prevent one user from gaining access to another user's data or record by modifying the key value identifying the data.,"For each and every data access, ensure that the user has sufficient privilege to access the record that is being requested. Make sure that the key that is used in the lookup of a specific user's record is not controllable externally by the user or that any tampering can be detected. Use encryption in order to make it more difficult to guess other legitimate values of the key or associate a digital signature with the key so that the server can verify that there has been no tampering.",https://cwe.mitre.org/data/definitions/639.html
886,MITRE CWE,CWE-64: Windows Shortcut Following (.LNK),"The product, when opening a file or directory, does not sufficiently handle when the file is a Windows shortcut (.LNK) whose target is outside of the intended control sphere. This could allow an attacker to cause the product to operate on unauthorized files.",Refer to official CWE documentation for specific mitigations.,https://cwe.mitre.org/data/definitions/64.html
887,MITRE CWE,CWE-640: Weak Password Recovery Mechanism for Forgotten Password,"The product contains a mechanism for users to recover or change their passwords without knowing the original password, but the mechanism is weak.",Make sure that all input supplied by the user to the password recovery mechanism is thoroughly filtered and validated. Do not use standard weak security questions and use several security questions. Make sure that there is throttling on the number of incorrect answers to a security question. Disable the password recovery functionality after a certain (small) number of incorrect guesses. Require that the user properly answers the security question prior to resetting their password and sending the new password to the e-mail address of record. Never allow the user to control what e-mail address the new password will be sent to in the password recovery mechanism. Assign a new temporary password rather than revealing the original password.,https://cwe.mitre.org/data/definitions/640.html
888,MITRE CWE,CWE-641: Improper Restriction of Names for Files and Other Resources,"The product constructs the name of a file or other resource using input from an upstream component, but it does not restrict or incorrectly restricts the resulting name.","Do not allow users to control names of resources used on the server side. Perform allowlist input validation at entry points and also before consuming the resources. Reject bad file names rather than trying to cleanse them. Make sure that technologies consuming the resources are not vulnerable (e.g. buffer overflow, format string, etc.) in a way that would allow code execution if the name of the resource is malformed.",https://cwe.mitre.org/data/definitions/641.html
889,MITRE CWE,CWE-642: External Control of Critical State Data,"The product stores security-critical state information about its users, or the product itself, in a location that is accessible to unauthorized actors.","Understand all the potential locations that are accessible to attackers. For example, some programmers assume that cookies and hidden form fields cannot be modified by an attacker, or they may not consider that environment variables can be modified before a privileged program is invoked.  Store state information on the server side only. Ensure that the system definitively and unambiguously keeps track of its own state and user state and has rules defined for legitimate state transitions. Do not allow any application user to affect state directly in any way other than through legitimate actions leading to state transitions.  For any security checks that are performed on the client side, ensure that these checks are duplicated on the server side, in order to avoid CWE-602. Attackers can bypass the client-side checks by modifying values after the checks have been performed, or by changing the client to remove the client-side checks entirely. Then, these modified values would be submitted to the server. When using PHP, configure the application so that it does not use register_globals. During implementation, develop the application so that it does not rely on this feature, but be wary of implementing a register_globals emulation that is subject to weaknesses such as CWE-95, CWE-621, and similar issues.",https://cwe.mitre.org/data/definitions/642.html
890,MITRE CWE,CWE-643: Improper Neutralization of Data within XPath Expressions ('XPath Injection'),"The product uses external input to dynamically construct an XPath expression used to retrieve data from an XML database, but it does not neutralize or incorrectly neutralizes that input. This allows an attacker to control the structure of the query.","Use parameterized XPath queries (e.g. using XQuery). This will help ensure separation between data plane and control plane. Properly validate user input. Reject data where appropriate, filter where appropriate and escape where appropriate. Make sure input that will be used in XPath queries is safe in that context.",https://cwe.mitre.org/data/definitions/643.html
891,MITRE CWE,CWE-644: Improper Neutralization of HTTP Headers for Scripting Syntax,"The product does not neutralize or incorrectly neutralizes web scripting syntax in HTTP headers that can be used by web browser components that can process raw headers, such as Flash.",Perform output validation in order to filter/escape/encode unsafe data that is being passed from the server in an HTTP response header. Disable script execution functionality in the clients' browser.,https://cwe.mitre.org/data/definitions/644.html
892,MITRE CWE,CWE-645: Overly Restrictive Account Lockout Mechanism,"The product contains an account lockout protection mechanism, but the mechanism is too restrictive and can be triggered too easily, which allows attackers to deny service to legitimate users by causing their accounts to be locked out.","Implement more intelligent password throttling mechanisms such as those which take IP address into account, in addition to the login name. Implement a lockout timeout that grows as the number of incorrect login attempts goes up, eventually resulting in a complete lockout. Consider alternatives to account lockout that would still be effective against password brute force attacks, such as presenting the user machine with a puzzle to solve (makes it do some computation).",https://cwe.mitre.org/data/definitions/645.html
893,MITRE CWE,CWE-646: Reliance on File Name or Extension of Externally-Supplied File,"The product allows a file to be uploaded, but it relies on the file name or extension of the file to determine the appropriate behaviors. This could be used by attackers to cause the file to be misclassified and processed in a dangerous fashion.",Make decisions on the server side based on file content and not on file name or extension.,https://cwe.mitre.org/data/definitions/646.html
894,MITRE CWE,CWE-647: Use of Non-Canonical URL Paths for Authorization Decisions,The product defines policy namespaces and makes authorization decisions based on the assumption that a URL is canonical. This can allow a non-canonical URL to bypass the authorization.,Make access control policy based on path information in canonical form. Use very restrictive regular expressions to validate that the path is in the expected form. Reject all alternate path encodings that are not in the expected canonical form.,https://cwe.mitre.org/data/definitions/647.html
895,MITRE CWE,CWE-648: Incorrect Use of Privileged APIs,The product does not conform to the API requirements for a function call that requires extra privileges. This could allow attackers to gain privileges by causing the function to be called incorrectly.,"Before calling privileged APIs, always ensure that the assumptions made by the privileged code hold true prior to making the call. Know architecture and implementation weaknesses of the privileged APIs and make sure to account for these weaknesses before calling the privileged APIs to ensure that they can be called safely. If privileged APIs make certain assumptions about data, context or state validity that are passed by the caller, the calling code must ensure that these assumptions have been validated prior to making the call. If privileged APIs do not shed their privilege prior to returning to the calling code, then calling code needs to shed these privileges immediately and safely right after the call to the privileged APIs. In particular, the calling code needs to ensure that a privileged thread of execution will never be returned to the user or made available to user-controlled processes. Only call privileged APIs from safe, consistent and expected state. Ensure that a failure or an error will not leave a system in a state where privileges are not properly shed and privilege escalation is possible (i.e. fail securely with regards to handling of privileges).",https://cwe.mitre.org/data/definitions/648.html
896,MITRE CWE,CWE-649: Reliance on Obfuscation or Encryption of Security-Relevant Inputs without Integrity Checking,"The product uses obfuscation or encryption of inputs that should not be mutable by an external actor, but the product does not use integrity checks to detect if those inputs have been modified.","Protect important client controllable tokens/parameters for integrity using PKI methods (i.e. digital signatures) or other means, and checks for integrity on the server side. Repeated requests from a particular user that include invalid values of tokens/parameters (those that should not be changed manually by users) should result in the user account lockout. Client side tokens/parameters should not be such that it would be easy/predictable to guess another valid state. Obfuscation should not be relied upon. If encryption is used, it needs to be properly applied (i.e. proven algorithm and implementation, use padding, use random initialization vector, user proper encryption mode). Even with proper encryption where the ciphertext does not leak information about the plaintext or reveal its structure, compromising integrity is possible (although less likely) without the provision of the integrity service.",https://cwe.mitre.org/data/definitions/649.html
897,MITRE CWE,CWE-65: Windows Hard Link,"The product, when opening a file or directory, does not sufficiently handle when the name is associated with a hard link to a target that is outside of the intended control sphere. This could allow an attacker to cause the product to operate on unauthorized files.",Refer to official CWE documentation for specific mitigations.,https://cwe.mitre.org/data/definitions/65.html
898,MITRE CWE,CWE-650: Trusting HTTP Permission Methods on the Server Side,"The server contains a protection mechanism that assumes that any URI that is accessed using HTTP GET will not cause a state change to the associated resource. This might allow attackers to bypass intended access restrictions and conduct resource modification and deletion attacks, since some applications allow GET to modify state.",Configure ACLs on the server side to ensure that proper level of access control is defined for each accessible resource representation.,https://cwe.mitre.org/data/definitions/650.html
899,MITRE CWE,CWE-651: Exposure of WSDL File Containing Sensitive Information,The Web services architecture may require exposing a Web Service Definition Language (WSDL) file that contains information on the publicly accessible services and how callers of these services should interact with them (e.g. what parameters they expect and what types they return).,"Limit access to the WSDL file as much as possible. If services are provided only to a limited number of entities, it may be better to provide WSDL privately to each of these entities than to publish WSDL publicly. Make sure that WSDL does not describe methods that should not be publicly accessible. Make sure to protect service methods that should not be publicly accessible with access controls. Do not use method names in WSDL that might help an adversary guess names of private methods/resources used by the service.",https://cwe.mitre.org/data/definitions/651.html
900,MITRE CWE,CWE-652: Improper Neutralization of Data within XQuery Expressions ('XQuery Injection'),"The product uses external input to dynamically construct an XQuery expression used to retrieve data from an XML database, but it does not neutralize or incorrectly neutralizes that input. This allows an attacker to control the structure of the query.","Use parameterized queries. This will help ensure separation between data plane and control plane. Properly validate user input. Reject data where appropriate, filter where appropriate and escape where appropriate. Make sure input that will be used in XQL queries is safe in that context.",https://cwe.mitre.org/data/definitions/652.html
901,MITRE CWE,CWE-653: Improper Isolation or Compartmentalization,"The product does not properly compartmentalize or isolate functionality, processes, or resources that require different privilege levels, rights, or permissions.","Break up privileges between different modules, objects, or entities. Minimize the interfaces between modules and require strong access control between them.",https://cwe.mitre.org/data/definitions/653.html
902,MITRE CWE,CWE-654: Reliance on a Single Factor in a Security Decision,"A protection mechanism relies exclusively, or to a large extent, on the evaluation of a single condition or the integrity of a single object or entity in order to make a decision about granting access to restricted resources or functionality.","Use multiple simultaneous checks before granting access to critical operations or granting critical privileges. A weaker but helpful mitigation is to use several successive checks (multiple layers of security). Use redundant access rules on different choke points (e.g., firewalls).",https://cwe.mitre.org/data/definitions/654.html
903,MITRE CWE,CWE-655: Insufficient Psychological Acceptability,"The product has a protection mechanism that is too difficult or inconvenient to use, encouraging non-malicious users to disable or bypass the mechanism, whether by accident or on purpose.","Where possible, perform human factors and usability studies to identify where your product's security mechanisms are difficult to use, and why. Make the security mechanism as seamless as possible, while also providing the user with sufficient details when a security decision produces unexpected results.",https://cwe.mitre.org/data/definitions/655.html
904,MITRE CWE,CWE-656: Reliance on Security Through Obscurity,"The product uses a protection mechanism whose strength depends heavily on its obscurity, such that knowledge of its algorithms or key data is sufficient to defeat the mechanism.","Always consider whether knowledge of your code or design is sufficient to break it. Reverse engineering is a highly successful discipline, and financially feasible for motivated adversaries. Black-box techniques are established for binary analysis of executables that use obfuscation, runtime analysis of proprietary protocols, inferring file formats, and others. When available, use publicly-vetted algorithms and procedures, as these are more likely to undergo more extensive security analysis and testing. This is especially the case with encryption and authentication.",https://cwe.mitre.org/data/definitions/656.html
905,MITRE CWE,CWE-657: Violation of Secure Design Principles,The product violates well-established principles for secure design.,Refer to official CWE documentation for specific mitigations.,https://cwe.mitre.org/data/definitions/657.html
906,MITRE CWE,CWE-66: Improper Handling of File Names that Identify Virtual Resources,"The product does not handle or incorrectly handles a file name that identifies a ""virtual"" resource that is not directly specified within the directory that is associated with the file name, causing the product to perform file-based operations on a resource that is not a file.",Refer to official CWE documentation for specific mitigations.,https://cwe.mitre.org/data/definitions/66.html
907,MITRE CWE,CWE-662: Improper Synchronization,"The product utilizes multiple threads, processes, components, or systems to allow temporary access to a shared resource that can only be exclusive to one process at a time, but it does not properly synchronize these actions, which might cause simultaneous accesses of this resource by multiple threads or processes.",Use industry standard APIs to synchronize your code.,https://cwe.mitre.org/data/definitions/662.html
908,MITRE CWE,CWE-663: Use of a Non-reentrant Function in a Concurrent Context,The product calls a non-reentrant function in a concurrent context in which a competing code sequence (e.g. thread or signal handler) may have an opportunity to call the same function or otherwise influence its state.,"Use reentrant functions if available. Add synchronization to your non-reentrant function. In Java, use the ReentrantLock Class.",https://cwe.mitre.org/data/definitions/663.html
909,MITRE CWE,CWE-664: Improper Control of a Resource Through its Lifetime,"The product does not maintain or incorrectly maintains control over a resource throughout its lifetime of creation, use, and release.",Refer to official CWE documentation for specific mitigations.,https://cwe.mitre.org/data/definitions/664.html
910,MITRE CWE,CWE-665: Improper Initialization,"The product does not initialize or incorrectly initializes a resource, which might leave the resource in an unexpected state when it is accessed or used."," Identify all variables and data stores that receive information from external sources, and apply input validation to make sure that they are only initialized to expected values. Explicitly initialize all your variables and other data stores, either during declaration or just before the first usage. Pay close attention to complex conditionals that affect initialization, since some conditions might not perform the initialization. Avoid race conditions (CWE-362) during initialization routines. Run or compile your product with settings that generate warnings about uninitialized variables or data.",https://cwe.mitre.org/data/definitions/665.html
911,MITRE CWE,CWE-666: Operation on Resource in Wrong Phase of Lifetime,"The product performs an operation on a resource at the wrong phase of the resource's lifecycle, which can lead to unexpected behaviors.",Follow the resource's lifecycle from creation to release.,https://cwe.mitre.org/data/definitions/666.html
912,MITRE CWE,CWE-667: Improper Locking,"The product does not properly acquire or release a lock on a resource, leading to unexpected resource state changes and behaviors.",Use industry standard APIs to implement locking mechanism.,https://cwe.mitre.org/data/definitions/667.html
913,MITRE CWE,CWE-668: Exposure of Resource to Wrong Sphere,"The product exposes a resource to the wrong control sphere, providing unintended actors with inappropriate access to the resource.",Refer to official CWE documentation for specific mitigations.,https://cwe.mitre.org/data/definitions/668.html
914,MITRE CWE,CWE-669: Incorrect Resource Transfer Between Spheres,"The product does not properly transfer a resource/behavior to another sphere, or improperly imports a resource/behavior from another sphere, in a manner that provides unintended control over that resource.",Refer to official CWE documentation for specific mitigations.,https://cwe.mitre.org/data/definitions/669.html
915,MITRE CWE,CWE-67: Improper Handling of Windows Device Names,"The product constructs pathnames from user input, but it does not handle or incorrectly handles a pathname containing a Windows device name such as AUX or CON. This typically leads to denial of service or an information exposure when the application attempts to process the pathname as a regular file.",Be familiar with the device names in the operating system where your system is deployed. Check input for these device names.,https://cwe.mitre.org/data/definitions/67.html
916,MITRE CWE,CWE-670: Always-Incorrect Control Flow Implementation,"The code contains a control flow path that does not reflect the algorithm that the path is intended to implement, leading to incorrect behavior any time this path is navigated.",Refer to official CWE documentation for specific mitigations.,https://cwe.mitre.org/data/definitions/670.html
917,MITRE CWE,CWE-671: Lack of Administrator Control over Security,The product uses security features in a way that prevents the product's administrator from tailoring security settings to reflect the environment in which the product is being used. This introduces resultant weaknesses or prevents it from operating at a level of security that is desired by the administrator.,Refer to official CWE documentation for specific mitigations.,https://cwe.mitre.org/data/definitions/671.html
918,MITRE CWE,CWE-672: Operation on a Resource after Expiration or Release,"The product uses, accesses, or otherwise operates on a resource after that resource has been expired, released, or revoked.",Refer to official CWE documentation for specific mitigations.,https://cwe.mitre.org/data/definitions/672.html
919,MITRE CWE,CWE-673: External Influence of Sphere Definition,The product does not prevent the definition of control spheres from external actors.,Refer to official CWE documentation for specific mitigations.,https://cwe.mitre.org/data/definitions/673.html
920,MITRE CWE,CWE-674: Uncontrolled Recursion,"The product does not properly control the amount of recursion that takes place,  consuming excessive resources, such as allocated memory or the program stack.",Ensure that an end condition will be reached under all logic conditions.  The end condition may include checking against the depth of recursion and exiting with an error if the recursion goes too deep. The complexity of the end condition contributes to the effectiveness of this action. Increase the stack size.,https://cwe.mitre.org/data/definitions/674.html
921,MITRE CWE,CWE-675: Multiple Operations on Resource in Single-Operation Context,"The product performs the same operation on a resource two or more times, when the operation should only be applied once.",Refer to official CWE documentation for specific mitigations.,https://cwe.mitre.org/data/definitions/675.html
922,MITRE CWE,CWE-676: Use of Potentially Dangerous Function,"The product invokes a potentially dangerous function that could introduce a vulnerability if it is used incorrectly, but the function can also be used safely.","Identify a list of prohibited API functions and prohibit developers from using these functions, providing safer alternatives. In some cases, automatic code analysis tools or the compiler can be instructed to spot use of prohibited functions, such as the ""banned.h"" include file from Microsoft's SDL. [REF-554] [REF-1009] [REF-7]",https://cwe.mitre.org/data/definitions/676.html
923,MITRE CWE,CWE-680: Integer Overflow to Buffer Overflow,"The product performs a calculation to determine how much memory to allocate, but an integer overflow can occur that causes less memory to be allocated than expected, leading to a buffer overflow.",Refer to official CWE documentation for specific mitigations.,https://cwe.mitre.org/data/definitions/680.html
924,MITRE CWE,CWE-681: Incorrect Conversion between Numeric Types,"When converting from one data type to another, such as long to integer, data can be omitted or translated in a way that produces unexpected values. If the resulting values are used in a sensitive context, then dangerous behaviors may occur.",Avoid making conversion between numeric types. Always check for the allowed ranges.,https://cwe.mitre.org/data/definitions/681.html
925,MITRE CWE,CWE-682: Incorrect Calculation,The product performs a calculation that generates incorrect or unintended results that are later used in security-critical decisions or resource management.,"Understand your programming language's underlying representation and how it interacts with numeric calculation. Pay close attention to byte size discrepancies, precision, signed/unsigned distinctions, truncation, conversion and casting between types, ""not-a-number"" calculations, and how your language handles numbers that are too large or too small for its underlying representation. Perform input validation on any numeric input by ensuring that it is within the expected range. Enforce that the input meets both the minimum and maximum requirements for the expected range. Use the appropriate type for the desired action. For example, in C/C++, only use unsigned types for values that could never be negative, such as height, width, or other numbers related to quantity.   Examine compiler warnings closely and eliminate problems with potential security implications, such as signed / unsigned mismatch in memory operations, or use of uninitialized variables. Even if the weakness is rarely exploitable, a single failure may lead to the compromise of the entire system.",https://cwe.mitre.org/data/definitions/682.html
926,MITRE CWE,CWE-683: Function Call With Incorrect Order of Arguments,"The product calls a function, procedure, or routine, but the caller specifies the arguments in an incorrect order, leading to resultant weaknesses.","Use the function, procedure, or routine as specified.",https://cwe.mitre.org/data/definitions/683.html
927,MITRE CWE,CWE-684: Incorrect Provision of Specified Functionality,"The code does not function according to its published specifications, potentially leading to incorrect usage.",Ensure that your code strictly conforms to specifications.,https://cwe.mitre.org/data/definitions/684.html
928,MITRE CWE,CWE-685: Function Call With Incorrect Number of Arguments,"The product calls a function, procedure, or routine, but the caller specifies too many arguments, or too few arguments, which may lead to undefined behavior and resultant weaknesses.",Because this function call often produces incorrect behavior it will usually be detected during testing or normal operation of the product. During testing exercise all possible control paths will typically expose this weakness except in rare cases when the incorrect function call accidentally produces the correct results or if the provided argument type is very similar to the expected argument type.,https://cwe.mitre.org/data/definitions/685.html
929,MITRE CWE,CWE-686: Function Call With Incorrect Argument Type,"The product calls a function, procedure, or routine, but the caller specifies an argument that is the wrong data type, which may lead to resultant weaknesses.",Refer to official CWE documentation for specific mitigations.,https://cwe.mitre.org/data/definitions/686.html
930,MITRE CWE,CWE-687: Function Call With Incorrectly Specified Argument Value,"The product calls a function, procedure, or routine, but the caller specifies an argument that contains the wrong value, which may lead to resultant weaknesses.",Refer to official CWE documentation for specific mitigations.,https://cwe.mitre.org/data/definitions/687.html
931,MITRE CWE,CWE-688: Function Call With Incorrect Variable or Reference as Argument,"The product calls a function, procedure, or routine, but the caller specifies the wrong variable or reference as one of the arguments, which may lead to undefined behavior and resultant weaknesses.",Because this function call often produces incorrect behavior it will usually be detected during testing or normal operation of the product. During testing exercise all possible control paths will typically expose this weakness except in rare cases when the incorrect function call accidentally produces the correct results or if the provided argument type is very similar to the expected argument type.,https://cwe.mitre.org/data/definitions/688.html
932,MITRE CWE,CWE-689: Permission Race Condition During Resource Copy,"The product, while copying or cloning a resource, does not set the resource's permissions or access control until the copy is complete, leaving the resource exposed to other spheres while the copy is taking place.",Refer to official CWE documentation for specific mitigations.,https://cwe.mitre.org/data/definitions/689.html
933,MITRE CWE,CWE-69: Improper Handling of Windows ::DATA Alternate Data Stream,"The product does not properly prevent access to, or detect usage of, alternate data streams (ADS).",Ensure that the source code correctly parses the filename to read or write to the correct stream.,https://cwe.mitre.org/data/definitions/69.html
934,MITRE CWE,CWE-690: Unchecked Return Value to NULL Pointer Dereference,"The product does not check for an error after calling a function that can return with a NULL pointer if the function fails, which leads to a resultant NULL pointer dereference.",Refer to official CWE documentation for specific mitigations.,https://cwe.mitre.org/data/definitions/690.html
935,MITRE CWE,CWE-691: Insufficient Control Flow Management,"The code does not sufficiently manage its control flow during execution, creating conditions in which the control flow can be modified in unexpected ways.",Refer to official CWE documentation for specific mitigations.,https://cwe.mitre.org/data/definitions/691.html
936,MITRE CWE,CWE-692: Incomplete Denylist to Cross-Site Scripting,"The product uses a denylist-based protection mechanism to defend against XSS attacks, but the denylist is incomplete, allowing XSS variants to succeed.",Refer to official CWE documentation for specific mitigations.,https://cwe.mitre.org/data/definitions/692.html
937,MITRE CWE,CWE-693: Protection Mechanism Failure,The product does not use or incorrectly uses a protection mechanism that provides sufficient defense against directed attacks against the product.,Refer to official CWE documentation for specific mitigations.,https://cwe.mitre.org/data/definitions/693.html
938,MITRE CWE,CWE-694: Use of Multiple Resources with Duplicate Identifier,"The product uses multiple resources that can have the same identifier, in a context in which unique identifiers are required.","Where possible, use unique identifiers. If non-unique identifiers are detected, then do not operate any resource with a non-unique identifier and report the error appropriately.",https://cwe.mitre.org/data/definitions/694.html
939,MITRE CWE,CWE-695: Use of Low-Level Functionality,The product uses low-level functionality that is explicitly prohibited by the framework or specification under which the product is supposed to operate.,Refer to official CWE documentation for specific mitigations.,https://cwe.mitre.org/data/definitions/695.html
940,MITRE CWE,CWE-696: Incorrect Behavior Order,"The product performs multiple related behaviors, but the behaviors are performed in the wrong order in ways that may produce resultant weaknesses.",Refer to official CWE documentation for specific mitigations.,https://cwe.mitre.org/data/definitions/696.html
941,MITRE CWE,CWE-697: Incorrect Comparison,"The product compares two entities in a security-relevant context, but the comparison is incorrect.",Refer to official CWE documentation for specific mitigations.,https://cwe.mitre.org/data/definitions/697.html
942,MITRE CWE,CWE-698: Execution After Redirect (EAR),"The web application sends a redirect to another location, but instead of exiting, it executes additional code.",Refer to official CWE documentation for specific mitigations.,https://cwe.mitre.org/data/definitions/698.html
943,MITRE CWE,CWE-7: J2EE Misconfiguration: Missing Custom Error Page,The default error page of a web application should not display sensitive information about the product.,"Handle exceptions appropriately in source code. Always define appropriate error pages. The application configuration should specify a default error page in order to guarantee that the application will never leak error messages to an attacker. Handling standard HTTP error codes is useful and user-friendly in addition to being a good security practice, and a good configuration will also define a last-chance error handler that catches any exception that could possibly be thrown by the application. Do not attempt to process an error or attempt to mask it. Verify return values are correct and do not supply sensitive information about the system.",https://cwe.mitre.org/data/definitions/7.html
944,MITRE CWE,CWE-703: Improper Check or Handling of Exceptional Conditions,The product does not properly anticipate or handle exceptional conditions that rarely occur during normal operation of the product.,Refer to official CWE documentation for specific mitigations.,https://cwe.mitre.org/data/definitions/703.html
945,MITRE CWE,CWE-704: Incorrect Type Conversion or Cast,"The product does not correctly convert an object, resource, or structure from one type to a different type.",Refer to official CWE documentation for specific mitigations.,https://cwe.mitre.org/data/definitions/704.html
946,MITRE CWE,CWE-705: Incorrect Control Flow Scoping,The product does not properly return control flow to the proper location after it has completed a task or detected an unusual condition.,Refer to official CWE documentation for specific mitigations.,https://cwe.mitre.org/data/definitions/705.html
947,MITRE CWE,CWE-706: Use of Incorrectly-Resolved Name or Reference,"The product uses a name or reference to access a resource, but the name/reference resolves to a resource that is outside of the intended control sphere.",Refer to official CWE documentation for specific mitigations.,https://cwe.mitre.org/data/definitions/706.html
948,MITRE CWE,CWE-707: Improper Neutralization,The product does not ensure or incorrectly ensures that structured messages or data are well-formed and that certain security properties are met before being read from an upstream component or sent to a downstream component.,Refer to official CWE documentation for specific mitigations.,https://cwe.mitre.org/data/definitions/707.html
949,MITRE CWE,CWE-708: Incorrect Ownership Assignment,"The product assigns an owner to a resource, but the owner is outside of the intended control sphere.",Periodically review the privileges and their owners.,https://cwe.mitre.org/data/definitions/708.html
950,MITRE CWE,CWE-71: DEPRECATED: Apple '.DS_Store',This entry has been deprecated as it represents a specific observed example of a UNIX Hard Link weakness type rather than its own individual weakness type. Please refer to CWE-62.,Refer to official CWE documentation for specific mitigations.,https://cwe.mitre.org/data/definitions/71.html
951,MITRE CWE,CWE-710: Improper Adherence to Coding Standards,"The product does not follow certain coding rules for development, which can lead to resultant weaknesses or increase the severity of the associated vulnerabilities.","Select and require coding                standards. Ensure that they include security                concerns. Closely follow coding standards, possibly                enforcing them upon checkin of the code into a source                control system or with periodic analyses.",https://cwe.mitre.org/data/definitions/710.html
952,MITRE CWE,CWE-72: Improper Handling of Apple HFS+ Alternate Data Stream Path,The product does not properly handle special paths that may identify the data or resource fork of a file on the HFS+ file system.,Refer to official CWE documentation for specific mitigations.,https://cwe.mitre.org/data/definitions/72.html
953,MITRE CWE,CWE-73: External Control of File Name or Path,The product allows user input to control or influence paths or file names that are used in filesystem operations.,"When the set of filenames is limited or known, create a mapping from a set of fixed input values (such as numeric IDs) to the actual filenames, and reject all other inputs. For example, ID 1 could map to ""inbox.txt"" and ID 2 could map to ""profile.txt"". Features such as the ESAPI AccessReferenceMap provide this capability.  For any security checks that are performed on the client side, ensure that these checks are duplicated on the server side, in order to avoid CWE-602. Attackers can bypass the client-side checks by modifying values after the checks have been performed, or by changing the client to remove the client-side checks entirely. Then, these modified values would be submitted to the server.  Use a built-in path canonicalization function (such as realpath() in C) that produces the canonical version of the pathname, which effectively removes "".."" sequences and symbolic links (CWE-23, CWE-59). Use OS-level permissions and run as a low-privileged user to limit the scope of any successful attack. If you are using PHP, configure your application so that it does not use register_globals. During implementation, develop your application so that it does not rely on this feature, but be wary of implementing a register_globals emulation that is subject to weaknesses such as CWE-95, CWE-621, and similar issues. Use tools and techniques that require manual (human) analysis, such as penetration testing, threat modeling, and interactive tools that allow the tester to record and modify an active session. These may be more effective than strictly automated techniques. This is especially the case with weaknesses that are related to design and business rules.",https://cwe.mitre.org/data/definitions/73.html
954,MITRE CWE,CWE-732: Incorrect Permission Assignment for Critical Resource,The product specifies permissions for a security-critical resource in a way that allows that resource to be read or modified by unintended actors.,"When using a critical resource such as a configuration file, check to see if the resource has insecure permissions (such as being modifiable by any regular user) [REF-62], and generate an error or even exit the software if there is a possibility that the resource could have been modified by an unauthorized party. Divide the software into anonymous, normal, privileged, and administrative areas. Reduce the attack surface by carefully defining distinct user groups, privileges, and/or roles. Map these against data, functionality, and the related resources. Then set the permissions accordingly. This will allow you to maintain more fine-grained control over your resources. [REF-207]  During program startup, explicitly set the default permissions or umask to the most restrictive setting possible. Also set the appropriate permissions during program installation. This will prevent you from inheriting insecure permissions from any user who installs or runs the program. For all configuration files, executables, and libraries, make sure that they are only readable and writable by the software's administrator. Do not suggest insecure configuration changes in documentation, especially if those configurations can extend to resources and other programs that are outside the scope of the application. Do not assume that a system administrator will manually change the configuration to the settings that are recommended in the software's manual. Ensure that the software runs properly under the United States Government Configuration Baseline (USGCB) [REF-199] or an equivalent hardening configuration guide, which many organizations use to limit the attack surface and potential risk of deployed software. When storing data in the cloud (e.g., S3 buckets, Azure blobs, Google Cloud Storage, etc.), use the provider's controls to disable public access.",https://cwe.mitre.org/data/definitions/732.html
955,MITRE CWE,CWE-733: Compiler Optimization Removal or Modification of Security-critical Code,"The developer builds a security-critical protection mechanism into the software, but the compiler optimizes the program such that the mechanism is removed or modified.",Refer to official CWE documentation for specific mitigations.,https://cwe.mitre.org/data/definitions/733.html
956,MITRE CWE,CWE-74: Improper Neutralization of Special Elements in Output Used by a Downstream Component ('Injection'),"The product constructs all or part of a command, data structure, or record using externally-influenced input from an upstream component, but it does not neutralize or incorrectly neutralizes special elements that could modify how it is parsed or interpreted when it is sent to a downstream component.",Programming languages and supporting technologies might be chosen which are not subject to these issues. Utilize an appropriate mix of allowlist and denylist parsing to filter control-plane syntax from all input.,https://cwe.mitre.org/data/definitions/74.html
957,MITRE CWE,CWE-749: Exposed Dangerous Method or Function,"The product provides an Applications Programming Interface (API) or similar interface for interaction with external actors, but the interface includes a dangerous method or function that is not properly restricted.","If you must expose a method, make sure to perform input validation on all arguments, limit access to authorized parties, and protect against all possible vulnerabilities. ",https://cwe.mitre.org/data/definitions/749.html
958,MITRE CWE,CWE-75: Failure to Sanitize Special Elements into a Different Plane (Special Element Injection),The product does not adequately filter user-controlled input for special elements with control implications.,Programming languages and supporting technologies might be chosen which are not subject to these issues. Utilize an appropriate mix of allowlist and denylist parsing to filter special element syntax from all input.,https://cwe.mitre.org/data/definitions/75.html
959,MITRE CWE,CWE-754: Improper Check for Unusual or Exceptional Conditions,The product does not check or incorrectly checks for unusual or exceptional conditions that are not expected to occur frequently during day to day operation of the product.," Check the results of all functions that return a value and verify that the value is expected. If using exception handling, catch and throw specific exceptions instead of overly-general exceptions (CWE-396, CWE-397). Catch and handle exceptions as locally as possible so that exceptions do not propagate too far up the call stack (CWE-705). Avoid unchecked or uncaught exceptions where feasible (CWE-248).   If the program must fail, ensure that it fails gracefully (fails closed). There may be a temptation to simply let the program fail poorly in cases such as low memory conditions, but an attacker may be able to assert control before the software has fully exited. Alternately, an uncontrolled failure could cause cascading problems with other downstream components; for example, the program could send a signal to a downstream process so the process immediately knows that a problem has occurred and has a better chance of recovery. Use system limits, which should help to prevent resource exhaustion. However, the product should still handle low resource conditions since they may still occur.",https://cwe.mitre.org/data/definitions/754.html
960,MITRE CWE,CWE-755: Improper Handling of Exceptional Conditions,The product does not handle or incorrectly handles an exceptional condition.,Refer to official CWE documentation for specific mitigations.,https://cwe.mitre.org/data/definitions/755.html
961,MITRE CWE,CWE-756: Missing Custom Error Page,"The product does not return custom error pages to the user, possibly exposing sensitive information.",Refer to official CWE documentation for specific mitigations.,https://cwe.mitre.org/data/definitions/756.html
962,MITRE CWE,CWE-757: Selection of Less-Secure Algorithm During Negotiation ('Algorithm Downgrade'),"A protocol or its implementation supports interaction between multiple actors and allows those actors to negotiate which algorithm should be used as a protection mechanism such as encryption or authentication, but it does not select the strongest algorithm that is available to both parties.",Refer to official CWE documentation for specific mitigations.,https://cwe.mitre.org/data/definitions/757.html
963,MITRE CWE,"CWE-758: Reliance on Undefined, Unspecified, or Implementation-Defined Behavior","The product uses an API function, data structure, or other entity in a way that relies on properties that are not always guaranteed to hold for that entity.",Refer to official CWE documentation for specific mitigations.,https://cwe.mitre.org/data/definitions/758.html
964,MITRE CWE,CWE-759: Use of a One-Way Hash without a Salt,"The product uses a one-way cryptographic hash against an input that should not be reversible, such as a password, but the product does not also use a salt as part of the input."," If a technique that requires extra computational effort can not be implemented, then for each password that is processed, generate a new random salt using a strong random number generator with unpredictable seeds. Add the salt to the plaintext password before hashing it. When storing the hash, also store the salt. Do not use the same salt for every password. When using industry-approved techniques, use them correctly. Don't cut corners by skipping resource-intensive steps (CWE-325). These steps are often essential for preventing common attacks.",https://cwe.mitre.org/data/definitions/759.html
965,MITRE CWE,CWE-76: Improper Neutralization of Equivalent Special Elements,"The product correctly neutralizes certain special elements, but it improperly neutralizes equivalent special elements.",Programming languages and supporting technologies might be chosen which are not subject to these issues. Utilize an appropriate mix of allowlist and denylist parsing to filter equivalent special element syntax from all input.,https://cwe.mitre.org/data/definitions/76.html
966,MITRE CWE,CWE-760: Use of a One-Way Hash with a Predictable Salt,"The product uses a one-way cryptographic hash against an input that should not be reversible, such as a password, but the product uses a predictable salt as part of the input."," If a technique that requires extra computational effort can not be implemented, then for each password that is processed, generate a new random salt using a strong random number generator with unpredictable seeds. Add the salt to the plaintext password before hashing it. When storing the hash, also store the salt. Do not use the same salt for every password.",https://cwe.mitre.org/data/definitions/760.html
967,MITRE CWE,CWE-761: Free of Pointer not at Start of Buffer,"The product calls free() on a pointer to a memory resource that was allocated on the heap, but the pointer is not at the start of the buffer.","When utilizing pointer arithmetic to traverse a buffer, use a separate variable to track progress through memory and preserve the originally allocated address for later freeing. When programming in C++, consider using smart pointers provided by the boost library to help correctly and consistently manage memory.  Use a language that provides abstractions for memory allocation and deallocation.",https://cwe.mitre.org/data/definitions/761.html
968,MITRE CWE,CWE-762: Mismatched Memory Management Routines,"The product attempts to return a memory resource to the system, but it calls a release function that is not compatible with the function that was originally used to allocate that resource.","Only call matching memory management functions. Do not mix and match routines. For example, when you allocate a buffer with malloc(), dispose of the original pointer with free().   Use a language that provides abstractions for memory allocation and deallocation.",https://cwe.mitre.org/data/definitions/762.html
969,MITRE CWE,CWE-763: Release of Invalid Pointer or Reference,"The product attempts to return a memory resource to the system, but it calls the wrong release function or calls the appropriate release function incorrectly.","Only call matching memory management functions. Do not mix and match routines. For example, when you allocate a buffer with malloc(), dispose of the original pointer with free(). When programming in C++, consider using smart pointers provided by the boost library to help correctly and consistently manage memory.  Use a language that provides abstractions for memory allocation and deallocation.",https://cwe.mitre.org/data/definitions/763.html
970,MITRE CWE,CWE-764: Multiple Locks of a Critical Resource,"The product locks a critical resource more times than intended, leading to an unexpected state in the system.","When locking and unlocking a resource, try to be sure that all control paths through the code in which the resource is locked one or more times correspond to exactly as many unlocks. If the software acquires a lock and then determines it is not able to perform its intended behavior, be sure to release the lock(s) before waiting for conditions to improve. Reacquire the lock(s) before trying again.",https://cwe.mitre.org/data/definitions/764.html
971,MITRE CWE,CWE-765: Multiple Unlocks of a Critical Resource,"The product unlocks a critical resource more times than intended, leading to an unexpected state in the system.","When locking and unlocking a resource, try to be sure that all control paths through the code in which the resource is locked one or more times correspond to exactly as many unlocks. If the product acquires a lock and then determines it is not able to perform its intended behavior, be sure to release the lock(s) before waiting for conditions to improve. Reacquire the lock(s) before trying again.",https://cwe.mitre.org/data/definitions/765.html
972,MITRE CWE,CWE-766: Critical Data Element Declared Public,"The product declares a critical variable, field, or member to be public when intended security policy requires it to be private.","Data should be private, static, and final whenever possible. This will assure that your code is protected by instantiating early, preventing access, and preventing tampering.",https://cwe.mitre.org/data/definitions/766.html
973,MITRE CWE,CWE-767: Access to Critical Private Variable via Public Method,The product defines a public method that reads or modifies a private variable.,Use class accessor and mutator methods appropriately. Perform validation when accepting data from a public method that is intended to modify a critical private variable. Also be sure that appropriate access controls are being applied when a public method interfaces with critical data.,https://cwe.mitre.org/data/definitions/767.html
974,MITRE CWE,CWE-768: Incorrect Short Circuit Evaluation,"The product contains a conditional statement with multiple logical expressions in which one of the non-leading expressions may produce side effects. This may lead to an unexpected state in the program after the execution of the conditional, because short-circuiting logic may prevent the side effects from occurring.",Minimizing the number of statements in a conditional that produce side effects will help to prevent the likelihood of short circuit evaluation to alter control flow in an unexpected way.,https://cwe.mitre.org/data/definitions/768.html
975,MITRE CWE,CWE-769: DEPRECATED: Uncontrolled File Descriptor Consumption,This entry has been deprecated because it was a duplicate of CWE-774. All content has been transferred to CWE-774.,Refer to official CWE documentation for specific mitigations.,https://cwe.mitre.org/data/definitions/769.html
976,MITRE CWE,CWE-77: Improper Neutralization of Special Elements used in a Command ('Command Injection'),"The product constructs all or part of a command using externally-influenced input from an upstream component, but it does not neutralize or incorrectly neutralizes special elements that could modify the intended command when it is sent to a downstream component.","If at all possible, use library calls rather than external processes to recreate the desired functionality. If possible, ensure that all external commands called from the program are statically created.  Run time: Run time policy enforcement may be used in an allowlist fashion to prevent use of any non-sanctioned commands. Assign permissions that prevent the user from accessing/opening privileged files.",https://cwe.mitre.org/data/definitions/77.html
977,MITRE CWE,CWE-770: Allocation of Resources Without Limits or Throttling,The product allocates a reusable resource or group of resources on behalf of an actor without imposing any intended restrictions on the size or number of resources that can be allocated.,"Clearly specify the minimum and maximum expectations for capabilities, and dictate which behaviors are acceptable when resource allocation reaches limits. Limit the amount of resources that are accessible to unprivileged users. Set per-user limits for resources. Allow the system administrator to define these limits. Be careful to avoid CWE-410. Design throttling mechanisms into the system architecture. The best protection is to limit the amount of resources that an unauthorized user can cause to be expended. A strong authentication and access control model will help prevent such attacks from occurring in the first place, and it will help the administrator to identify who is committing the abuse. The login application should be protected against DoS attacks as much as possible. Limiting the database access, perhaps by caching result sets, can help minimize the resources expended. To further limit the potential for a DoS attack, consider tracking the rate of requests received from users and blocking requests that exceed a defined rate threshold.  For any security checks that are performed on the client side, ensure that these checks are duplicated on the server side, in order to avoid CWE-602. Attackers can bypass the client-side checks by modifying values after the checks have been performed, or by changing the client to remove the client-side checks entirely. Then, these modified values would be submitted to the server.  Ensure that protocols have specific limits of scale placed on them.  ",https://cwe.mitre.org/data/definitions/770.html
978,MITRE CWE,CWE-771: Missing Reference to Active Allocated Resource,"The product does not properly maintain a reference to a resource that has been allocated, which prevents the resource from being reclaimed.",Refer to official CWE documentation for specific mitigations.,https://cwe.mitre.org/data/definitions/771.html
979,MITRE CWE,CWE-772: Missing Release of Resource after Effective Lifetime,"The product does not release a resource after its effective lifetime has ended, i.e., after the resource is no longer needed."," It is good practice to be responsible for freeing all resources you allocate and to be consistent with how and where you free resources in a function. If you allocate resources that you intend to free upon completion of the function, you must be sure to free the resources at all exit points for that function including error conditions. ",https://cwe.mitre.org/data/definitions/772.html
980,MITRE CWE,CWE-773: Missing Reference to Active File Descriptor or Handle,"The product does not properly maintain references to a file descriptor or handle, which prevents that file descriptor/handle from being reclaimed.",Refer to official CWE documentation for specific mitigations.,https://cwe.mitre.org/data/definitions/773.html
981,MITRE CWE,CWE-774: Allocation of File Descriptors or Handles Without Limits or Throttling,"The product allocates file descriptors or handles on behalf of an actor without imposing any restrictions on how many descriptors can be allocated, in violation of the intended security policy for that actor.",Refer to official CWE documentation for specific mitigations.,https://cwe.mitre.org/data/definitions/774.html
982,MITRE CWE,CWE-775: Missing Release of File Descriptor or Handle after Effective Lifetime,"The product does not release a file descriptor or handle after its effective lifetime has ended, i.e., after the file descriptor/handle is no longer needed.",Refer to official CWE documentation for specific mitigations.,https://cwe.mitre.org/data/definitions/775.html
983,MITRE CWE,CWE-776: Improper Restriction of Recursive Entity References in DTDs ('XML Entity Expansion'),"The product uses XML documents and allows their structure to be defined with a Document Type Definition (DTD), but it does not properly control the number of recursive definitions of entities.","If possible, prohibit the use of DTDs or use an XML parser that limits the expansion of recursive DTD entities. Before parsing XML files with associated DTDs, scan for recursive entity declarations and do not continue parsing potentially explosive content.",https://cwe.mitre.org/data/definitions/776.html
984,MITRE CWE,CWE-777: Regular Expression without Anchors,"The product uses a regular expression to perform neutralization, but the regular expression is not anchored and may allow malicious or malformed data to slip through.","Be sure to understand both what will be matched and what will not be matched by a regular expression. Anchoring the ends of the expression will allow the programmer to define an allowlist strictly limited to what is matched by the text in the regular expression. If you are using a package that only matches one line by default, ensure that you can match multi-line inputs if necessary.",https://cwe.mitre.org/data/definitions/777.html
985,MITRE CWE,CWE-778: Insufficient Logging,"When a security-critical event occurs, the product either does not record the event or omits important details about the event when logging it.","Use a centralized logging mechanism that supports multiple levels of detail. Ensure that all security-related successes and failures can be logged. When storing data in the cloud (e.g., AWS S3 buckets, Azure blobs, Google Cloud Storage, etc.), use the provider's controls to enable and capture detailed logging information. Be sure to set the level of logging appropriately in a production environment. Sufficient data should be logged to enable system administrators to detect attacks, diagnose errors, and recover from attacks. At the same time, logging too much data (CWE-779) can cause the same problems, including unexpected costs when using a cloud environment. To enable storage logging using Azure's Portal, navigate to the name of the Storage Account, locate Monitoring (CLASSIC) section, and select Diagnostic settings (classic). For each of the various properties (blob, file, table, queue), ensure the status is properly set for the desired logging data. If using PowerShell, the Set-AzStorageServiceLoggingProperty command could be called using appropriate -ServiceType, -LoggingOperations, and -RetentionDays arguments.",https://cwe.mitre.org/data/definitions/778.html
986,MITRE CWE,CWE-779: Logging of Excessive Data,"The product logs too much information, making log files hard to process and possibly hindering recovery efforts or forensic analysis after an attack.","Suppress large numbers of duplicate log messages and replace them with periodic summaries. For example, syslog may include an entry that states ""last message repeated X times"" when recording repeated events. Support a maximum size for the log file that can be controlled by the administrator. If the maximum size is reached, the admin should be notified. Also, consider reducing functionality of the product. This may result in a denial-of-service to legitimate product users, but it will prevent the product from adversely impacting the entire system. Adjust configurations appropriately when the product is transitioned from a debug state to production.",https://cwe.mitre.org/data/definitions/779.html
987,MITRE CWE,CWE-78: Improper Neutralization of Special Elements used in an OS Command ('OS Command Injection'),"The product constructs all or part of an OS command using externally-influenced input from an upstream component, but it does not neutralize or incorrectly neutralizes special elements that could modify the intended OS command when it is sent to a downstream component.","If at all possible, use library calls rather than external processes to recreate the desired functionality.  For any data that will be used to generate a command to be executed, keep as much of that data out of external control as possible. For example, in web applications, this may require storing the data locally in the session's state instead of sending it out to the client in a hidden form field. For any security checks that are performed on the client side, ensure that these checks are duplicated on the server side, in order to avoid CWE-602. Attackers can bypass the client-side checks by modifying values after the checks have been performed, or by changing the client to remove the client-side checks entirely. Then, these modified values would be submitted to the server.  While it is risky to use dynamically-generated query strings, code, or commands that mix control and data together, sometimes it may be unavoidable. Properly quote arguments and escape any special characters within those arguments. The most conservative approach is to escape or filter all characters that do not pass an extremely strict allowlist (such as everything that is not alphanumeric or white space). If some special characters are still needed, such as white space, wrap each argument in quotes after the escaping/filtering step. Be careful of argument injection (CWE-88). If the program to be executed allows arguments to be specified within an input file or from standard input, then consider using that mode to pass arguments instead of the command line.   When the set of acceptable objects, such as filenames or URLs, is limited or known, create a mapping from a set of fixed input values (such as numeric IDs) to the actual filenames or URLs, and reject all other inputs. Run the code in an environment that performs automatic taint propagation and prevents any command execution that uses tainted variables, such as Perl's ""-T"" switch. This will force the program to perform validation steps that remove the taint, although you must be careful to correctly validate your inputs so that you do not accidentally mark dangerous inputs as untainted (see CWE-183 and CWE-184). Run the code in an environment that performs automatic taint propagation and prevents any command execution that uses tainted variables, such as Perl's ""-T"" switch. This will force the program to perform validation steps that remove the taint, although you must be careful to correctly validate your inputs so that you do not accidentally mark dangerous inputs as untainted (see CWE-183 and CWE-184).  Use runtime policy enforcement to create an allowlist of allowable commands, then prevent use of any command that does not appear in the allowlist. Technologies such as AppArmor are available to do this. Use an application firewall that can detect attacks against this weakness. It can be beneficial in cases in which the code cannot be fixed (because it is controlled by a third party), as an emergency prevention measure while more comprehensive software assurance measures are applied, or to provide defense in depth [REF-1481]. Run your code using the lowest privileges that are required to accomplish the necessary tasks [REF-76]. If possible, create isolated accounts with limited privileges that are only used for a single task. That way, a successful attack will not immediately give the attacker access to the rest of the software or its environment. For example, database applications rarely need to run as the database administrator, especially in day-to-day operations. When using PHP, configure the application so that it does not use register_globals. During implementation, develop the application so that it does not rely on this feature, but be wary of implementing a register_globals emulation that is subject to weaknesses such as CWE-95, CWE-621, and similar issues.",https://cwe.mitre.org/data/definitions/78.html
988,MITRE CWE,CWE-780: Use of RSA Algorithm without OAEP,"The product uses the RSA algorithm but does not incorporate Optimal Asymmetric Encryption Padding (OAEP), which might weaken the encryption.",Refer to official CWE documentation for specific mitigations.,https://cwe.mitre.org/data/definitions/780.html
989,MITRE CWE,CWE-781: Improper Address Validation in IOCTL with METHOD_NEITHER I/O Control Code,"The product defines an IOCTL that uses METHOD_NEITHER for I/O, but it does not validate or incorrectly validates the addresses that are provided.","If METHOD_NEITHER is required for the IOCTL, then ensure that all user-space addresses are properly validated before they are first accessed. The ProbeForRead and ProbeForWrite routines are available for this task. Also properly protect and manage the user-supplied buffers, since the I/O Manager does not do this when METHOD_NEITHER is being used. See References. If possible, avoid using METHOD_NEITHER in the IOCTL and select methods that effectively control the buffer size, such as METHOD_BUFFERED, METHOD_IN_DIRECT, or METHOD_OUT_DIRECT. If the IOCTL is part of a driver that is only intended to be accessed by trusted users, then use proper access control for the associated device or device namespace. See References.",https://cwe.mitre.org/data/definitions/781.html
990,MITRE CWE,CWE-782: Exposed IOCTL with Insufficient Access Control,"The product implements an IOCTL with functionality that should be restricted, but it does not properly enforce access control for the IOCTL.","In Windows environments, use proper access control for the associated device or device namespace. See References.",https://cwe.mitre.org/data/definitions/782.html
991,MITRE CWE,CWE-783: Operator Precedence Logic Error,The product uses an expression in which operator precedence causes incorrect logic to be used.,"Regularly wrap sub-expressions in parentheses, especially in security-critical code.",https://cwe.mitre.org/data/definitions/783.html
992,MITRE CWE,CWE-784: Reliance on Cookies without Validation and Integrity Checking in a Security Decision,"The product uses a protection mechanism that relies on the existence or values of a cookie, but it does not properly ensure that the cookie is valid for the associated user.","Avoid using cookie data for a security-related decision. Perform thorough input validation (i.e.: server side validation) on the cookie data if you're going to use it for a security related decision. Add integrity checks to detect tampering. Protect critical cookies from replay attacks, since cross-site scripting or other attacks may allow attackers to steal a strongly-encrypted cookie that also passes integrity checks. This mitigation applies to cookies that should only be valid during a single transaction or session. By enforcing timeouts, you may limit the scope of an attack. As part of your integrity check, use an unpredictable, server-side value that is not exposed to the client.",https://cwe.mitre.org/data/definitions/784.html
993,MITRE CWE,CWE-785: Use of Path Manipulation Function without Maximum-sized Buffer,"The product invokes a function for normalizing paths or file names, but it provides an output buffer that is smaller than the maximum possible size, such as PATH_MAX.",Always specify output buffers large enough to handle the maximum-size possible result from path manipulation functions.,https://cwe.mitre.org/data/definitions/785.html
994,MITRE CWE,CWE-786: Access of Memory Location Before Start of Buffer,The product reads or writes to a buffer using an index or pointer that references a memory location prior to the beginning of the buffer.,Refer to official CWE documentation for specific mitigations.,https://cwe.mitre.org/data/definitions/786.html
995,MITRE CWE,CWE-787: Out-of-bounds Write,"The product writes data past the end, or before the beginning, of the intended buffer.","      Replace unbounded copy functions with analogous functions that support length arguments, such as strcpy with strncpy. Create these if they are not available.",https://cwe.mitre.org/data/definitions/787.html
996,MITRE CWE,CWE-788: Access of Memory Location After End of Buffer,The product reads or writes to a buffer using an index or pointer that references a memory location after the end of the buffer.,Refer to official CWE documentation for specific mitigations.,https://cwe.mitre.org/data/definitions/788.html
997,MITRE CWE,CWE-789: Memory Allocation with Excessive Size Value,"The product allocates memory based on an untrusted, large size value, but it does not ensure that the size is within expected limits, allowing arbitrary amounts of memory to be allocated.","Perform adequate input validation against any value that influences the amount of memory that is allocated. Define an appropriate strategy for handling requests that exceed the limit, and consider supporting a configuration option so that the administrator can extend the amount of memory to be used if necessary. Run your program using system-provided resource limits for memory. This might still cause the program to crash or exit, but the impact to the rest of the system will be minimized.",https://cwe.mitre.org/data/definitions/789.html
998,MITRE CWE,CWE-79: Improper Neutralization of Input During Web Page Generation ('Cross-site Scripting'),The product does not neutralize or incorrectly neutralizes user-controllable input before it is placed in output that is used as a web page that is served to other users.,"  Understand all the potential areas where untrusted inputs can enter your software: parameters or arguments, cookies, anything read from the network, environment variables, reverse DNS lookups, query results, request headers, URL components, e-mail, files, filenames, databases, and any external systems that provide data to the application. Remember that such inputs may be obtained indirectly through API calls. For any security checks that are performed on the client side, ensure that these checks are duplicated on the server side, in order to avoid CWE-602. Attackers can bypass the client-side checks by modifying values after the checks have been performed, or by changing the client to remove the client-side checks entirely. Then, these modified values would be submitted to the server. If available, use structured mechanisms that automatically enforce the separation between data and code. These mechanisms may be able to provide the relevant quoting, encoding, and validation automatically, instead of relying on the developer to provide this capability at every point where output is generated.  With Struts, write all data from form beans with the bean's filter attribute set to true. To help mitigate XSS attacks against the user's session cookie, set the session cookie to be HttpOnly. In browsers that support the HttpOnly feature (such as more recent versions of Internet Explorer and Firefox), this attribute can prevent the user's session cookie from being accessible to malicious client-side scripts that use document.cookie. This is not a complete solution, since HttpOnly is not supported by all browsers. More importantly, XmlHttpRequest and other powerful browser technologies provide read access to HTTP headers, including the Set-Cookie header in which the HttpOnly flag is set.  When the set of acceptable objects, such as filenames or URLs, is limited or known, create a mapping from a set of fixed input values (such as numeric IDs) to the actual filenames or URLs, and reject all other inputs. Use an application firewall that can detect attacks against this weakness. It can be beneficial in cases in which the code cannot be fixed (because it is controlled by a third party), as an emergency prevention measure while more comprehensive software assurance measures are applied, or to provide defense in depth [REF-1481]. When using PHP, configure the application so that it does not use register_globals. During implementation, develop the application so that it does not rely on this feature, but be wary of implementing a register_globals emulation that is subject to weaknesses such as CWE-95, CWE-621, and similar issues.",https://cwe.mitre.org/data/definitions/79.html
999,MITRE CWE,CWE-790: Improper Filtering of Special Elements,"The product receives data from an upstream component, but does not filter or incorrectly filters special elements before sending it to a downstream component.",Refer to official CWE documentation for specific mitigations.,https://cwe.mitre.org/data/definitions/790.html
1000,MITRE CWE,CWE-791: Incomplete Filtering of Special Elements,"The product receives data from an upstream component, but does not completely filter special elements before sending it to a downstream component.",Refer to official CWE documentation for specific mitigations.,https://cwe.mitre.org/data/definitions/791.html
1001,MITRE CWE,CWE-792: Incomplete Filtering of One or More Instances of Special Elements,"The product receives data from an upstream component, but does not completely filter one or more instances of special elements before sending it to a downstream component.",Refer to official CWE documentation for specific mitigations.,https://cwe.mitre.org/data/definitions/792.html
1002,MITRE CWE,CWE-793: Only Filtering One Instance of a Special Element,"The product receives data from an upstream component, but only filters a single instance of a special element before sending it to a downstream component.",Refer to official CWE documentation for specific mitigations.,https://cwe.mitre.org/data/definitions/793.html
1003,MITRE CWE,CWE-794: Incomplete Filtering of Multiple Instances of Special Elements,"The product receives data from an upstream component, but does not filter all instances of a special element before sending it to a downstream component.",Refer to official CWE documentation for specific mitigations.,https://cwe.mitre.org/data/definitions/794.html
1004,MITRE CWE,CWE-795: Only Filtering Special Elements at a Specified Location,"The product receives data from an upstream component, but only accounts for special elements at a specified location, thereby missing remaining special elements that may exist before sending it to a downstream component.",Refer to official CWE documentation for specific mitigations.,https://cwe.mitre.org/data/definitions/795.html
1005,MITRE CWE,CWE-796: Only Filtering Special Elements Relative to a Marker,"The product receives data from an upstream component, but only accounts for special elements positioned relative to a marker (e.g. ""at the beginning/end of a string; the second argument""), thereby missing remaining special elements that may exist before sending it to a downstream component.",Refer to official CWE documentation for specific mitigations.,https://cwe.mitre.org/data/definitions/796.html
1006,MITRE CWE,CWE-797: Only Filtering Special Elements at an Absolute Position,"The product receives data from an upstream component, but only accounts for special elements at an absolute position (e.g. ""byte number 10""), thereby missing remaining special elements that may exist before sending it to a downstream component.",Refer to official CWE documentation for specific mitigations.,https://cwe.mitre.org/data/definitions/797.html
1007,MITRE CWE,CWE-798: Use of Hard-coded Credentials,"The product contains hard-coded credentials, such as a password or cryptographic key."," For inbound authentication: Rather than hard-code a default username and password, key, or other authentication credentials for first time logins, utilize a ""first login"" mode that requires the user to enter a unique strong password or key. If the product must contain hard-coded credentials or they cannot be removed, perform access control checks and limit which entities can access the feature that requires the hard-coded credentials. For example, a feature might only be enabled through the system console instead of through a network connection.  ",https://cwe.mitre.org/data/definitions/798.html
1008,MITRE CWE,CWE-799: Improper Control of Interaction Frequency,"The product does not properly limit the number or frequency of interactions that it has with an actor, such as the number of incoming requests.",Refer to official CWE documentation for specific mitigations.,https://cwe.mitre.org/data/definitions/799.html
1009,MITRE CWE,CWE-8: J2EE Misconfiguration: Entity Bean Declared Remote,"When an application exposes a remote interface for an entity bean, it might also expose methods that get or set the bean's data. These methods could be leveraged to read sensitive information, or to change data in ways that violate the application's expectations, potentially leading to other vulnerabilities.","Declare Java beans ""local"" when possible. When a bean must be remotely accessible, make sure that sensitive information is not exposed, and ensure that the application logic performs appropriate validation of any data that might be modified by an attacker.",https://cwe.mitre.org/data/definitions/8.html
1010,MITRE CWE,CWE-80: Improper Neutralization of Script-Related HTML Tags in a Web Page (Basic XSS),"The product receives input from an upstream component, but it does not neutralize or incorrectly neutralizes special characters such as ""<"", "">"", and ""&"" that could be interpreted as web-scripting elements when they are sent to a downstream component that processes web pages.","Carefully check each input parameter against a rigorous positive specification (allowlist) defining the specific characters and format allowed. All input should be neutralized, not just parameters that the user is supposed to specify, but all data in the request, including hidden fields, cookies, headers, the URL itself, and so forth. A common mistake that leads to continuing XSS vulnerabilities is to validate only fields that are expected to be redisplayed by the site. We often encounter data from the request that is reflected by the application server or the application that the development team did not anticipate. Also, a field that is not currently reflected may be used by a future developer. Therefore, validating ALL parts of the HTTP request is recommended.  With Struts, write all data from form beans with the bean's filter attribute set to true. To help mitigate XSS attacks against the user's session cookie, set the session cookie to be HttpOnly. In browsers that support the HttpOnly feature (such as more recent versions of Internet Explorer and Firefox), this attribute can prevent the user's session cookie from being accessible to malicious client-side scripts that use document.cookie. This is not a complete solution, since HttpOnly is not supported by all browsers. More importantly, XmlHttpRequest and other powerful browser technologies provide read access to HTTP headers, including the Set-Cookie header in which the HttpOnly flag is set.",https://cwe.mitre.org/data/definitions/80.html
1011,MITRE CWE,CWE-804: Guessable CAPTCHA,"The product uses a CAPTCHA challenge, but the challenge can be guessed or automatically recognized by a non-human actor.",Refer to official CWE documentation for specific mitigations.,https://cwe.mitre.org/data/definitions/804.html
1012,MITRE CWE,CWE-805: Buffer Access with Incorrect Length Value,"The product uses a sequential operation to read or write a buffer, but it uses an incorrect length value that causes it to access memory that is outside of the bounds of the buffer.","    For any security checks that are performed on the client side, ensure that these checks are duplicated on the server side, in order to avoid CWE-602. Attackers can bypass the client-side checks by modifying values after the checks have been performed, or by changing the client to remove the client-side checks entirely. Then, these modified values would be submitted to the server.   Run your code using the lowest privileges that are required to accomplish the necessary tasks [REF-76]. If possible, create isolated accounts with limited privileges that are only used for a single task. That way, a successful attack will not immediately give the attacker access to the rest of the product or its environment. For example, database applications rarely need to run as the database administrator, especially in day-to-day operations. ",https://cwe.mitre.org/data/definitions/805.html
1013,MITRE CWE,CWE-806: Buffer Access Using Size of Source Buffer,"The product uses the size of a source buffer when reading from or writing to a destination buffer, which may cause it to access memory that is outside of the bounds of the buffer.","Use an abstraction library to abstract away risky APIs. Examples include the Safe C String Library (SafeStr) by Viega, and the Strsafe.h library from Microsoft. This is not a complete solution, since many buffer overflows are not related to strings.  Programmers should adhere to the following rules when allocating and managing their applications memory: Double check that your buffer is as large as you specify. When using functions that accept a number of bytes to copy, such as strncpy(), be aware that if the destination buffer size is equal to the source buffer size, it may not NULL-terminate the string. Check buffer boundaries if calling this function in a loop and make sure there is no danger of writing past the allocated space. Truncate all input strings to a reasonable length before passing them to the copy and concatenation functions.   Most mitigating technologies at the compiler or OS level to date address only a subset of buffer overflow problems and rarely provide complete protection against even that subset. It is good practice to implement strategies to increase the workload of an attacker, such as leaving the attacker to guess an unknown value that changes every program execution.",https://cwe.mitre.org/data/definitions/806.html
1014,MITRE CWE,CWE-807: Reliance on Untrusted Inputs in a Security Decision,"The product uses a protection mechanism that relies on the existence or values of an input, but the input can be modified by an untrusted actor in a way that bypasses the protection mechanism.","  For any security checks that are performed on the client side, ensure that these checks are duplicated on the server side, in order to avoid CWE-602. Attackers can bypass the client-side checks by modifying values after the checks have been performed, or by changing the client to remove the client-side checks entirely. Then, these modified values would be submitted to the server. When using PHP, configure the application so that it does not use register_globals. During implementation, develop the application so that it does not rely on this feature, but be wary of implementing a register_globals emulation that is subject to weaknesses such as CWE-95, CWE-621, and similar issues. ",https://cwe.mitre.org/data/definitions/807.html
1015,MITRE CWE,CWE-81: Improper Neutralization of Script in an Error Message Web Page,"The product receives input from an upstream component, but it does not neutralize or incorrectly neutralizes special characters that could be interpreted as web-scripting elements when they are sent to an error page.","Do not write user-controlled input to error pages. Carefully check each input parameter against a rigorous positive specification (allowlist) defining the specific characters and format allowed. All input should be neutralized, not just parameters that the user is supposed to specify, but all data in the request, including hidden fields, cookies, headers, the URL itself, and so forth. A common mistake that leads to continuing XSS vulnerabilities is to validate only fields that are expected to be redisplayed by the site. We often encounter data from the request that is reflected by the application server or the application that the development team did not anticipate. Also, a field that is not currently reflected may be used by a future developer. Therefore, validating ALL parts of the HTTP request is recommended.  With Struts, write all data from form beans with the bean's filter attribute set to true. To help mitigate XSS attacks against the user's session cookie, set the session cookie to be HttpOnly. In browsers that support the HttpOnly feature (such as more recent versions of Internet Explorer and Firefox), this attribute can prevent the user's session cookie from being accessible to malicious client-side scripts that use document.cookie. This is not a complete solution, since HttpOnly is not supported by all browsers. More importantly, XmlHttpRequest and other powerful browser technologies provide read access to HTTP headers, including the Set-Cookie header in which the HttpOnly flag is set.",https://cwe.mitre.org/data/definitions/81.html
1016,MITRE CWE,CWE-82: Improper Neutralization of Script in Attributes of IMG Tags in a Web Page,"The web application does not neutralize or incorrectly neutralizes scripting elements within attributes of HTML IMG tags, such as the src attribute."," To help mitigate XSS attacks against the user's session cookie, set the session cookie to be HttpOnly. In browsers that support the HttpOnly feature (such as more recent versions of Internet Explorer and Firefox), this attribute can prevent the user's session cookie from being accessible to malicious client-side scripts that use document.cookie. This is not a complete solution, since HttpOnly is not supported by all browsers. More importantly, XmlHttpRequest and other powerful browser technologies provide read access to HTTP headers, including the Set-Cookie header in which the HttpOnly flag is set.",https://cwe.mitre.org/data/definitions/82.html
1017,MITRE CWE,CWE-820: Missing Synchronization,The product utilizes a shared resource in a concurrent manner but does not attempt to synchronize access to the resource.,Refer to official CWE documentation for specific mitigations.,https://cwe.mitre.org/data/definitions/820.html
1018,MITRE CWE,CWE-821: Incorrect Synchronization,"The product utilizes a shared resource in a concurrent manner, but it does not correctly synchronize access to the resource.",Refer to official CWE documentation for specific mitigations.,https://cwe.mitre.org/data/definitions/821.html
1019,MITRE CWE,CWE-822: Untrusted Pointer Dereference,"The product obtains a value from an untrusted source, converts this value to a pointer, and dereferences the resulting pointer.",Refer to official CWE documentation for specific mitigations.,https://cwe.mitre.org/data/definitions/822.html
1020,MITRE CWE,CWE-823: Use of Out-of-range Pointer Offset,"The product performs pointer arithmetic on a valid pointer, but it uses an offset that can point outside of the intended range of valid memory locations for the resulting pointer.",Refer to official CWE documentation for specific mitigations.,https://cwe.mitre.org/data/definitions/823.html
1021,MITRE CWE,CWE-824: Access of Uninitialized Pointer,The product accesses or uses a pointer that has not been initialized.,Refer to official CWE documentation for specific mitigations.,https://cwe.mitre.org/data/definitions/824.html
1022,MITRE CWE,CWE-825: Expired Pointer Dereference,"The product dereferences a pointer that contains a location for memory that was previously valid, but is no longer valid.","Choose a language that provides automatic memory management. When freeing pointers, be sure to set them to NULL once they are freed. However, the utilization of multiple or complex data structures may lower the usefulness of this strategy.",https://cwe.mitre.org/data/definitions/825.html
1023,MITRE CWE,CWE-826: Premature Release of Resource During Expected Lifetime,The product releases a resource that is still intended to be used by itself or another actor.,Refer to official CWE documentation for specific mitigations.,https://cwe.mitre.org/data/definitions/826.html
1024,MITRE CWE,CWE-827: Improper Control of Document Type Definition,"The product does not restrict a reference to a Document Type Definition (DTD) to the intended control sphere. This might allow attackers to reference arbitrary DTDs, possibly causing the product to expose files, consume excessive system resources, or execute arbitrary http requests on behalf of the attacker.",Refer to official CWE documentation for specific mitigations.,https://cwe.mitre.org/data/definitions/827.html
1025,MITRE CWE,CWE-828: Signal Handler with Functionality that is not Asynchronous-Safe,"The product defines a signal handler that contains code sequences that are not asynchronous-safe, i.e., the functionality is not reentrant, or it can be interrupted."," Where non-reentrant functionality must be leveraged within a signal handler, be sure to block or mask signals appropriately. This includes blocking other signals within the signal handler itself that may also leverage the functionality. It also includes blocking all signals reliant upon the functionality when it is being accessed or modified by the normal behaviors of the product.",https://cwe.mitre.org/data/definitions/828.html
1026,MITRE CWE,CWE-829: Inclusion of Functionality from Untrusted Control Sphere,"The product imports, requires, or includes executable functionality (such as a library) from a source that is outside of the intended control sphere.","Use a vetted library or framework that does not allow this weakness to occur or provides constructs that make this weakness easier to avoid [REF-1482].  For any security checks that are performed on the client side, ensure that these checks are duplicated on the server side, in order to avoid CWE-602. Attackers can bypass the client-side checks by modifying values after the checks have been performed, or by changing the client to remove the client-side checks entirely. Then, these modified values would be submitted to the server.  Run your code using the lowest privileges that are required to accomplish the necessary tasks [REF-76]. If possible, create isolated accounts with limited privileges that are only used for a single task. That way, a successful attack will not immediately give the attacker access to the rest of the software or its environment. For example, database applications rarely need to run as the database administrator, especially in day-to-day operations.    Use an application firewall that can detect attacks against this weakness. It can be beneficial in cases in which the code cannot be fixed (because it is controlled by a third party), as an emergency prevention measure while more comprehensive software assurance measures are applied, or to provide defense in depth [REF-1481].",https://cwe.mitre.org/data/definitions/829.html
1027,MITRE CWE,CWE-83: Improper Neutralization of Script in Attributes in a Web Page,"The product does not neutralize or incorrectly neutralizes ""javascript:"" or other URIs from dangerous attributes within tags, such as onmouseover, onload, onerror, or style.","Carefully check each input parameter against a rigorous positive specification (allowlist) defining the specific characters and format allowed. All input should be neutralized, not just parameters that the user is supposed to specify, but all data in the request, including tag attributes, hidden fields, cookies, headers, the URL itself, and so forth. A common mistake that leads to continuing XSS vulnerabilities is to validate only fields that are expected to be redisplayed by the site. We often encounter data from the request that is reflected by the application server or the application that the development team did not anticipate. Also, a field that is not currently reflected may be used by a future developer. Therefore, validating ALL parts of the HTTP request is recommended.  With Struts, write all data from form beans with the bean's filter attribute set to true. To help mitigate XSS attacks against the user's session cookie, set the session cookie to be HttpOnly. In browsers that support the HttpOnly feature (such as more recent versions of Internet Explorer and Firefox), this attribute can prevent the user's session cookie from being accessible to malicious client-side scripts that use document.cookie. This is not a complete solution, since HttpOnly is not supported by all browsers. More importantly, XmlHttpRequest and other powerful browser technologies provide read access to HTTP headers, including the Set-Cookie header in which the HttpOnly flag is set.",https://cwe.mitre.org/data/definitions/83.html
1028,MITRE CWE,CWE-830: Inclusion of Web Functionality from an Untrusted Source,"The product includes web functionality (such as a web widget) from another domain, which causes it to operate within the domain of the product, potentially granting total access and control of the product to the untrusted source.",Refer to official CWE documentation for specific mitigations.,https://cwe.mitre.org/data/definitions/830.html
1029,MITRE CWE,CWE-831: Signal Handler Function Associated with Multiple Signals,The product defines a function that is used as a handler for more than one signal.,Refer to official CWE documentation for specific mitigations.,https://cwe.mitre.org/data/definitions/831.html
1030,MITRE CWE,CWE-832: Unlock of a Resource that is not Locked,The product attempts to unlock a resource that is not locked.,Refer to official CWE documentation for specific mitigations.,https://cwe.mitre.org/data/definitions/832.html
1031,MITRE CWE,CWE-833: Deadlock,"The product contains multiple threads or executable segments that are waiting for each other to release a necessary lock, resulting in deadlock.",Refer to official CWE documentation for specific mitigations.,https://cwe.mitre.org/data/definitions/833.html
1032,MITRE CWE,CWE-834: Excessive Iteration,The product performs an iteration or loop without sufficiently limiting the number of times that the loop is executed.,Refer to official CWE documentation for specific mitigations.,https://cwe.mitre.org/data/definitions/834.html
1033,MITRE CWE,CWE-835: Loop with Unreachable Exit Condition ('Infinite Loop'),"The product contains an iteration or loop with an exit condition that cannot be reached, i.e., an infinite loop.",Refer to official CWE documentation for specific mitigations.,https://cwe.mitre.org/data/definitions/835.html
1034,MITRE CWE,CWE-836: Use of Password Hash Instead of Password for Authentication,"The product records password hashes in a data store, receives a hash of a password from a client, and compares the supplied hash to the hash obtained from the data store.",Refer to official CWE documentation for specific mitigations.,https://cwe.mitre.org/data/definitions/836.html
1035,MITRE CWE,"CWE-837: Improper Enforcement of a Single, Unique Action","The product requires that an actor should only be able to perform an action once, or to have only one unique action, but the product does not enforce or improperly enforces this restriction.",Refer to official CWE documentation for specific mitigations.,https://cwe.mitre.org/data/definitions/837.html
1036,MITRE CWE,CWE-838: Inappropriate Encoding for Output Context,"The product uses or specifies an encoding when generating output to a downstream component, but the specified encoding is not the same as the encoding that is expected by the downstream component.","Use context-aware encoding. That is, understand which encoding is being used by the downstream component, and ensure that this encoding is used. If an encoding can be specified, do so, instead of assuming that the default encoding is the same as the default being assumed by the downstream component. Where possible, use communications protocols or data formats that provide strict boundaries between control and data. If this is not feasible, ensure that the protocols or formats allow the communicating components to explicitly state which encoding/decoding method is being used. Some template frameworks provide built-in support. ",https://cwe.mitre.org/data/definitions/838.html
1037,MITRE CWE,CWE-839: Numeric Range Comparison Without Minimum Check,"The product checks a value to ensure that it is less than or equal to a maximum, but it does not also verify that the value is greater than or equal to the minimum.","If the number to be used is always expected to be positive, change the variable type from signed to unsigned or size_t. If the number to be used could have a negative value based on the specification (thus requiring a signed value), but the number should only be positive to preserve code correctness, then include a check to ensure that the value is positive.",https://cwe.mitre.org/data/definitions/839.html
1038,MITRE CWE,CWE-84: Improper Neutralization of Encoded URI Schemes in a Web Page,The web application improperly neutralizes user-controlled input for executable script disguised with URI encodings.,"Resolve all URIs to absolute or canonical representations before processing. Carefully check each input parameter against a rigorous positive specification (allowlist) defining the specific characters and format allowed. All input should be neutralized, not just parameters that the user is supposed to specify, but all data in the request, including tag attributes, hidden fields, cookies, headers, the URL itself, and so forth. A common mistake that leads to continuing XSS vulnerabilities is to validate only fields that are expected to be redisplayed by the site. We often encounter data from the request that is reflected by the application server or the application that the development team did not anticipate. Also, a field that is not currently reflected may be used by a future developer. Therefore, validating ALL parts of the HTTP request is recommended.  With Struts, write all data from form beans with the bean's filter attribute set to true. To help mitigate XSS attacks against the user's session cookie, set the session cookie to be HttpOnly. In browsers that support the HttpOnly feature (such as more recent versions of Internet Explorer and Firefox), this attribute can prevent the user's session cookie from being accessible to malicious client-side scripts that use document.cookie. This is not a complete solution, since HttpOnly is not supported by all browsers. More importantly, XmlHttpRequest and other powerful browser technologies provide read access to HTTP headers, including the Set-Cookie header in which the HttpOnly flag is set.",https://cwe.mitre.org/data/definitions/84.html
1039,MITRE CWE,CWE-841: Improper Enforcement of Behavioral Workflow,"The product supports a session in which more than one behavior must be performed by an actor, but it does not properly ensure that the actor performs the behaviors in the required sequence.",Refer to official CWE documentation for specific mitigations.,https://cwe.mitre.org/data/definitions/841.html
1040,MITRE CWE,CWE-842: Placement of User into Incorrect Group,The product or the administrator places a user into an incorrect group.,Refer to official CWE documentation for specific mitigations.,https://cwe.mitre.org/data/definitions/842.html
1041,MITRE CWE,CWE-843: Access of Resource Using Incompatible Type ('Type Confusion'),"The product allocates or initializes a resource such as a pointer, object, or variable using one type, but it later accesses that resource using a type that is incompatible with the original type.",Refer to official CWE documentation for specific mitigations.,https://cwe.mitre.org/data/definitions/843.html
1042,MITRE CWE,CWE-85: Doubled Character XSS Manipulations,The web application does not filter user-controlled input for executable script disguised using doubling of the involved characters.,"Resolve all filtered input to absolute or canonical representations before processing. Carefully check each input parameter against a rigorous positive specification (allowlist) defining the specific characters and format allowed. All input should be neutralized, not just parameters that the user is supposed to specify, but all data in the request, including tag attributes, hidden fields, cookies, headers, the URL itself, and so forth. A common mistake that leads to continuing XSS vulnerabilities is to validate only fields that are expected to be redisplayed by the site. We often encounter data from the request that is reflected by the application server or the application that the development team did not anticipate. Also, a field that is not currently reflected may be used by a future developer. Therefore, validating ALL parts of the HTTP request is recommended.  With Struts, write all data from form beans with the bean's filter attribute set to true. To help mitigate XSS attacks against the user's session cookie, set the session cookie to be HttpOnly. In browsers that support the HttpOnly feature (such as more recent versions of Internet Explorer and Firefox), this attribute can prevent the user's session cookie from being accessible to malicious client-side scripts that use document.cookie. This is not a complete solution, since HttpOnly is not supported by all browsers. More importantly, XmlHttpRequest and other powerful browser technologies provide read access to HTTP headers, including the Set-Cookie header in which the HttpOnly flag is set.",https://cwe.mitre.org/data/definitions/85.html
1043,MITRE CWE,CWE-86: Improper Neutralization of Invalid Characters in Identifiers in Web Pages,"The product does not neutralize or incorrectly neutralizes invalid characters or byte sequences in the middle of tag names, URI schemes, and other identifiers."," To help mitigate XSS attacks against the user's session cookie, set the session cookie to be HttpOnly. In browsers that support the HttpOnly feature (such as more recent versions of Internet Explorer and Firefox), this attribute can prevent the user's session cookie from being accessible to malicious client-side scripts that use document.cookie. This is not a complete solution, since HttpOnly is not supported by all browsers. More importantly, XmlHttpRequest and other powerful browser technologies provide read access to HTTP headers, including the Set-Cookie header in which the HttpOnly flag is set.",https://cwe.mitre.org/data/definitions/86.html
1044,MITRE CWE,CWE-862: Missing Authorization,The product does not perform an authorization check when an actor attempts to access a resource or perform an action.," Ensure that access control checks are performed related to the business logic. These checks may be different than the access control checks that are applied to more generic resources such as files, connections, processes, memory, and database records. For example, a database may restrict access for medical records to a specific database user, but each record might only be intended to be accessible to the patient and the patient's doctor [REF-7].   Use the access control capabilities of your operating system and server environment and define your access control lists accordingly. Use a ""default deny"" policy when defining these ACLs.",https://cwe.mitre.org/data/definitions/862.html
1045,MITRE CWE,CWE-863: Incorrect Authorization,"The product performs an authorization check when an actor attempts to access a resource or perform an action, but it does not correctly perform the check."," Ensure that access control checks are performed related to the business logic. These checks may be different than the access control checks that are applied to more generic resources such as files, connections, processes, memory, and database records. For example, a database may restrict access for medical records to a specific database user, but each record might only be intended to be accessible to the patient and the patient's doctor [REF-7].   Use the access control capabilities of your operating system and server environment and define your access control lists accordingly. Use a ""default deny"" policy when defining these ACLs.",https://cwe.mitre.org/data/definitions/863.html
1046,MITRE CWE,CWE-87: Improper Neutralization of Alternate XSS Syntax,The product does not neutralize or incorrectly neutralizes user-controlled input for alternate script syntax.,"Resolve all input to absolute or canonical representations before processing. Carefully check each input parameter against a rigorous positive specification (allowlist) defining the specific characters and format allowed. All input should be neutralized, not just parameters that the user is supposed to specify, but all data in the request, including tag attributes, hidden fields, cookies, headers, the URL itself, and so forth. A common mistake that leads to continuing XSS vulnerabilities is to validate only fields that are expected to be redisplayed by the site. We often encounter data from the request that is reflected by the application server or the application that the development team did not anticipate. Also, a field that is not currently reflected may be used by a future developer. Therefore, validating ALL parts of the HTTP request is recommended.  With Struts, write all data from form beans with the bean's filter attribute set to true. To help mitigate XSS attacks against the user's session cookie, set the session cookie to be HttpOnly. In browsers that support the HttpOnly feature (such as more recent versions of Internet Explorer and Firefox), this attribute can prevent the user's session cookie from being accessible to malicious client-side scripts that use document.cookie. This is not a complete solution, since HttpOnly is not supported by all browsers. More importantly, XmlHttpRequest and other powerful browser technologies provide read access to HTTP headers, including the Set-Cookie header in which the HttpOnly flag is set.",https://cwe.mitre.org/data/definitions/87.html
1047,MITRE CWE,CWE-88: Improper Neutralization of Argument Delimiters in a Command ('Argument Injection'),"The product constructs a string for a command to be executed by a separate component in another control sphere, but it does not properly delimit the intended arguments, options, or switches within that command string.","Where possible, avoid building a single string that contains the command and its arguments.  Some languages or frameworks have functions that support specifying independent arguments, e.g. as an array, which is used to automatically perform the appropriate quoting or escaping while building the command.  For example, in PHP, escapeshellarg() can be used to escape a single argument to system(), or exec() can be called with an array of arguments.  In C, code can often be refactored from using system() - which accepts a single string - to using exec(), which requires separate function arguments for each parameter. Understand all the potential areas where untrusted inputs can enter your product: parameters or arguments, cookies, anything read from the network, environment variables, request headers as well as content, URL components, e-mail, files, databases, and any external systems that provide data to the application. Perform input validation at well-defined interfaces.  Directly convert your input type into the expected data type, such as using a conversion function that translates a string into a number. After converting to the expected data type, ensure that the input's values fall within the expected range of allowable values and that multi-field consistencies are maintained.  When exchanging data between components, ensure that both components are using the same character encoding. Ensure that the proper encoding is applied at each interface. Explicitly set the encoding you are using whenever the protocol allows you to do so. When your application combines data from multiple sources, perform the validation after the sources have been combined. The individual data elements may pass the validation step but violate the intended restrictions after they have been combined. Use dynamic tools and techniques that interact with the product using large test suites with many diverse inputs, such as fuzz testing (fuzzing), robustness testing, and fault injection. The product's operation may slow down, but it should not become unstable, crash, or generate incorrect results.",https://cwe.mitre.org/data/definitions/88.html
1048,MITRE CWE,CWE-89: Improper Neutralization of Special Elements used in an SQL Command ('SQL Injection'),"The product constructs all or part of an SQL command using externally-influenced input from an upstream component, but it does not neutralize or incorrectly neutralizes special elements that could modify the intended SQL command when it is sent to a downstream component. Without sufficient removal or quoting of SQL syntax in user-controllable inputs, the generated SQL query can cause those inputs to be interpreted as SQL instead of ordinary user data.","   For any security checks that are performed on the client side, ensure that these checks are duplicated on the server side, in order to avoid CWE-602. Attackers can bypass the client-side checks by modifying values after the checks have been performed, or by changing the client to remove the client-side checks entirely. Then, these modified values would be submitted to the server.   When the set of acceptable objects, such as filenames or URLs, is limited or known, create a mapping from a set of fixed input values (such as numeric IDs) to the actual filenames or URLs, and reject all other inputs.  Use an application firewall that can detect attacks against this weakness. It can be beneficial in cases in which the code cannot be fixed (because it is controlled by a third party), as an emergency prevention measure while more comprehensive software assurance measures are applied, or to provide defense in depth  [REF-1481. When using PHP, configure the application so that it does not use register_globals. During implementation, develop the application so that it does not rely on this feature, but be wary of implementing a register_globals emulation that is subject to weaknesses such as CWE-95, CWE-621, and similar issues.",https://cwe.mitre.org/data/definitions/89.html
1049,MITRE CWE,CWE-9: J2EE Misconfiguration: Weak Access Permissions for EJB Methods,"If elevated access rights are assigned to EJB methods, then an attacker can take advantage of the permissions to exploit the product.",Follow the principle of least privilege when assigning access rights to EJB methods. Permission to invoke EJB methods should not be granted to the ANYONE role.,https://cwe.mitre.org/data/definitions/9.html
1050,MITRE CWE,CWE-90: Improper Neutralization of Special Elements used in an LDAP Query ('LDAP Injection'),"The product constructs all or part of an LDAP query using externally-influenced input from an upstream component, but it does not neutralize or incorrectly neutralizes special elements that could modify the intended LDAP query when it is sent to a downstream component.",Refer to official CWE documentation for specific mitigations.,https://cwe.mitre.org/data/definitions/90.html
1051,MITRE CWE,CWE-908: Use of Uninitialized Resource,The product uses or accesses a resource that has not been initialized.,"Explicitly initialize the resource before use. If this is performed through an API function or standard procedure, follow all required steps. Pay close attention to complex conditionals that affect initialization, since some branches might not perform the initialization. Avoid race conditions (CWE-362) during initialization routines. Run or compile the product with settings that generate warnings about uninitialized variables or data.",https://cwe.mitre.org/data/definitions/908.html
1052,MITRE CWE,CWE-909: Missing Initialization of Resource,The product does not initialize a critical resource.,"Explicitly initialize the resource before use. If this is performed through an API function or standard procedure, follow all specified steps. Pay close attention to complex conditionals that affect initialization, since some branches might not perform the initialization. Avoid race conditions (CWE-362) during initialization routines. Run or compile your product with settings that generate warnings about uninitialized variables or data.",https://cwe.mitre.org/data/definitions/909.html
1053,MITRE CWE,CWE-91: XML Injection (aka Blind XPath Injection),"The product does not properly neutralize special elements that are used in XML, allowing attackers to modify the syntax, content, or commands of the XML before it is processed by an end system.",Refer to official CWE documentation for specific mitigations.,https://cwe.mitre.org/data/definitions/91.html
1054,MITRE CWE,CWE-910: Use of Expired File Descriptor,The product uses or accesses a file descriptor after it has been closed.,Refer to official CWE documentation for specific mitigations.,https://cwe.mitre.org/data/definitions/910.html
1055,MITRE CWE,CWE-911: Improper Update of Reference Count,"The product uses a reference count to manage a resource, but it does not update or incorrectly updates the reference count.",Refer to official CWE documentation for specific mitigations.,https://cwe.mitre.org/data/definitions/911.html
1056,MITRE CWE,CWE-912: Hidden Functionality,"The product contains functionality that is not documented, not part of the specification, and not accessible through an interface or command sequence that is obvious to the product's users or administrators.",Always verify the integrity of the product that is being installed.,https://cwe.mitre.org/data/definitions/912.html
1057,MITRE CWE,CWE-913: Improper Control of Dynamically-Managed Code Resources,"The product does not properly restrict reading from or writing to dynamically-managed code resources such as variables, objects, classes, attributes, functions, or executable instructions or statements.","For any externally-influenced input, check the input against an allowlist of acceptable values. Refactor the code so that it does not need to be dynamically managed.",https://cwe.mitre.org/data/definitions/913.html
1058,MITRE CWE,CWE-914: Improper Control of Dynamically-Identified Variables,The product does not properly restrict reading from or writing to dynamically-identified variables.,"For any externally-influenced input, check the input against an allowlist of internal program variables that are allowed to be modified. Refactor the code so that internal program variables do not need to be dynamically identified.",https://cwe.mitre.org/data/definitions/914.html
1059,MITRE CWE,CWE-915: Improperly Controlled Modification of Dynamically-Determined Object Attributes,"The product receives input from an upstream component that specifies multiple attributes, properties, or fields that are to be initialized or updated in an object, but it does not properly control which attributes can be modified."," If available, use the signing/sealing features of the programming language to assure that deserialized data has not been tainted. For example, a hash-based message authentication code (HMAC) could be used to ensure that data has not been modified. For any externally-influenced input, check the input against an allowlist of internal object attributes or fields that are allowed to be modified. Refactor the code so that object attributes or fields do not need to be dynamically identified, and only expose getter/setter functionality for the intended attributes.",https://cwe.mitre.org/data/definitions/915.html
1060,MITRE CWE,CWE-916: Use of Password Hash With Insufficient Computational Effort,"The product generates a hash for a password, but it uses a scheme that does not provide a sufficient level of computational effort that would make password cracking attacks infeasible or expensive."," When using industry-approved techniques, use them correctly. Don't cut corners by skipping resource-intensive steps (CWE-325). These steps are often essential for preventing common attacks.",https://cwe.mitre.org/data/definitions/916.html
1061,MITRE CWE,CWE-917: Improper Neutralization of Special Elements used in an Expression Language Statement ('Expression Language Injection'),"The product constructs all or part of an expression language (EL) statement in a framework such as a Java Server Page (JSP) using externally-influenced input from an upstream component, but it does not neutralize or incorrectly neutralizes special elements that could modify the intended EL statement before it is executed.","Avoid adding user-controlled data into an expression interpreter when possible.  The framework or tooling might allow the developer to disable or deactivate the processing of EL expressions, such as setting the isELIgnored attribute for a JSP page to ""true"".",https://cwe.mitre.org/data/definitions/917.html
1062,MITRE CWE,CWE-918: Server-Side Request Forgery (SSRF),"The web server receives a URL or similar request from an upstream component and retrieves the contents of this URL, but it does not sufficiently ensure that the request is being sent to the expected destination.",Refer to official CWE documentation for specific mitigations.,https://cwe.mitre.org/data/definitions/918.html
1063,MITRE CWE,CWE-92: DEPRECATED: Improper Sanitization of Custom Special Characters,"This entry has been deprecated. It originally came from PLOVER, which sometimes defined ""other"" and ""miscellaneous"" categories in order to satisfy exhaustiveness requirements for taxonomies. Within the context of CWE, the use of a more abstract entry is preferred in mapping situations. CWE-75 is a more appropriate mapping.",Refer to official CWE documentation for specific mitigations.,https://cwe.mitre.org/data/definitions/92.html
1064,MITRE CWE,CWE-920: Improper Restriction of Power Consumption,"The product operates in an environment in which power is a limited resource that cannot be automatically replenished, but the product does not properly restrict the amount of power that its operation consumes.",Refer to official CWE documentation for specific mitigations.,https://cwe.mitre.org/data/definitions/920.html
1065,MITRE CWE,CWE-921: Storage of Sensitive Data in a Mechanism without Access Control,The product stores sensitive information in a file system or device that does not have built-in access control.,Refer to official CWE documentation for specific mitigations.,https://cwe.mitre.org/data/definitions/921.html
1066,MITRE CWE,CWE-922: Insecure Storage of Sensitive Information,The product stores sensitive information without properly limiting read or write access by unauthorized actors.,Refer to official CWE documentation for specific mitigations.,https://cwe.mitre.org/data/definitions/922.html
1067,MITRE CWE,CWE-923: Improper Restriction of Communication Channel to Intended Endpoints,"The product establishes a communication channel to (or from) an endpoint for privileged or protected operations, but it does not properly ensure that it is communicating with the correct endpoint.",Refer to official CWE documentation for specific mitigations.,https://cwe.mitre.org/data/definitions/923.html
1068,MITRE CWE,CWE-924: Improper Enforcement of Message Integrity During Transmission in a Communication Channel,"The product establishes a communication channel with an endpoint and receives a message from that endpoint, but it does not sufficiently ensure that the message was not modified during transmission.",Refer to official CWE documentation for specific mitigations.,https://cwe.mitre.org/data/definitions/924.html
1069,MITRE CWE,CWE-925: Improper Verification of Intent by Broadcast Receiver,The Android application uses a Broadcast Receiver that receives an Intent but does not properly verify that the Intent came from an authorized source.,"Before acting on the Intent, check the Intent Action to make sure it matches the expected System action.",https://cwe.mitre.org/data/definitions/925.html
1070,MITRE CWE,CWE-926: Improper Export of Android Application Components,"The Android application exports a component for use by other applications, but does not properly restrict which applications can launch the component or access the data it contains.","If they do not need to be shared by other applications, explicitly mark components with android:exported=""false"" in the application manifest. If you only intend to use exported components between related apps under your control, use android:protectionLevel=""signature"" in the xml manifest to restrict access to applications signed by you. Limit Content Provider permissions (read/write) as appropriate. Limit Content Provider permissions (read/write) as appropriate.",https://cwe.mitre.org/data/definitions/926.html
1071,MITRE CWE,CWE-927: Use of Implicit Intent for Sensitive Communication,The Android application uses an implicit intent for transmitting sensitive data to other applications.,"If the application only requires communication with its own components, then the destination is always known, and an explicit intent could be used.",https://cwe.mitre.org/data/definitions/927.html
1072,MITRE CWE,CWE-93: Improper Neutralization of CRLF Sequences ('CRLF Injection'),"The product uses CRLF (carriage return line feeds) as a special element, e.g. to separate lines or records, but it does not neutralize or incorrectly neutralizes CRLF sequences from inputs.",Avoid using CRLF as a special sequence. Appropriately filter or quote CRLF sequences in user-controlled input.,https://cwe.mitre.org/data/definitions/93.html
1073,MITRE CWE,CWE-939: Improper Authorization in Handler for Custom URL Scheme,"The product uses a handler for a custom URL scheme, but it does not properly restrict which actors can invoke the handler using the scheme.",Refer to official CWE documentation for specific mitigations.,https://cwe.mitre.org/data/definitions/939.html
1074,MITRE CWE,CWE-94: Improper Control of Generation of Code ('Code Injection'),"The product constructs all or part of a code segment using externally-influenced input from an upstream component, but it does not neutralize or incorrectly neutralizes special elements that could modify the syntax or behavior of the intended code segment.","Refactor your program so that you do not have to dynamically generate code.   Use dynamic tools and techniques that interact with the product using large test suites with many diverse inputs, such as fuzz testing (fuzzing), robustness testing, and fault injection. The product's operation may slow down, but it should not become unstable, crash, or generate incorrect results. Run the code in an environment that performs automatic taint propagation and prevents any command execution that uses tainted variables, such as Perl's ""-T"" switch. This will force the program to perform validation steps that remove the taint, although you must be careful to correctly validate your inputs so that you do not accidentally mark dangerous inputs as untainted (see CWE-183 and CWE-184). Run the code in an environment that performs automatic taint propagation and prevents any command execution that uses tainted variables, such as Perl's ""-T"" switch. This will force the program to perform validation steps that remove the taint, although you must be careful to correctly validate your inputs so that you do not accidentally mark dangerous inputs as untainted (see CWE-183 and CWE-184). ",https://cwe.mitre.org/data/definitions/94.html
1075,MITRE CWE,CWE-940: Improper Verification of Source of a Communication Channel,"The product establishes a communication channel to handle an incoming request that has been initiated by an actor, but it does not properly verify that the request is coming from the expected origin.",Refer to official CWE documentation for specific mitigations.,https://cwe.mitre.org/data/definitions/940.html
1076,MITRE CWE,CWE-941: Incorrectly Specified Destination in a Communication Channel,"The product creates a communication channel to initiate an outgoing request to an actor, but it does not correctly specify the intended destination for that actor.",Refer to official CWE documentation for specific mitigations.,https://cwe.mitre.org/data/definitions/941.html
1077,MITRE CWE,CWE-942: Permissive Cross-domain Security Policy with Untrusted Domains,"The product uses a web-client protection          mechanism such as a Content Security Policy (CSP) or          cross-domain policy file, but the policy includes untrusted          domains with which the web client is allowed to          communicate.","Define a restrictive Content Security Policy [REF-1486] or cross-domain policy file. Avoid using wildcards in the CSP / cross-domain policy file. Any domain matching the wildcard expression will be implicitly trusted, and can perform two-way interaction with the target server. For Flash, modify crossdomain.xml to use meta-policy options such as 'master-only' or 'none' to reduce the possibility of an attacker planting extraneous cross-domain policy files on a server.",https://cwe.mitre.org/data/definitions/942.html
1078,MITRE CWE,CWE-943: Improper Neutralization of Special Elements in Data Query Logic,"The product generates a query intended to access or manipulate data in a data store such as a database, but it does not neutralize or incorrectly neutralizes special elements that can modify the intended logic of the query.",Refer to official CWE documentation for specific mitigations.,https://cwe.mitre.org/data/definitions/943.html
1079,MITRE CWE,CWE-95: Improper Neutralization of Directives in Dynamically Evaluated Code ('Eval Injection'),"The product receives input from an upstream component, but it does not neutralize or incorrectly neutralizes code syntax before using the input in a dynamic evaluation call (e.g. ""eval"").","If possible, refactor your code so that it does not need to use eval() at all.   ",https://cwe.mitre.org/data/definitions/95.html
1080,MITRE CWE,CWE-96: Improper Neutralization of Directives in Statically Saved Code ('Static Code Injection'),"The product receives input from an upstream component, but it does not neutralize or incorrectly neutralizes code syntax before inserting the input into an executable resource, such as a library, configuration file, or template.", Perform proper output validation and escaping to neutralize all code syntax from data written to code files.,https://cwe.mitre.org/data/definitions/96.html
1081,MITRE CWE,CWE-97: Improper Neutralization of Server-Side Includes (SSI) Within a Web Page,"The product generates a web page, but does not neutralize or incorrectly neutralizes user-controllable input that could be interpreted as a server-side include (SSI) directive.",Refer to official CWE documentation for specific mitigations.,https://cwe.mitre.org/data/definitions/97.html
1082,MITRE CWE,CWE-98: Improper Control of Filename for Include/Require Statement in PHP Program ('PHP Remote File Inclusion'),"The PHP application receives input from an upstream component, but it does not restrict or incorrectly restricts the input before its usage in ""require,"" ""include,"" or similar functions.","Use a vetted library or framework that does not allow this weakness to occur or provides constructs that make this weakness easier to avoid [REF-1482].  For any security checks that are performed on the client side, ensure that these checks are duplicated on the server side, in order to avoid CWE-602. Attackers can bypass the client-side checks by modifying values after the checks have been performed, or by changing the client to remove the client-side checks entirely. Then, these modified values would be submitted to the server.  Run your code using the lowest privileges that are required to accomplish the necessary tasks [REF-76]. If possible, create isolated accounts with limited privileges that are only used for a single task. That way, a successful attack will not immediately give the attacker access to the rest of the software or its environment. For example, database applications rarely need to run as the database administrator, especially in day-to-day operations.    Use an application firewall that can detect attacks against this weakness. It can be beneficial in cases in which the code cannot be fixed (because it is controlled by a third party), as an emergency prevention measure while more comprehensive software assurance measures are applied, or to provide defense in depth [REF-1481]. Develop and run your code in the most recent versions of PHP available, preferably PHP 6 or later. Many of the highly risky features in earlier PHP interpreters have been removed, restricted, or disabled by default.  Set allow_url_fopen to false, which limits the ability to include files from remote locations.",https://cwe.mitre.org/data/definitions/98.html
1083,MITRE CWE,CWE-99: Improper Control of Resource Identifiers ('Resource Injection'),"The product receives input from an upstream component, but it does not restrict or incorrectly restricts the input before it is used as an identifier for a resource that may be outside the intended sphere of control.",Refer to official CWE documentation for specific mitigations.,https://cwe.mitre.org/data/definitions/99.html
1084,NIST SP 800-53 Rev 5,AC-1: Policy and Procedures,,Implement control AC-1 to satisfy Policy and Procedures.,https://github.com/usnistgov/oscal-content
1085,NIST SP 800-53 Rev 5,AC-2: Account Management,,Implement control AC-2 to satisfy Account Management.,https://github.com/usnistgov/oscal-content
1086,NIST SP 800-53 Rev 5,AC-3: Access Enforcement,Enforce approved authorizations for logical access to information and system resources in accordance with applicable access control policies.,Implement control AC-3 to satisfy Access Enforcement.,https://github.com/usnistgov/oscal-content
1087,NIST SP 800-53 Rev 5,AC-4: Information Flow Enforcement,"Enforce approved authorizations for controlling the flow of information within the system and between connected systems based on {{ insert: param, ac-04_odp }}.",Implement control AC-4 to satisfy Information Flow Enforcement.,https://github.com/usnistgov/oscal-content
1088,NIST SP 800-53 Rev 5,AC-5: Separation of Duties,,Implement control AC-5 to satisfy Separation of Duties.,https://github.com/usnistgov/oscal-content
1089,NIST SP 800-53 Rev 5,AC-6: Least Privilege,"Employ the principle of least privilege, allowing only authorized accesses for users (or processes acting on behalf of users) that are necessary to accomplish assigned organizational tasks.",Implement control AC-6 to satisfy Least Privilege.,https://github.com/usnistgov/oscal-content
1090,NIST SP 800-53 Rev 5,AC-7: Unsuccessful Logon Attempts,,Implement control AC-7 to satisfy Unsuccessful Logon Attempts.,https://github.com/usnistgov/oscal-content
1091,NIST SP 800-53 Rev 5,AC-8: System Use Notification,,Implement control AC-8 to satisfy System Use Notification.,https://github.com/usnistgov/oscal-content
1092,NIST SP 800-53 Rev 5,AC-9: Previous Logon Notification,"Notify the user, upon successful logon to the system, of the date and time of the last logon.",Implement control AC-9 to satisfy Previous Logon Notification.,https://github.com/usnistgov/oscal-content
1093,NIST SP 800-53 Rev 5,AC-10: Concurrent Session Control,"Limit the number of concurrent sessions for each {{ insert: param, ac-10_odp.01 }} to {{ insert: param, ac-10_odp.02 }}.",Implement control AC-10 to satisfy Concurrent Session Control.,https://github.com/usnistgov/oscal-content
1094,NIST SP 800-53 Rev 5,AC-11: Device Lock,,Implement control AC-11 to satisfy Device Lock.,https://github.com/usnistgov/oscal-content
1095,NIST SP 800-53 Rev 5,AC-12: Session Termination,"Automatically terminate a user session after {{ insert: param, ac-12_odp }}.",Implement control AC-12 to satisfy Session Termination.,https://github.com/usnistgov/oscal-content
1096,NIST SP 800-53 Rev 5,AC-13: Supervision and Review — Access Control,,Implement control AC-13 to satisfy Supervision and Review — Access Control.,https://github.com/usnistgov/oscal-content
1097,NIST SP 800-53 Rev 5,AC-14: Permitted Actions Without Identification or Authentication,,Implement control AC-14 to satisfy Permitted Actions Without Identification or Authentication.,https://github.com/usnistgov/oscal-content
1098,NIST SP 800-53 Rev 5,AC-15: Automated Marking,,Implement control AC-15 to satisfy Automated Marking.,https://github.com/usnistgov/oscal-content
1099,NIST SP 800-53 Rev 5,AC-16: Security and Privacy Attributes,,Implement control AC-16 to satisfy Security and Privacy Attributes.,https://github.com/usnistgov/oscal-content
1100,NIST SP 800-53 Rev 5,AC-17: Remote Access,,Implement control AC-17 to satisfy Remote Access.,https://github.com/usnistgov/oscal-content
1101,NIST SP 800-53 Rev 5,AC-18: Wireless Access,,Implement control AC-18 to satisfy Wireless Access.,https://github.com/usnistgov/oscal-content
1102,NIST SP 800-53 Rev 5,AC-19: Access Control for Mobile Devices,,Implement control AC-19 to satisfy Access Control for Mobile Devices.,https://github.com/usnistgov/oscal-content
1103,NIST SP 800-53 Rev 5,AC-20: Use of External Systems,,Implement control AC-20 to satisfy Use of External Systems.,https://github.com/usnistgov/oscal-content
1104,NIST SP 800-53 Rev 5,AC-21: Information Sharing,,Implement control AC-21 to satisfy Information Sharing.,https://github.com/usnistgov/oscal-content
1105,NIST SP 800-53 Rev 5,AC-22: Publicly Accessible Content,,Implement control AC-22 to satisfy Publicly Accessible Content.,https://github.com/usnistgov/oscal-content
1106,NIST SP 800-53 Rev 5,AC-23: Data Mining Protection,"Employ {{ insert: param, ac-23_odp.01 }} for {{ insert: param, ac-23_odp.02 }} to detect and protect against unauthorized data mining.",Implement control AC-23 to satisfy Data Mining Protection.,https://github.com/usnistgov/oscal-content
1107,NIST SP 800-53 Rev 5,AC-24: Access Control Decisions,"{{ insert: param, ac-24_odp.01 }} to ensure {{ insert: param, ac-24_odp.02 }} are applied to each access request prior to access enforcement.",Implement control AC-24 to satisfy Access Control Decisions.,https://github.com/usnistgov/oscal-content
1108,NIST SP 800-53 Rev 5,AC-25: Reference Monitor,"Implement a reference monitor for {{ insert: param, ac-25_odp }} that is tamperproof, always invoked, and small enough to be subject to analysis and testing, the completeness of which can be assured.",Implement control AC-25 to satisfy Reference Monitor.,https://github.com/usnistgov/oscal-content
1109,NIST SP 800-53 Rev 5,AT-1: Policy and Procedures,,Implement control AT-1 to satisfy Policy and Procedures.,https://github.com/usnistgov/oscal-content
1110,NIST SP 800-53 Rev 5,AT-2: Literacy Training and Awareness,,Implement control AT-2 to satisfy Literacy Training and Awareness.,https://github.com/usnistgov/oscal-content
1111,NIST SP 800-53 Rev 5,AT-3: Role-based Training,,Implement control AT-3 to satisfy Role-based Training.,https://github.com/usnistgov/oscal-content
1112,NIST SP 800-53 Rev 5,AT-4: Training Records,,Implement control AT-4 to satisfy Training Records.,https://github.com/usnistgov/oscal-content
1113,NIST SP 800-53 Rev 5,AT-5: Contacts with Security Groups and Associations,,Implement control AT-5 to satisfy Contacts with Security Groups and Associations.,https://github.com/usnistgov/oscal-content
1114,NIST SP 800-53 Rev 5,AT-6: Training Feedback,"Provide feedback on organizational training results to the following personnel {{ insert: param, at-06_odp.01 }}: {{ insert: param, at-06_odp.02 }}.",Implement control AT-6 to satisfy Training Feedback.,https://github.com/usnistgov/oscal-content
1115,NIST SP 800-53 Rev 5,AU-1: Policy and Procedures,,Implement control AU-1 to satisfy Policy and Procedures.,https://github.com/usnistgov/oscal-content
1116,NIST SP 800-53 Rev 5,AU-2: Event Logging,,Implement control AU-2 to satisfy Event Logging.,https://github.com/usnistgov/oscal-content
1117,NIST SP 800-53 Rev 5,AU-3: Content of Audit Records,Ensure that audit records contain information that establishes the following:,Implement control AU-3 to satisfy Content of Audit Records.,https://github.com/usnistgov/oscal-content
1118,NIST SP 800-53 Rev 5,AU-4: Audit Log Storage Capacity,"Allocate audit log storage capacity to accommodate {{ insert: param, au-04_odp }}.",Implement control AU-4 to satisfy Audit Log Storage Capacity.,https://github.com/usnistgov/oscal-content
1119,NIST SP 800-53 Rev 5,AU-5: Response to Audit Logging Process Failures,,Implement control AU-5 to satisfy Response to Audit Logging Process Failures.,https://github.com/usnistgov/oscal-content
1120,NIST SP 800-53 Rev 5,"AU-6: Audit Record Review, Analysis, and Reporting",,"Implement control AU-6 to satisfy Audit Record Review, Analysis, and Reporting.",https://github.com/usnistgov/oscal-content
1121,NIST SP 800-53 Rev 5,AU-7: Audit Record Reduction and Report Generation,Provide and implement an audit record reduction and report generation capability that:,Implement control AU-7 to satisfy Audit Record Reduction and Report Generation.,https://github.com/usnistgov/oscal-content
1122,NIST SP 800-53 Rev 5,AU-8: Time Stamps,,Implement control AU-8 to satisfy Time Stamps.,https://github.com/usnistgov/oscal-content
1123,NIST SP 800-53 Rev 5,AU-9: Protection of Audit Information,,Implement control AU-9 to satisfy Protection of Audit Information.,https://github.com/usnistgov/oscal-content
1124,NIST SP 800-53 Rev 5,AU-10: Non-repudiation,"Provide irrefutable evidence that an individual (or process acting on behalf of an individual) has performed {{ insert: param, au-10_odp }}.",Implement control AU-10 to satisfy Non-repudiation.,https://github.com/usnistgov/oscal-content
1125,NIST SP 800-53 Rev 5,AU-11: Audit Record Retention,"Retain audit records for {{ insert: param, au-11_odp }} to provide support for after-the-fact investigations of incidents and to meet regulatory and organizational information retention requirements.",Implement control AU-11 to satisfy Audit Record Retention.,https://github.com/usnistgov/oscal-content
1126,NIST SP 800-53 Rev 5,AU-12: Audit Record Generation,,Implement control AU-12 to satisfy Audit Record Generation.,https://github.com/usnistgov/oscal-content
1127,NIST SP 800-53 Rev 5,AU-13: Monitoring for Information Disclosure,,Implement control AU-13 to satisfy Monitoring for Information Disclosure.,https://github.com/usnistgov/oscal-content
1128,NIST SP 800-53 Rev 5,AU-14: Session Audit,,Implement control AU-14 to satisfy Session Audit.,https://github.com/usnistgov/oscal-content
1129,NIST SP 800-53 Rev 5,AU-15: Alternate Audit Logging Capability,,Implement control AU-15 to satisfy Alternate Audit Logging Capability.,https://github.com/usnistgov/oscal-content
1130,NIST SP 800-53 Rev 5,AU-16: Cross-organizational Audit Logging,"Employ {{ insert: param, au-16_odp.01 }} for coordinating {{ insert: param, au-16_odp.02 }} among external organizations when audit information is transmitted across organizational boundaries.",Implement control AU-16 to satisfy Cross-organizational Audit Logging.,https://github.com/usnistgov/oscal-content
1131,NIST SP 800-53 Rev 5,CA-1: Policy and Procedures,,Implement control CA-1 to satisfy Policy and Procedures.,https://github.com/usnistgov/oscal-content
1132,NIST SP 800-53 Rev 5,CA-2: Control Assessments,,Implement control CA-2 to satisfy Control Assessments.,https://github.com/usnistgov/oscal-content
1133,NIST SP 800-53 Rev 5,CA-3: Information Exchange,,Implement control CA-3 to satisfy Information Exchange.,https://github.com/usnistgov/oscal-content
1134,NIST SP 800-53 Rev 5,CA-4: Security Certification,,Implement control CA-4 to satisfy Security Certification.,https://github.com/usnistgov/oscal-content
1135,NIST SP 800-53 Rev 5,CA-5: Plan of Action and Milestones,,Implement control CA-5 to satisfy Plan of Action and Milestones.,https://github.com/usnistgov/oscal-content
1136,NIST SP 800-53 Rev 5,CA-6: Authorization,,Implement control CA-6 to satisfy Authorization.,https://github.com/usnistgov/oscal-content
1137,NIST SP 800-53 Rev 5,CA-7: Continuous Monitoring,Develop a system-level continuous monitoring strategy and implement continuous monitoring in accordance with the organization-level continuous monitoring strategy that includes:,Implement control CA-7 to satisfy Continuous Monitoring.,https://github.com/usnistgov/oscal-content
1138,NIST SP 800-53 Rev 5,CA-8: Penetration Testing,"Conduct penetration testing {{ insert: param, ca-08_odp.01 }} on {{ insert: param, ca-08_odp.02 }}.",Implement control CA-8 to satisfy Penetration Testing.,https://github.com/usnistgov/oscal-content
1139,NIST SP 800-53 Rev 5,CA-9: Internal System Connections,,Implement control CA-9 to satisfy Internal System Connections.,https://github.com/usnistgov/oscal-content
1140,NIST SP 800-53 Rev 5,CM-1: Policy and Procedures,,Implement control CM-1 to satisfy Policy and Procedures.,https://github.com/usnistgov/oscal-content
1141,NIST SP 800-53 Rev 5,CM-2: Baseline Configuration,,Implement control CM-2 to satisfy Baseline Configuration.,https://github.com/usnistgov/oscal-content
1142,NIST SP 800-53 Rev 5,CM-3: Configuration Change Control,,Implement control CM-3 to satisfy Configuration Change Control.,https://github.com/usnistgov/oscal-content
1143,NIST SP 800-53 Rev 5,CM-4: Impact Analyses,Analyze changes to the system to determine potential security and privacy impacts prior to change implementation.,Implement control CM-4 to satisfy Impact Analyses.,https://github.com/usnistgov/oscal-content
1144,NIST SP 800-53 Rev 5,CM-5: Access Restrictions for Change,"Define, document, approve, and enforce physical and logical access restrictions associated with changes to the system.",Implement control CM-5 to satisfy Access Restrictions for Change.,https://github.com/usnistgov/oscal-content
1145,NIST SP 800-53 Rev 5,CM-6: Configuration Settings,,Implement control CM-6 to satisfy Configuration Settings.,https://github.com/usnistgov/oscal-content
1146,NIST SP 800-53 Rev 5,CM-7: Least Functionality,,Implement control CM-7 to satisfy Least Functionality.,https://github.com/usnistgov/oscal-content
1147,NIST SP 800-53 Rev 5,CM-8: System Component Inventory,,Implement control CM-8 to satisfy System Component Inventory.,https://github.com/usnistgov/oscal-content
1148,NIST SP 800-53 Rev 5,CM-9: Configuration Management Plan,"Develop, document, and implement a configuration management plan for the system that:",Implement control CM-9 to satisfy Configuration Management Plan.,https://github.com/usnistgov/oscal-content
1149,NIST SP 800-53 Rev 5,CM-10: Software Usage Restrictions,,Implement control CM-10 to satisfy Software Usage Restrictions.,https://github.com/usnistgov/oscal-content
1150,NIST SP 800-53 Rev 5,CM-11: User-installed Software,,Implement control CM-11 to satisfy User-installed Software.,https://github.com/usnistgov/oscal-content
1151,NIST SP 800-53 Rev 5,CM-12: Information Location,,Implement control CM-12 to satisfy Information Location.,https://github.com/usnistgov/oscal-content
1152,NIST SP 800-53 Rev 5,CM-13: Data Action Mapping,Develop and document a map of system data actions.,Implement control CM-13 to satisfy Data Action Mapping.,https://github.com/usnistgov/oscal-content
1153,NIST SP 800-53 Rev 5,CM-14: Signed Components,"Prevent the installation of {{ insert: param, cm-14_prm_1 }} without verification that the component has been digitally signed using a certificate that is recognized and approved by the organization.",Implement control CM-14 to satisfy Signed Components.,https://github.com/usnistgov/oscal-content
1154,NIST SP 800-53 Rev 5,CP-1: Policy and Procedures,,Implement control CP-1 to satisfy Policy and Procedures.,https://github.com/usnistgov/oscal-content
1155,NIST SP 800-53 Rev 5,CP-2: Contingency Plan,,Implement control CP-2 to satisfy Contingency Plan.,https://github.com/usnistgov/oscal-content
1156,NIST SP 800-53 Rev 5,CP-3: Contingency Training,,Implement control CP-3 to satisfy Contingency Training.,https://github.com/usnistgov/oscal-content
1157,NIST SP 800-53 Rev 5,CP-4: Contingency Plan Testing,,Implement control CP-4 to satisfy Contingency Plan Testing.,https://github.com/usnistgov/oscal-content
1158,NIST SP 800-53 Rev 5,CP-5: Contingency Plan Update,,Implement control CP-5 to satisfy Contingency Plan Update.,https://github.com/usnistgov/oscal-content
1159,NIST SP 800-53 Rev 5,CP-6: Alternate Storage Site,,Implement control CP-6 to satisfy Alternate Storage Site.,https://github.com/usnistgov/oscal-content
1160,NIST SP 800-53 Rev 5,CP-7: Alternate Processing Site,,Implement control CP-7 to satisfy Alternate Processing Site.,https://github.com/usnistgov/oscal-content
1161,NIST SP 800-53 Rev 5,CP-8: Telecommunications Services,"Establish alternate telecommunications services, including necessary agreements to permit the resumption of {{ insert: param, cp-08_odp.01 }} for essential mission and business functions within {{ insert: param, cp-08_odp.02 }} when the primary telecommunications capabilities are unavailable at either the primary or alternate processing or storage sites.",Implement control CP-8 to satisfy Telecommunications Services.,https://github.com/usnistgov/oscal-content
1162,NIST SP 800-53 Rev 5,CP-9: System Backup,,Implement control CP-9 to satisfy System Backup.,https://github.com/usnistgov/oscal-content
1163,NIST SP 800-53 Rev 5,CP-10: System Recovery and Reconstitution,"Provide for the recovery and reconstitution of the system to a known state within {{ insert: param, cp-10_prm_1 }} after a disruption, compromise, or failure.",Implement control CP-10 to satisfy System Recovery and Reconstitution.,https://github.com/usnistgov/oscal-content
1164,NIST SP 800-53 Rev 5,CP-11: Alternate Communications Protocols,"Provide the capability to employ {{ insert: param, cp-11_odp }} in support of maintaining continuity of operations.",Implement control CP-11 to satisfy Alternate Communications Protocols.,https://github.com/usnistgov/oscal-content
1165,NIST SP 800-53 Rev 5,CP-12: Safe Mode,"When {{ insert: param, cp-12_odp.02 }} are detected, enter a safe mode of operation with {{ insert: param, cp-12_odp.01 }}.",Implement control CP-12 to satisfy Safe Mode.,https://github.com/usnistgov/oscal-content
1166,NIST SP 800-53 Rev 5,CP-13: Alternative Security Mechanisms,"Employ {{ insert: param, cp-13_odp.01 }} for satisfying {{ insert: param, cp-13_odp.02 }} when the primary means of implementing the security function is unavailable or compromised.",Implement control CP-13 to satisfy Alternative Security Mechanisms.,https://github.com/usnistgov/oscal-content
1167,NIST SP 800-53 Rev 5,IA-1: Policy and Procedures,,Implement control IA-1 to satisfy Policy and Procedures.,https://github.com/usnistgov/oscal-content
1168,NIST SP 800-53 Rev 5,IA-2: Identification and Authentication (Organizational Users),Uniquely identify and authenticate organizational users and associate that unique identification with processes acting on behalf of those users.,Implement control IA-2 to satisfy Identification and Authentication (Organizational Users).,https://github.com/usnistgov/oscal-content
1169,NIST SP 800-53 Rev 5,IA-3: Device Identification and Authentication,"Uniquely identify and authenticate {{ insert: param, ia-03_odp.01 }} before establishing a {{ insert: param, ia-03_odp.02 }} connection.",Implement control IA-3 to satisfy Device Identification and Authentication.,https://github.com/usnistgov/oscal-content
1170,NIST SP 800-53 Rev 5,IA-4: Identifier Management,Manage system identifiers by:,Implement control IA-4 to satisfy Identifier Management.,https://github.com/usnistgov/oscal-content
1171,NIST SP 800-53 Rev 5,IA-5: Authenticator Management,Manage system authenticators by:,Implement control IA-5 to satisfy Authenticator Management.,https://github.com/usnistgov/oscal-content
1172,NIST SP 800-53 Rev 5,IA-6: Authentication Feedback,Obscure feedback of authentication information during the authentication process to protect the information from possible exploitation and use by unauthorized individuals.,Implement control IA-6 to satisfy Authentication Feedback.,https://github.com/usnistgov/oscal-content
1173,NIST SP 800-53 Rev 5,IA-7: Cryptographic Module Authentication,"Implement mechanisms for authentication to a cryptographic module that meet the requirements of applicable laws, executive orders, directives, policies, regulations, standards, and guidelines for such authentication.",Implement control IA-7 to satisfy Cryptographic Module Authentication.,https://github.com/usnistgov/oscal-content
1174,NIST SP 800-53 Rev 5,IA-8: Identification and Authentication (Non-organizational Users),Uniquely identify and authenticate non-organizational users or processes acting on behalf of non-organizational users.,Implement control IA-8 to satisfy Identification and Authentication (Non-organizational Users).,https://github.com/usnistgov/oscal-content
1175,NIST SP 800-53 Rev 5,IA-9: Service Identification and Authentication,"Uniquely identify and authenticate {{ insert: param, ia-09_odp }} before establishing communications with devices, users, or other services or applications.",Implement control IA-9 to satisfy Service Identification and Authentication.,https://github.com/usnistgov/oscal-content
1176,NIST SP 800-53 Rev 5,IA-10: Adaptive Authentication,"Require individuals accessing the system to employ {{ insert: param, ia-10_odp.01 }} under specific {{ insert: param, ia-10_odp.02 }}.",Implement control IA-10 to satisfy Adaptive Authentication.,https://github.com/usnistgov/oscal-content
1177,NIST SP 800-53 Rev 5,IA-11: Re-authentication,"Require users to re-authenticate when {{ insert: param, ia-11_odp }}.",Implement control IA-11 to satisfy Re-authentication.,https://github.com/usnistgov/oscal-content
1178,NIST SP 800-53 Rev 5,IA-12: Identity Proofing,,Implement control IA-12 to satisfy Identity Proofing.,https://github.com/usnistgov/oscal-content
1179,NIST SP 800-53 Rev 5,IA-13: Identity Providers and Authorization Servers,"Employ identity providers and authorization servers to manage user, device, and non-person entity (NPE) identities, attributes, and access rights supporting authentication and authorization decisions in accordance with {{ insert: param, ia-13_odp.01 }} using {{ insert: param, ia-13_odp.02 }}.",Implement control IA-13 to satisfy Identity Providers and Authorization Servers.,https://github.com/usnistgov/oscal-content
1180,NIST SP 800-53 Rev 5,IR-1: Policy and Procedures,,Implement control IR-1 to satisfy Policy and Procedures.,https://github.com/usnistgov/oscal-content
1181,NIST SP 800-53 Rev 5,IR-2: Incident Response Training,,Implement control IR-2 to satisfy Incident Response Training.,https://github.com/usnistgov/oscal-content
1182,NIST SP 800-53 Rev 5,IR-3: Incident Response Testing,"Test the effectiveness of the incident response capability for the system {{ insert: param, ir-03_odp.01 }} using the following tests: {{ insert: param, ir-03_odp.02 }}.",Implement control IR-3 to satisfy Incident Response Testing.,https://github.com/usnistgov/oscal-content
1183,NIST SP 800-53 Rev 5,IR-4: Incident Handling,,Implement control IR-4 to satisfy Incident Handling.,https://github.com/usnistgov/oscal-content
1184,NIST SP 800-53 Rev 5,IR-5: Incident Monitoring,Track and document incidents.,Implement control IR-5 to satisfy Incident Monitoring.,https://github.com/usnistgov/oscal-content
1185,NIST SP 800-53 Rev 5,IR-6: Incident Reporting,,Implement control IR-6 to satisfy Incident Reporting.,https://github.com/usnistgov/oscal-content
1186,NIST SP 800-53 Rev 5,IR-7: Incident Response Assistance,"Provide an incident response support resource, integral to the organizational incident response capability, that offers advice and assistance to users of the system for the handling and reporting of incidents.",Implement control IR-7 to satisfy Incident Response Assistance.,https://github.com/usnistgov/oscal-content
1187,NIST SP 800-53 Rev 5,IR-8: Incident Response Plan,,Implement control IR-8 to satisfy Incident Response Plan.,https://github.com/usnistgov/oscal-content
1188,NIST SP 800-53 Rev 5,IR-9: Information Spillage Response,Respond to information spills by:,Implement control IR-9 to satisfy Information Spillage Response.,https://github.com/usnistgov/oscal-content
1189,NIST SP 800-53 Rev 5,IR-10: Integrated Information Security Analysis Team,,Implement control IR-10 to satisfy Integrated Information Security Analysis Team.,https://github.com/usnistgov/oscal-content
1190,NIST SP 800-53 Rev 5,MA-1: Policy and Procedures,,Implement control MA-1 to satisfy Policy and Procedures.,https://github.com/usnistgov/oscal-content
1191,NIST SP 800-53 Rev 5,MA-2: Controlled Maintenance,,Implement control MA-2 to satisfy Controlled Maintenance.,https://github.com/usnistgov/oscal-content
1192,NIST SP 800-53 Rev 5,MA-3: Maintenance Tools,,Implement control MA-3 to satisfy Maintenance Tools.,https://github.com/usnistgov/oscal-content
1193,NIST SP 800-53 Rev 5,MA-4: Nonlocal Maintenance,,Implement control MA-4 to satisfy Nonlocal Maintenance.,https://github.com/usnistgov/oscal-content
1194,NIST SP 800-53 Rev 5,MA-5: Maintenance Personnel,,Implement control MA-5 to satisfy Maintenance Personnel.,https://github.com/usnistgov/oscal-content
1195,NIST SP 800-53 Rev 5,MA-6: Timely Maintenance,"Obtain maintenance support and/or spare parts for {{ insert: param, ma-06_odp.01 }} within {{ insert: param, ma-06_odp.02 }} of failure.",Implement control MA-6 to satisfy Timely Maintenance.,https://github.com/usnistgov/oscal-content
1196,NIST SP 800-53 Rev 5,MA-7: Field Maintenance,"Restrict or prohibit field maintenance on {{ insert: param, ma-07_odp.01 }} to {{ insert: param, ma-07_odp.02 }}.",Implement control MA-7 to satisfy Field Maintenance.,https://github.com/usnistgov/oscal-content
1197,NIST SP 800-53 Rev 5,MP-1: Policy and Procedures,,Implement control MP-1 to satisfy Policy and Procedures.,https://github.com/usnistgov/oscal-content
1198,NIST SP 800-53 Rev 5,MP-2: Media Access,"Restrict access to {{ insert: param, mp-2_prm_1 }} to {{ insert: param, mp-2_prm_2 }}.",Implement control MP-2 to satisfy Media Access.,https://github.com/usnistgov/oscal-content
1199,NIST SP 800-53 Rev 5,MP-3: Media Marking,,Implement control MP-3 to satisfy Media Marking.,https://github.com/usnistgov/oscal-content
1200,NIST SP 800-53 Rev 5,MP-4: Media Storage,,Implement control MP-4 to satisfy Media Storage.,https://github.com/usnistgov/oscal-content
1201,NIST SP 800-53 Rev 5,MP-5: Media Transport,,Implement control MP-5 to satisfy Media Transport.,https://github.com/usnistgov/oscal-content
1202,NIST SP 800-53 Rev 5,MP-6: Media Sanitization,,Implement control MP-6 to satisfy Media Sanitization.,https://github.com/usnistgov/oscal-content
1203,NIST SP 800-53 Rev 5,MP-7: Media Use,,Implement control MP-7 to satisfy Media Use.,https://github.com/usnistgov/oscal-content
1204,NIST SP 800-53 Rev 5,MP-8: Media Downgrading,,Implement control MP-8 to satisfy Media Downgrading.,https://github.com/usnistgov/oscal-content
1205,NIST SP 800-53 Rev 5,PE-1: Policy and Procedures,,Implement control PE-1 to satisfy Policy and Procedures.,https://github.com/usnistgov/oscal-content
1206,NIST SP 800-53 Rev 5,PE-2: Physical Access Authorizations,,Implement control PE-2 to satisfy Physical Access Authorizations.,https://github.com/usnistgov/oscal-content
1207,NIST SP 800-53 Rev 5,PE-3: Physical Access Control,,Implement control PE-3 to satisfy Physical Access Control.,https://github.com/usnistgov/oscal-content
1208,NIST SP 800-53 Rev 5,PE-4: Access Control for Transmission,"Control physical access to {{ insert: param, pe-04_odp.01 }} within organizational facilities using {{ insert: param, pe-04_odp.02 }}.",Implement control PE-4 to satisfy Access Control for Transmission.,https://github.com/usnistgov/oscal-content
1209,NIST SP 800-53 Rev 5,PE-5: Access Control for Output Devices,"Control physical access to output from {{ insert: param, pe-05_odp }} to prevent unauthorized individuals from obtaining the output.",Implement control PE-5 to satisfy Access Control for Output Devices.,https://github.com/usnistgov/oscal-content
1210,NIST SP 800-53 Rev 5,PE-6: Monitoring Physical Access,,Implement control PE-6 to satisfy Monitoring Physical Access.,https://github.com/usnistgov/oscal-content
1211,NIST SP 800-53 Rev 5,PE-7: Visitor Control,,Implement control PE-7 to satisfy Visitor Control.,https://github.com/usnistgov/oscal-content
1212,NIST SP 800-53 Rev 5,PE-8: Visitor Access Records,,Implement control PE-8 to satisfy Visitor Access Records.,https://github.com/usnistgov/oscal-content
1213,NIST SP 800-53 Rev 5,PE-9: Power Equipment and Cabling,Protect power equipment and power cabling for the system from damage and destruction.,Implement control PE-9 to satisfy Power Equipment and Cabling.,https://github.com/usnistgov/oscal-content
1214,NIST SP 800-53 Rev 5,PE-10: Emergency Shutoff,,Implement control PE-10 to satisfy Emergency Shutoff.,https://github.com/usnistgov/oscal-content
1215,NIST SP 800-53 Rev 5,PE-11: Emergency Power,"Provide an uninterruptible power supply to facilitate {{ insert: param, pe-11_odp }} in the event of a primary power source loss.",Implement control PE-11 to satisfy Emergency Power.,https://github.com/usnistgov/oscal-content
1216,NIST SP 800-53 Rev 5,PE-12: Emergency Lighting,Employ and maintain automatic emergency lighting for the system that activates in the event of a power outage or disruption and that covers emergency exits and evacuation routes within the facility.,Implement control PE-12 to satisfy Emergency Lighting.,https://github.com/usnistgov/oscal-content
1217,NIST SP 800-53 Rev 5,PE-13: Fire Protection,Employ and maintain fire detection and suppression systems that are supported by an independent energy source.,Implement control PE-13 to satisfy Fire Protection.,https://github.com/usnistgov/oscal-content
1218,NIST SP 800-53 Rev 5,PE-14: Environmental Controls,,Implement control PE-14 to satisfy Environmental Controls.,https://github.com/usnistgov/oscal-content
1219,NIST SP 800-53 Rev 5,PE-15: Water Damage Protection,"Protect the system from damage resulting from water leakage by providing master shutoff or isolation valves that are accessible, working properly, and known to key personnel.",Implement control PE-15 to satisfy Water Damage Protection.,https://github.com/usnistgov/oscal-content
1220,NIST SP 800-53 Rev 5,PE-16: Delivery and Removal,,Implement control PE-16 to satisfy Delivery and Removal.,https://github.com/usnistgov/oscal-content
1221,NIST SP 800-53 Rev 5,PE-17: Alternate Work Site,,Implement control PE-17 to satisfy Alternate Work Site.,https://github.com/usnistgov/oscal-content
1222,NIST SP 800-53 Rev 5,PE-18: Location of System Components,"Position system components within the facility to minimize potential damage from {{ insert: param, pe-18_odp }} and to minimize the opportunity for unauthorized access.",Implement control PE-18 to satisfy Location of System Components.,https://github.com/usnistgov/oscal-content
1223,NIST SP 800-53 Rev 5,PE-19: Information Leakage,Protect the system from information leakage due to electromagnetic signals emanations.,Implement control PE-19 to satisfy Information Leakage.,https://github.com/usnistgov/oscal-content
1224,NIST SP 800-53 Rev 5,PE-20: Asset Monitoring and Tracking,"Employ {{ insert: param, pe-20_odp.01 }} to track and monitor the location and movement of {{ insert: param, pe-20_odp.02 }} within {{ insert: param, pe-20_odp.03 }}.",Implement control PE-20 to satisfy Asset Monitoring and Tracking.,https://github.com/usnistgov/oscal-content
1225,NIST SP 800-53 Rev 5,PE-21: Electromagnetic Pulse Protection,"Employ {{ insert: param, pe-21_odp.01 }} against electromagnetic pulse damage for {{ insert: param, pe-21_odp.02 }}.",Implement control PE-21 to satisfy Electromagnetic Pulse Protection.,https://github.com/usnistgov/oscal-content
1226,NIST SP 800-53 Rev 5,PE-22: Component Marking,"Mark {{ insert: param, pe-22_odp }} indicating the impact level or classification level of the information permitted to be processed, stored, or transmitted by the hardware component.",Implement control PE-22 to satisfy Component Marking.,https://github.com/usnistgov/oscal-content
1227,NIST SP 800-53 Rev 5,PE-23: Facility Location,,Implement control PE-23 to satisfy Facility Location.,https://github.com/usnistgov/oscal-content
1228,NIST SP 800-53 Rev 5,PL-1: Policy and Procedures,,Implement control PL-1 to satisfy Policy and Procedures.,https://github.com/usnistgov/oscal-content
1229,NIST SP 800-53 Rev 5,PL-2: System Security and Privacy Plans,,Implement control PL-2 to satisfy System Security and Privacy Plans.,https://github.com/usnistgov/oscal-content
1230,NIST SP 800-53 Rev 5,PL-3: System Security Plan Update,,Implement control PL-3 to satisfy System Security Plan Update.,https://github.com/usnistgov/oscal-content
1231,NIST SP 800-53 Rev 5,PL-4: Rules of Behavior,,Implement control PL-4 to satisfy Rules of Behavior.,https://github.com/usnistgov/oscal-content
1232,NIST SP 800-53 Rev 5,PL-5: Privacy Impact Assessment,,Implement control PL-5 to satisfy Privacy Impact Assessment.,https://github.com/usnistgov/oscal-content
1233,NIST SP 800-53 Rev 5,PL-6: Security-related Activity Planning,,Implement control PL-6 to satisfy Security-related Activity Planning.,https://github.com/usnistgov/oscal-content
1234,NIST SP 800-53 Rev 5,PL-7: Concept of Operations,,Implement control PL-7 to satisfy Concept of Operations.,https://github.com/usnistgov/oscal-content
1235,NIST SP 800-53 Rev 5,PL-8: Security and Privacy Architectures,,Implement control PL-8 to satisfy Security and Privacy Architectures.,https://github.com/usnistgov/oscal-content
1236,NIST SP 800-53 Rev 5,PL-9: Central Management,"Centrally manage {{ insert: param, pl-09_odp }}.",Implement control PL-9 to satisfy Central Management.,https://github.com/usnistgov/oscal-content
1237,NIST SP 800-53 Rev 5,PL-10: Baseline Selection,Select a control baseline for the system.,Implement control PL-10 to satisfy Baseline Selection.,https://github.com/usnistgov/oscal-content
1238,NIST SP 800-53 Rev 5,PL-11: Baseline Tailoring,Tailor the selected control baseline by applying specified tailoring actions.,Implement control PL-11 to satisfy Baseline Tailoring.,https://github.com/usnistgov/oscal-content
1239,NIST SP 800-53 Rev 5,PM-1: Information Security Program Plan,,Implement control PM-1 to satisfy Information Security Program Plan.,https://github.com/usnistgov/oscal-content
1240,NIST SP 800-53 Rev 5,PM-2: Information Security Program Leadership Role,"Appoint a senior agency information security officer with the mission and resources to coordinate, develop, implement, and maintain an organization-wide information security program.",Implement control PM-2 to satisfy Information Security Program Leadership Role.,https://github.com/usnistgov/oscal-content
1241,NIST SP 800-53 Rev 5,PM-3: Information Security and Privacy Resources,,Implement control PM-3 to satisfy Information Security and Privacy Resources.,https://github.com/usnistgov/oscal-content
1242,NIST SP 800-53 Rev 5,PM-4: Plan of Action and Milestones Process,,Implement control PM-4 to satisfy Plan of Action and Milestones Process.,https://github.com/usnistgov/oscal-content
1243,NIST SP 800-53 Rev 5,PM-5: System Inventory,"Develop and update {{ insert: param, pm-05_odp }} an inventory of organizational systems.",Implement control PM-5 to satisfy System Inventory.,https://github.com/usnistgov/oscal-content
1244,NIST SP 800-53 Rev 5,PM-6: Measures of Performance,"Develop, monitor, and report on the results of information security and privacy measures of performance.",Implement control PM-6 to satisfy Measures of Performance.,https://github.com/usnistgov/oscal-content
1245,NIST SP 800-53 Rev 5,PM-7: Enterprise Architecture,"Develop and maintain an enterprise architecture with consideration for information security, privacy, and the resulting risk to organizational operations and assets, individuals, other organizations, and the Nation.",Implement control PM-7 to satisfy Enterprise Architecture.,https://github.com/usnistgov/oscal-content
1246,NIST SP 800-53 Rev 5,PM-8: Critical Infrastructure Plan,"Address information security and privacy issues in the development, documentation, and updating of a critical infrastructure and key resources protection plan.",Implement control PM-8 to satisfy Critical Infrastructure Plan.,https://github.com/usnistgov/oscal-content
1247,NIST SP 800-53 Rev 5,PM-9: Risk Management Strategy,,Implement control PM-9 to satisfy Risk Management Strategy.,https://github.com/usnistgov/oscal-content
1248,NIST SP 800-53 Rev 5,PM-10: Authorization Process,,Implement control PM-10 to satisfy Authorization Process.,https://github.com/usnistgov/oscal-content
1249,NIST SP 800-53 Rev 5,PM-11: Mission and Business Process Definition,,Implement control PM-11 to satisfy Mission and Business Process Definition.,https://github.com/usnistgov/oscal-content
1250,NIST SP 800-53 Rev 5,PM-12: Insider Threat Program,Implement an insider threat program that includes a cross-discipline insider threat incident handling team.,Implement control PM-12 to satisfy Insider Threat Program.,https://github.com/usnistgov/oscal-content
1251,NIST SP 800-53 Rev 5,PM-13: Security and Privacy Workforce,Establish a security and privacy workforce development and improvement program.,Implement control PM-13 to satisfy Security and Privacy Workforce.,https://github.com/usnistgov/oscal-content
1252,NIST SP 800-53 Rev 5,"PM-14: Testing, Training, and Monitoring",,"Implement control PM-14 to satisfy Testing, Training, and Monitoring.",https://github.com/usnistgov/oscal-content
1253,NIST SP 800-53 Rev 5,PM-15: Security and Privacy Groups and Associations,Establish and institutionalize contact with selected groups and associations within the security and privacy communities:,Implement control PM-15 to satisfy Security and Privacy Groups and Associations.,https://github.com/usnistgov/oscal-content
1254,NIST SP 800-53 Rev 5,PM-16: Threat Awareness Program,Implement a threat awareness program that includes a cross-organization information-sharing capability for threat intelligence.,Implement control PM-16 to satisfy Threat Awareness Program.,https://github.com/usnistgov/oscal-content
1255,NIST SP 800-53 Rev 5,PM-17: Protecting Controlled Unclassified Information on External Systems,,Implement control PM-17 to satisfy Protecting Controlled Unclassified Information on External Systems.,https://github.com/usnistgov/oscal-content
1256,NIST SP 800-53 Rev 5,PM-18: Privacy Program Plan,,Implement control PM-18 to satisfy Privacy Program Plan.,https://github.com/usnistgov/oscal-content
1257,NIST SP 800-53 Rev 5,PM-19: Privacy Program Leadership Role,"Appoint a senior agency official for privacy with the authority, mission, accountability, and resources to coordinate, develop, and implement, applicable privacy requirements and manage privacy risks through the organization-wide privacy program.",Implement control PM-19 to satisfy Privacy Program Leadership Role.,https://github.com/usnistgov/oscal-content
1258,NIST SP 800-53 Rev 5,PM-20: Dissemination of Privacy Program Information,Maintain a central resource webpage on the organization’s principal public website that serves as a central source of information about the organization’s privacy program and that:,Implement control PM-20 to satisfy Dissemination of Privacy Program Information.,https://github.com/usnistgov/oscal-content
1259,NIST SP 800-53 Rev 5,PM-21: Accounting of Disclosures,,Implement control PM-21 to satisfy Accounting of Disclosures.,https://github.com/usnistgov/oscal-content
1260,NIST SP 800-53 Rev 5,PM-22: Personally Identifiable Information Quality Management,Develop and document organization-wide policies and procedures for:,Implement control PM-22 to satisfy Personally Identifiable Information Quality Management.,https://github.com/usnistgov/oscal-content
1261,NIST SP 800-53 Rev 5,PM-23: Data Governance Body,"Establish a Data Governance Body consisting of {{ insert: param, pm-23_odp.01 }} with {{ insert: param, pm-23_odp.02 }}.",Implement control PM-23 to satisfy Data Governance Body.,https://github.com/usnistgov/oscal-content
1262,NIST SP 800-53 Rev 5,PM-24: Data Integrity Board,Establish a Data Integrity Board to:,Implement control PM-24 to satisfy Data Integrity Board.,https://github.com/usnistgov/oscal-content
1263,NIST SP 800-53 Rev 5,"PM-25: Minimization of Personally Identifiable Information Used in Testing, Training, and Research",,"Implement control PM-25 to satisfy Minimization of Personally Identifiable Information Used in Testing, Training, and Research.",https://github.com/usnistgov/oscal-content
1264,NIST SP 800-53 Rev 5,PM-26: Complaint Management,"Implement a process for receiving and responding to complaints, concerns, or questions from individuals about the organizational security and privacy practices that includes:",Implement control PM-26 to satisfy Complaint Management.,https://github.com/usnistgov/oscal-content
1265,NIST SP 800-53 Rev 5,PM-27: Privacy Reporting,,Implement control PM-27 to satisfy Privacy Reporting.,https://github.com/usnistgov/oscal-content
1266,NIST SP 800-53 Rev 5,PM-28: Risk Framing,,Implement control PM-28 to satisfy Risk Framing.,https://github.com/usnistgov/oscal-content
1267,NIST SP 800-53 Rev 5,PM-29: Risk Management Program Leadership Roles,,Implement control PM-29 to satisfy Risk Management Program Leadership Roles.,https://github.com/usnistgov/oscal-content
1268,NIST SP 800-53 Rev 5,PM-30: Supply Chain Risk Management Strategy,,Implement control PM-30 to satisfy Supply Chain Risk Management Strategy.,https://github.com/usnistgov/oscal-content
1269,NIST SP 800-53 Rev 5,PM-31: Continuous Monitoring Strategy,Develop an organization-wide continuous monitoring strategy and implement continuous monitoring programs that include:,Implement control PM-31 to satisfy Continuous Monitoring Strategy.,https://github.com/usnistgov/oscal-content
1270,NIST SP 800-53 Rev 5,PM-32: Purposing,"Analyze {{ insert: param, pm-32_odp }} supporting mission essential services or functions to ensure that the information resources are being used consistent with their intended purpose.",Implement control PM-32 to satisfy Purposing.,https://github.com/usnistgov/oscal-content
1271,NIST SP 800-53 Rev 5,PS-1: Policy and Procedures,,Implement control PS-1 to satisfy Policy and Procedures.,https://github.com/usnistgov/oscal-content
1272,NIST SP 800-53 Rev 5,PS-2: Position Risk Designation,,Implement control PS-2 to satisfy Position Risk Designation.,https://github.com/usnistgov/oscal-content
1273,NIST SP 800-53 Rev 5,PS-3: Personnel Screening,,Implement control PS-3 to satisfy Personnel Screening.,https://github.com/usnistgov/oscal-content
1274,NIST SP 800-53 Rev 5,PS-4: Personnel Termination,Upon termination of individual employment:,Implement control PS-4 to satisfy Personnel Termination.,https://github.com/usnistgov/oscal-content
1275,NIST SP 800-53 Rev 5,PS-5: Personnel Transfer,,Implement control PS-5 to satisfy Personnel Transfer.,https://github.com/usnistgov/oscal-content
1276,NIST SP 800-53 Rev 5,PS-6: Access Agreements,,Implement control PS-6 to satisfy Access Agreements.,https://github.com/usnistgov/oscal-content
1277,NIST SP 800-53 Rev 5,PS-7: External Personnel Security,,Implement control PS-7 to satisfy External Personnel Security.,https://github.com/usnistgov/oscal-content
1278,NIST SP 800-53 Rev 5,PS-8: Personnel Sanctions,,Implement control PS-8 to satisfy Personnel Sanctions.,https://github.com/usnistgov/oscal-content
1279,NIST SP 800-53 Rev 5,PS-9: Position Descriptions,Incorporate security and privacy roles and responsibilities into organizational position descriptions.,Implement control PS-9 to satisfy Position Descriptions.,https://github.com/usnistgov/oscal-content
1280,NIST SP 800-53 Rev 5,PT-1: Policy and Procedures,,Implement control PT-1 to satisfy Policy and Procedures.,https://github.com/usnistgov/oscal-content
1281,NIST SP 800-53 Rev 5,PT-2: Authority to Process Personally Identifiable Information,,Implement control PT-2 to satisfy Authority to Process Personally Identifiable Information.,https://github.com/usnistgov/oscal-content
1282,NIST SP 800-53 Rev 5,PT-3: Personally Identifiable Information Processing Purposes,,Implement control PT-3 to satisfy Personally Identifiable Information Processing Purposes.,https://github.com/usnistgov/oscal-content
1283,NIST SP 800-53 Rev 5,PT-4: Consent,"Implement {{ insert: param, pt-04_odp }} for individuals to consent to the processing of their personally identifiable information prior to its collection that facilitate individuals’ informed decision-making.",Implement control PT-4 to satisfy Consent.,https://github.com/usnistgov/oscal-content
1284,NIST SP 800-53 Rev 5,PT-5: Privacy Notice,Provide notice to individuals about the processing of personally identifiable information that:,Implement control PT-5 to satisfy Privacy Notice.,https://github.com/usnistgov/oscal-content
1285,NIST SP 800-53 Rev 5,PT-6: System of Records Notice,For systems that process information that will be maintained in a Privacy Act system of records:,Implement control PT-6 to satisfy System of Records Notice.,https://github.com/usnistgov/oscal-content
1286,NIST SP 800-53 Rev 5,PT-7: Specific Categories of Personally Identifiable Information,"Apply {{ insert: param, pt-07_odp }} for specific categories of personally identifiable information.",Implement control PT-7 to satisfy Specific Categories of Personally Identifiable Information.,https://github.com/usnistgov/oscal-content
1287,NIST SP 800-53 Rev 5,PT-8: Computer Matching Requirements,When a system or organization processes information for the purpose of conducting a matching program:,Implement control PT-8 to satisfy Computer Matching Requirements.,https://github.com/usnistgov/oscal-content
1288,NIST SP 800-53 Rev 5,RA-1: Policy and Procedures,,Implement control RA-1 to satisfy Policy and Procedures.,https://github.com/usnistgov/oscal-content
1289,NIST SP 800-53 Rev 5,RA-2: Security Categorization,,Implement control RA-2 to satisfy Security Categorization.,https://github.com/usnistgov/oscal-content
1290,NIST SP 800-53 Rev 5,RA-3: Risk Assessment,,Implement control RA-3 to satisfy Risk Assessment.,https://github.com/usnistgov/oscal-content
1291,NIST SP 800-53 Rev 5,RA-4: Risk Assessment Update,,Implement control RA-4 to satisfy Risk Assessment Update.,https://github.com/usnistgov/oscal-content
1292,NIST SP 800-53 Rev 5,RA-5: Vulnerability Monitoring and Scanning,,Implement control RA-5 to satisfy Vulnerability Monitoring and Scanning.,https://github.com/usnistgov/oscal-content
1293,NIST SP 800-53 Rev 5,RA-6: Technical Surveillance Countermeasures Survey,"Employ a technical surveillance countermeasures survey at {{ insert: param, ra-06_odp.01 }} {{ insert: param, ra-06_odp.02 }}.",Implement control RA-6 to satisfy Technical Surveillance Countermeasures Survey.,https://github.com/usnistgov/oscal-content
1294,NIST SP 800-53 Rev 5,RA-7: Risk Response,"Respond to findings from security and privacy assessments, monitoring, and audits in accordance with organizational risk tolerance.",Implement control RA-7 to satisfy Risk Response.,https://github.com/usnistgov/oscal-content
1295,NIST SP 800-53 Rev 5,RA-8: Privacy Impact Assessments,"Conduct privacy impact assessments for systems, programs, or other activities before:",Implement control RA-8 to satisfy Privacy Impact Assessments.,https://github.com/usnistgov/oscal-content
1296,NIST SP 800-53 Rev 5,RA-9: Criticality Analysis,"Identify critical system components and functions by performing a criticality analysis for {{ insert: param, ra-09_odp.01 }} at {{ insert: param, ra-09_odp.02 }}.",Implement control RA-9 to satisfy Criticality Analysis.,https://github.com/usnistgov/oscal-content
1297,NIST SP 800-53 Rev 5,RA-10: Threat Hunting,,Implement control RA-10 to satisfy Threat Hunting.,https://github.com/usnistgov/oscal-content
1298,NIST SP 800-53 Rev 5,SA-1: Policy and Procedures,,Implement control SA-1 to satisfy Policy and Procedures.,https://github.com/usnistgov/oscal-content
1299,NIST SP 800-53 Rev 5,SA-2: Allocation of Resources,,Implement control SA-2 to satisfy Allocation of Resources.,https://github.com/usnistgov/oscal-content
1300,NIST SP 800-53 Rev 5,SA-3: System Development Life Cycle,,Implement control SA-3 to satisfy System Development Life Cycle.,https://github.com/usnistgov/oscal-content
1301,NIST SP 800-53 Rev 5,SA-4: Acquisition Process,"Include the following requirements, descriptions, and criteria, explicitly or by reference, using {{ insert: param, sa-04_odp.01 }} in the acquisition contract for the system, system component, or system service:",Implement control SA-4 to satisfy Acquisition Process.,https://github.com/usnistgov/oscal-content
1302,NIST SP 800-53 Rev 5,SA-5: System Documentation,,Implement control SA-5 to satisfy System Documentation.,https://github.com/usnistgov/oscal-content
1303,NIST SP 800-53 Rev 5,SA-6: Software Usage Restrictions,,Implement control SA-6 to satisfy Software Usage Restrictions.,https://github.com/usnistgov/oscal-content
1304,NIST SP 800-53 Rev 5,SA-7: User-installed Software,,Implement control SA-7 to satisfy User-installed Software.,https://github.com/usnistgov/oscal-content
1305,NIST SP 800-53 Rev 5,SA-8: Security and Privacy Engineering Principles,"Apply the following systems security and privacy engineering principles in the specification, design, development, implementation, and modification of the system and system components: {{ insert: param, sa-8_prm_1 }}.",Implement control SA-8 to satisfy Security and Privacy Engineering Principles.,https://github.com/usnistgov/oscal-content
1306,NIST SP 800-53 Rev 5,SA-9: External System Services,,Implement control SA-9 to satisfy External System Services.,https://github.com/usnistgov/oscal-content
1307,NIST SP 800-53 Rev 5,SA-10: Developer Configuration Management,"Require the developer of the system, system component, or system service to:",Implement control SA-10 to satisfy Developer Configuration Management.,https://github.com/usnistgov/oscal-content
1308,NIST SP 800-53 Rev 5,SA-11: Developer Testing and Evaluation,"Require the developer of the system, system component, or system service, at all post-design stages of the system development life cycle, to:",Implement control SA-11 to satisfy Developer Testing and Evaluation.,https://github.com/usnistgov/oscal-content
1309,NIST SP 800-53 Rev 5,SA-12: Supply Chain Protection,,Implement control SA-12 to satisfy Supply Chain Protection.,https://github.com/usnistgov/oscal-content
1310,NIST SP 800-53 Rev 5,SA-13: Trustworthiness,,Implement control SA-13 to satisfy Trustworthiness.,https://github.com/usnistgov/oscal-content
1311,NIST SP 800-53 Rev 5,SA-14: Criticality Analysis,,Implement control SA-14 to satisfy Criticality Analysis.,https://github.com/usnistgov/oscal-content
1312,NIST SP 800-53 Rev 5,"SA-15: Development Process, Standards, and Tools",,"Implement control SA-15 to satisfy Development Process, Standards, and Tools.",https://github.com/usnistgov/oscal-content
1313,NIST SP 800-53 Rev 5,SA-16: Developer-provided Training,"Require the developer of the system, system component, or system service to provide the following training on the correct use and operation of the implemented security and privacy functions, controls, and/or mechanisms: {{ insert: param, sa-16_odp }}.",Implement control SA-16 to satisfy Developer-provided Training.,https://github.com/usnistgov/oscal-content
1314,NIST SP 800-53 Rev 5,SA-17: Developer Security and Privacy Architecture and Design,"Require the developer of the system, system component, or system service to produce a design specification and security and privacy architecture that:",Implement control SA-17 to satisfy Developer Security and Privacy Architecture and Design.,https://github.com/usnistgov/oscal-content
1315,NIST SP 800-53 Rev 5,SA-18: Tamper Resistance and Detection,,Implement control SA-18 to satisfy Tamper Resistance and Detection.,https://github.com/usnistgov/oscal-content
1316,NIST SP 800-53 Rev 5,SA-19: Component Authenticity,,Implement control SA-19 to satisfy Component Authenticity.,https://github.com/usnistgov/oscal-content
1317,NIST SP 800-53 Rev 5,SA-20: Customized Development of Critical Components,"Reimplement or custom develop the following critical system components: {{ insert: param, sa-20_odp }}.",Implement control SA-20 to satisfy Customized Development of Critical Components.,https://github.com/usnistgov/oscal-content
1318,NIST SP 800-53 Rev 5,SA-21: Developer Screening,"Require that the developer of {{ insert: param, sa-21_odp.01 }}:",Implement control SA-21 to satisfy Developer Screening.,https://github.com/usnistgov/oscal-content
1319,NIST SP 800-53 Rev 5,SA-22: Unsupported System Components,,Implement control SA-22 to satisfy Unsupported System Components.,https://github.com/usnistgov/oscal-content
1320,NIST SP 800-53 Rev 5,SA-23: Specialization,"Employ {{ insert: param, sa-23_odp.01 }} on {{ insert: param, sa-23_odp.02 }} supporting mission essential services or functions to increase the trustworthiness in those systems or components.",Implement control SA-23 to satisfy Specialization.,https://github.com/usnistgov/oscal-content
1321,NIST SP 800-53 Rev 5,SA-24: Design For Cyber Resiliency,,Implement control SA-24 to satisfy Design For Cyber Resiliency.,https://github.com/usnistgov/oscal-content
1322,NIST SP 800-53 Rev 5,SC-1: Policy and Procedures,,Implement control SC-1 to satisfy Policy and Procedures.,https://github.com/usnistgov/oscal-content
1323,NIST SP 800-53 Rev 5,SC-2: Separation of System and User Functionality,"Separate user functionality, including user interface services, from system management functionality.",Implement control SC-2 to satisfy Separation of System and User Functionality.,https://github.com/usnistgov/oscal-content
1324,NIST SP 800-53 Rev 5,SC-3: Security Function Isolation,Isolate security functions from nonsecurity functions.,Implement control SC-3 to satisfy Security Function Isolation.,https://github.com/usnistgov/oscal-content
1325,NIST SP 800-53 Rev 5,SC-4: Information in Shared System Resources,Prevent unauthorized and unintended information transfer via shared system resources.,Implement control SC-4 to satisfy Information in Shared System Resources.,https://github.com/usnistgov/oscal-content
1326,NIST SP 800-53 Rev 5,SC-5: Denial-of-service Protection,,Implement control SC-5 to satisfy Denial-of-service Protection.,https://github.com/usnistgov/oscal-content
1327,NIST SP 800-53 Rev 5,SC-6: Resource Availability,"Protect the availability of resources by allocating {{ insert: param, sc-06_odp.01 }} by {{ insert: param, sc-06_odp.02 }}.",Implement control SC-6 to satisfy Resource Availability.,https://github.com/usnistgov/oscal-content
1328,NIST SP 800-53 Rev 5,SC-7: Boundary Protection,,Implement control SC-7 to satisfy Boundary Protection.,https://github.com/usnistgov/oscal-content
1329,NIST SP 800-53 Rev 5,SC-8: Transmission Confidentiality and Integrity,"Protect the {{ insert: param, sc-08_odp }} of transmitted information.",Implement control SC-8 to satisfy Transmission Confidentiality and Integrity.,https://github.com/usnistgov/oscal-content
1330,NIST SP 800-53 Rev 5,SC-9: Transmission Confidentiality,,Implement control SC-9 to satisfy Transmission Confidentiality.,https://github.com/usnistgov/oscal-content
1331,NIST SP 800-53 Rev 5,SC-10: Network Disconnect,"Terminate the network connection associated with a communications session at the end of the session or after {{ insert: param, sc-10_odp }} of inactivity.",Implement control SC-10 to satisfy Network Disconnect.,https://github.com/usnistgov/oscal-content
1332,NIST SP 800-53 Rev 5,SC-11: Trusted Path,,Implement control SC-11 to satisfy Trusted Path.,https://github.com/usnistgov/oscal-content
1333,NIST SP 800-53 Rev 5,SC-12: Cryptographic Key Establishment and Management,"Establish and manage cryptographic keys when cryptography is employed within the system in accordance with the following key management requirements: {{ insert: param, sc-12_odp }}.",Implement control SC-12 to satisfy Cryptographic Key Establishment and Management.,https://github.com/usnistgov/oscal-content
1334,NIST SP 800-53 Rev 5,SC-13: Cryptographic Protection,,Implement control SC-13 to satisfy Cryptographic Protection.,https://github.com/usnistgov/oscal-content
1335,NIST SP 800-53 Rev 5,SC-14: Public Access Protections,,Implement control SC-14 to satisfy Public Access Protections.,https://github.com/usnistgov/oscal-content
1336,NIST SP 800-53 Rev 5,SC-15: Collaborative Computing Devices and Applications,,Implement control SC-15 to satisfy Collaborative Computing Devices and Applications.,https://github.com/usnistgov/oscal-content
1337,NIST SP 800-53 Rev 5,SC-16: Transmission of Security and Privacy Attributes,"Associate {{ insert: param, sc-16_prm_1 }} with information exchanged between systems and between system components.",Implement control SC-16 to satisfy Transmission of Security and Privacy Attributes.,https://github.com/usnistgov/oscal-content
1338,NIST SP 800-53 Rev 5,SC-17: Public Key Infrastructure Certificates,,Implement control SC-17 to satisfy Public Key Infrastructure Certificates.,https://github.com/usnistgov/oscal-content
1339,NIST SP 800-53 Rev 5,SC-18: Mobile Code,,Implement control SC-18 to satisfy Mobile Code.,https://github.com/usnistgov/oscal-content
1340,NIST SP 800-53 Rev 5,SC-19: Voice Over Internet Protocol,Technology-specific; addressed as any other technology or protocol.,Implement control SC-19 to satisfy Voice Over Internet Protocol.,https://github.com/usnistgov/oscal-content
1341,NIST SP 800-53 Rev 5,SC-20: Secure Name/Address Resolution Service (Authoritative Source),,Implement control SC-20 to satisfy Secure Name/Address Resolution Service (Authoritative Source).,https://github.com/usnistgov/oscal-content
1342,NIST SP 800-53 Rev 5,SC-21: Secure Name/Address Resolution Service (Recursive or Caching Resolver),Request and perform data origin authentication and data integrity verification on the name/address resolution responses the system receives from authoritative sources.,Implement control SC-21 to satisfy Secure Name/Address Resolution Service (Recursive or Caching Resolver).,https://github.com/usnistgov/oscal-content
1343,NIST SP 800-53 Rev 5,SC-22: Architecture and Provisioning for Name/Address Resolution Service,Ensure the systems that collectively provide name/address resolution service for an organization are fault-tolerant and implement internal and external role separation.,Implement control SC-22 to satisfy Architecture and Provisioning for Name/Address Resolution Service.,https://github.com/usnistgov/oscal-content
1344,NIST SP 800-53 Rev 5,SC-23: Session Authenticity,Protect the authenticity of communications sessions.,Implement control SC-23 to satisfy Session Authenticity.,https://github.com/usnistgov/oscal-content
1345,NIST SP 800-53 Rev 5,SC-24: Fail in Known State,"Fail to a {{ insert: param, sc-24_odp.02 }} for the following failures on the indicated components while preserving {{ insert: param, sc-24_odp.03 }} in failure: {{ insert: param, sc-24_odp.01 }}.",Implement control SC-24 to satisfy Fail in Known State.,https://github.com/usnistgov/oscal-content
1346,NIST SP 800-53 Rev 5,SC-25: Thin Nodes,"Employ minimal functionality and information storage on the following system components: {{ insert: param, sc-25_odp }}.",Implement control SC-25 to satisfy Thin Nodes.,https://github.com/usnistgov/oscal-content
1347,NIST SP 800-53 Rev 5,SC-26: Decoys,"Include components within organizational systems specifically designed to be the target of malicious attacks for detecting, deflecting, and analyzing such attacks.",Implement control SC-26 to satisfy Decoys.,https://github.com/usnistgov/oscal-content
1348,NIST SP 800-53 Rev 5,SC-27: Platform-independent Applications,"Include within organizational systems the following platform independent applications: {{ insert: param, sc-27_odp }}.",Implement control SC-27 to satisfy Platform-independent Applications.,https://github.com/usnistgov/oscal-content
1349,NIST SP 800-53 Rev 5,SC-28: Protection of Information at Rest,"Protect the {{ insert: param, sc-28_odp.01 }} of the following information at rest: {{ insert: param, sc-28_odp.02 }}.",Implement control SC-28 to satisfy Protection of Information at Rest.,https://github.com/usnistgov/oscal-content
1350,NIST SP 800-53 Rev 5,SC-29: Heterogeneity,"Employ a diverse set of information technologies for the following system components in the implementation of the system: {{ insert: param, sc-29_odp }}.",Implement control SC-29 to satisfy Heterogeneity.,https://github.com/usnistgov/oscal-content
1351,NIST SP 800-53 Rev 5,SC-30: Concealment and Misdirection,"Employ the following concealment and misdirection techniques for {{ insert: param, sc-30_odp.02 }} at {{ insert: param, sc-30_odp.03 }} to confuse and mislead adversaries: {{ insert: param, sc-30_odp.01 }}.",Implement control SC-30 to satisfy Concealment and Misdirection.,https://github.com/usnistgov/oscal-content
1352,NIST SP 800-53 Rev 5,SC-31: Covert Channel Analysis,,Implement control SC-31 to satisfy Covert Channel Analysis.,https://github.com/usnistgov/oscal-content
1353,NIST SP 800-53 Rev 5,SC-32: System Partitioning,"Partition the system into {{ insert: param, sc-32_odp.01 }} residing in separate {{ insert: param, sc-32_odp.02 }} domains or environments based on {{ insert: param, sc-32_odp.03 }}.",Implement control SC-32 to satisfy System Partitioning.,https://github.com/usnistgov/oscal-content
1354,NIST SP 800-53 Rev 5,SC-33: Transmission Preparation Integrity,,Implement control SC-33 to satisfy Transmission Preparation Integrity.,https://github.com/usnistgov/oscal-content
1355,NIST SP 800-53 Rev 5,SC-34: Non-modifiable Executable Programs,"For {{ insert: param, sc-34_odp.01 }} , load and execute:",Implement control SC-34 to satisfy Non-modifiable Executable Programs.,https://github.com/usnistgov/oscal-content
1356,NIST SP 800-53 Rev 5,SC-35: External Malicious Code Identification,Include system components that proactively seek to identify network-based malicious code or malicious websites.,Implement control SC-35 to satisfy External Malicious Code Identification.,https://github.com/usnistgov/oscal-content
1357,NIST SP 800-53 Rev 5,SC-36: Distributed Processing and Storage,"Distribute the following processing and storage components across multiple {{ insert: param, sc-36_prm_1 }}: {{ insert: param, sc-36_prm_2 }}.",Implement control SC-36 to satisfy Distributed Processing and Storage.,https://github.com/usnistgov/oscal-content
1358,NIST SP 800-53 Rev 5,SC-37: Out-of-band Channels,"Employ the following out-of-band channels for the physical delivery or electronic transmission of {{ insert: param, sc-37_odp.02 }} to {{ insert: param, sc-37_odp.03 }}: {{ insert: param, sc-37_odp.01 }}.",Implement control SC-37 to satisfy Out-of-band Channels.,https://github.com/usnistgov/oscal-content
1359,NIST SP 800-53 Rev 5,SC-38: Operations Security,"Employ the following operations security controls to protect key organizational information throughout the system development life cycle: {{ insert: param, sc-38_odp }}.",Implement control SC-38 to satisfy Operations Security.,https://github.com/usnistgov/oscal-content
1360,NIST SP 800-53 Rev 5,SC-39: Process Isolation,Maintain a separate execution domain for each executing system process.,Implement control SC-39 to satisfy Process Isolation.,https://github.com/usnistgov/oscal-content
1361,NIST SP 800-53 Rev 5,SC-40: Wireless Link Protection,"Protect external and internal {{ insert: param, sc-40_prm_1 }} from the following signal parameter attacks: {{ insert: param, sc-40_prm_2 }}.",Implement control SC-40 to satisfy Wireless Link Protection.,https://github.com/usnistgov/oscal-content
1362,NIST SP 800-53 Rev 5,SC-41: Port and I/O Device Access,"{{ insert: param, sc-41_odp.02 }} disable or remove {{ insert: param, sc-41_odp.01 }} on the following systems or system components: {{ insert: param, sc-41_odp.03 }}.",Implement control SC-41 to satisfy Port and I/O Device Access.,https://github.com/usnistgov/oscal-content
1363,NIST SP 800-53 Rev 5,SC-42: Sensor Capability and Data,,Implement control SC-42 to satisfy Sensor Capability and Data.,https://github.com/usnistgov/oscal-content
1364,NIST SP 800-53 Rev 5,SC-43: Usage Restrictions,,Implement control SC-43 to satisfy Usage Restrictions.,https://github.com/usnistgov/oscal-content
1365,NIST SP 800-53 Rev 5,SC-44: Detonation Chambers,"Employ a detonation chamber capability within {{ insert: param, sc-44_odp }}.",Implement control SC-44 to satisfy Detonation Chambers.,https://github.com/usnistgov/oscal-content
1366,NIST SP 800-53 Rev 5,SC-45: System Time Synchronization,Synchronize system clocks within and between systems and system components.,Implement control SC-45 to satisfy System Time Synchronization.,https://github.com/usnistgov/oscal-content
1367,NIST SP 800-53 Rev 5,SC-46: Cross Domain Policy Enforcement,"Implement a policy enforcement mechanism {{ insert: param, sc-46_odp }} between the physical and/or network interfaces for the connecting security domains.",Implement control SC-46 to satisfy Cross Domain Policy Enforcement.,https://github.com/usnistgov/oscal-content
1368,NIST SP 800-53 Rev 5,SC-47: Alternate Communications Paths,"Establish {{ insert: param, sc-47_odp }} for system operations organizational command and control.",Implement control SC-47 to satisfy Alternate Communications Paths.,https://github.com/usnistgov/oscal-content
1369,NIST SP 800-53 Rev 5,SC-48: Sensor Relocation,"Relocate {{ insert: param, sc-48_odp.01 }} to {{ insert: param, sc-48_odp.02 }} under the following conditions or circumstances: {{ insert: param, sc-48_odp.03 }}.",Implement control SC-48 to satisfy Sensor Relocation.,https://github.com/usnistgov/oscal-content
1370,NIST SP 800-53 Rev 5,SC-49: Hardware-enforced Separation and Policy Enforcement,"Implement hardware-enforced separation and policy enforcement mechanisms between {{ insert: param, sc-49_odp }}.",Implement control SC-49 to satisfy Hardware-enforced Separation and Policy Enforcement.,https://github.com/usnistgov/oscal-content
1371,NIST SP 800-53 Rev 5,SC-50: Software-enforced Separation and Policy Enforcement,"Implement software-enforced separation and policy enforcement mechanisms between {{ insert: param, sc-50_odp }}.",Implement control SC-50 to satisfy Software-enforced Separation and Policy Enforcement.,https://github.com/usnistgov/oscal-content
1372,NIST SP 800-53 Rev 5,SC-51: Hardware-based Protection,,Implement control SC-51 to satisfy Hardware-based Protection.,https://github.com/usnistgov/oscal-content
1373,NIST SP 800-53 Rev 5,SI-1: Policy and Procedures,,Implement control SI-1 to satisfy Policy and Procedures.,https://github.com/usnistgov/oscal-content
1374,NIST SP 800-53 Rev 5,SI-2: Flaw Remediation,,Implement control SI-2 to satisfy Flaw Remediation.,https://github.com/usnistgov/oscal-content
1375,NIST SP 800-53 Rev 5,SI-3: Malicious Code Protection,,Implement control SI-3 to satisfy Malicious Code Protection.,https://github.com/usnistgov/oscal-content
1376,NIST SP 800-53 Rev 5,SI-4: System Monitoring,,Implement control SI-4 to satisfy System Monitoring.,https://github.com/usnistgov/oscal-content
1377,NIST SP 800-53 Rev 5,"SI-5: Security Alerts, Advisories, and Directives",,"Implement control SI-5 to satisfy Security Alerts, Advisories, and Directives.",https://github.com/usnistgov/oscal-content
1378,NIST SP 800-53 Rev 5,SI-6: Security and Privacy Function Verification,,Implement control SI-6 to satisfy Security and Privacy Function Verification.,https://github.com/usnistgov/oscal-content
1379,NIST SP 800-53 Rev 5,"SI-7: Software, Firmware, and Information Integrity",,"Implement control SI-7 to satisfy Software, Firmware, and Information Integrity.",https://github.com/usnistgov/oscal-content
1380,NIST SP 800-53 Rev 5,SI-8: Spam Protection,,Implement control SI-8 to satisfy Spam Protection.,https://github.com/usnistgov/oscal-content
1381,NIST SP 800-53 Rev 5,SI-9: Information Input Restrictions,,Implement control SI-9 to satisfy Information Input Restrictions.,https://github.com/usnistgov/oscal-content
1382,NIST SP 800-53 Rev 5,SI-10: Information Input Validation,"Check the validity of the following information inputs: {{ insert: param, si-10_odp }}.",Implement control SI-10 to satisfy Information Input Validation.,https://github.com/usnistgov/oscal-content
1383,NIST SP 800-53 Rev 5,SI-11: Error Handling,,Implement control SI-11 to satisfy Error Handling.,https://github.com/usnistgov/oscal-content
1384,NIST SP 800-53 Rev 5,SI-12: Information Management and Retention,"Manage and retain information within the system and information output from the system in accordance with applicable laws, executive orders, directives, regulations, policies, standards, guidelines and operational requirements.",Implement control SI-12 to satisfy Information Management and Retention.,https://github.com/usnistgov/oscal-content
1385,NIST SP 800-53 Rev 5,SI-13: Predictable Failure Prevention,,Implement control SI-13 to satisfy Predictable Failure Prevention.,https://github.com/usnistgov/oscal-content
1386,NIST SP 800-53 Rev 5,SI-14: Non-persistence,"Implement non-persistent {{ insert: param, si-14_odp.01 }} that are initiated in a known state and terminated {{ insert: param, si-14_odp.02 }}.",Implement control SI-14 to satisfy Non-persistence.,https://github.com/usnistgov/oscal-content
1387,NIST SP 800-53 Rev 5,SI-15: Information Output Filtering,"Validate information output from the following software programs and/or applications to ensure that the information is consistent with the expected content: {{ insert: param, si-15_odp }}.",Implement control SI-15 to satisfy Information Output Filtering.,https://github.com/usnistgov/oscal-content
1388,NIST SP 800-53 Rev 5,SI-16: Memory Protection,"Implement the following controls to protect the system memory from unauthorized code execution: {{ insert: param, si-16_odp }}.",Implement control SI-16 to satisfy Memory Protection.,https://github.com/usnistgov/oscal-content
1389,NIST SP 800-53 Rev 5,SI-17: Fail-safe Procedures,"Implement the indicated fail-safe procedures when the indicated failures occur: {{ insert: param, si-17_prm_1 }}.",Implement control SI-17 to satisfy Fail-safe Procedures.,https://github.com/usnistgov/oscal-content
1390,NIST SP 800-53 Rev 5,SI-18: Personally Identifiable Information Quality Operations,,Implement control SI-18 to satisfy Personally Identifiable Information Quality Operations.,https://github.com/usnistgov/oscal-content
1391,NIST SP 800-53 Rev 5,SI-19: De-identification,,Implement control SI-19 to satisfy De-identification.,https://github.com/usnistgov/oscal-content
1392,NIST SP 800-53 Rev 5,SI-20: Tainting,"Embed data or capabilities in the following systems or system components to determine if organizational data has been exfiltrated or improperly removed from the organization: {{ insert: param, si-20_odp }}.",Implement control SI-20 to satisfy Tainting.,https://github.com/usnistgov/oscal-content
1393,NIST SP 800-53 Rev 5,SI-21: Information Refresh,"Refresh {{ insert: param, si-21_odp.01 }} at {{ insert: param, si-21_odp.02 }} or generate the information on demand and delete the information when no longer needed.",Implement control SI-21 to satisfy Information Refresh.,https://github.com/usnistgov/oscal-content
1394,NIST SP 800-53 Rev 5,SI-22: Information Diversity,,Implement control SI-22 to satisfy Information Diversity.,https://github.com/usnistgov/oscal-content
1395,NIST SP 800-53 Rev 5,SI-23: Information Fragmentation,"Based on {{ insert: param, si-23_odp.01 }}:",Implement control SI-23 to satisfy Information Fragmentation.,https://github.com/usnistgov/oscal-content
1396,NIST SP 800-53 Rev 5,SR-1: Policy and Procedures,,Implement control SR-1 to satisfy Policy and Procedures.,https://github.com/usnistgov/oscal-content
1397,NIST SP 800-53 Rev 5,SR-2: Supply Chain Risk Management Plan,,Implement control SR-2 to satisfy Supply Chain Risk Management Plan.,https://github.com/usnistgov/oscal-content
1398,NIST SP 800-53 Rev 5,SR-3: Supply Chain Controls and Processes,,Implement control SR-3 to satisfy Supply Chain Controls and Processes.,https://github.com/usnistgov/oscal-content
1399,NIST SP 800-53 Rev 5,SR-4: Provenance,"Document, monitor, and maintain valid provenance of the following systems, system components, and associated data: {{ insert: param, sr-04_odp }}.",Implement control SR-4 to satisfy Provenance.,https://github.com/usnistgov/oscal-content
1400,NIST SP 800-53 Rev 5,"SR-5: Acquisition Strategies, Tools, and Methods","Employ the following acquisition strategies, contract tools, and procurement methods to protect against, identify, and mitigate supply chain risks: {{ insert: param, sr-05_odp }}.","Implement control SR-5 to satisfy Acquisition Strategies, Tools, and Methods.",https://github.com/usnistgov/oscal-content
1401,NIST SP 800-53 Rev 5,SR-6: Supplier Assessments and Reviews,"Assess and review the supply chain-related risks associated with suppliers or contractors and the system, system component, or system service they provide {{ insert: param, sr-06_odp }}.",Implement control SR-6 to satisfy Supplier Assessments and Reviews.,https://github.com/usnistgov/oscal-content
1402,NIST SP 800-53 Rev 5,SR-7: Supply Chain Operations Security,"Employ the following Operations Security (OPSEC) controls to protect supply chain-related information for the system, system component, or system service: {{ insert: param, sr-07_odp }}.",Implement control SR-7 to satisfy Supply Chain Operations Security.,https://github.com/usnistgov/oscal-content
1403,NIST SP 800-53 Rev 5,SR-8: Notification Agreements,"Establish agreements and procedures with entities involved in the supply chain for the system, system component, or system service for the {{ insert: param, sr-08_odp.01 }}.",Implement control SR-8 to satisfy Notification Agreements.,https://github.com/usnistgov/oscal-content
1404,NIST SP 800-53 Rev 5,SR-9: Tamper Resistance and Detection,"Implement a tamper protection program for the system, system component, or system service.",Implement control SR-9 to satisfy Tamper Resistance and Detection.,https://github.com/usnistgov/oscal-content
1405,NIST SP 800-53 Rev 5,SR-10: Inspection of Systems or Components,"Inspect the following systems or system components {{ insert: param, sr-10_odp.02 }} to detect tampering: {{ insert: param, sr-10_odp.01 }}.",Implement control SR-10 to satisfy Inspection of Systems or Components.,https://github.com/usnistgov/oscal-content
1406,NIST SP 800-53 Rev 5,SR-11: Component Authenticity,,Implement control SR-11 to satisfy Component Authenticity.,https://github.com/usnistgov/oscal-content
1407,NIST SP 800-53 Rev 5,SR-12: Component Disposal,"Dispose of {{ insert: param, sr-12_odp.01 }} using the following techniques and methods: {{ insert: param, sr-12_odp.02 }}.",Implement control SR-12 to satisfy Component Disposal.,https://github.com/usnistgov/oscal-content
1408,OWASP Cheat Sheets,SQL Injection - Introduction,"This cheat sheet will help you prevent SQL injection flaws in your applications. It will define what SQL injection is, explain where those flaws occur, and provide four options for defending against SQL injection attacks. [SQL Injection](https://owasp.org/www-community/attacks/SQL_Injection) attacks are common because:  1. SQL Injection vulnerabilities are very common. 2. The application's database is a frequent target for attackers because it typically contains sensitive or critical data.","This cheat sheet will help you prevent SQL injection flaws in your applications. It will define what SQL injection is, explain where those flaws occur, and provide four options for defending against SQL injection attacks. [SQL Injection](https://owasp.org/www-community/attacks/SQL_Injection) attacks are common because:

1. SQL Injection vulnerabilities are very common.
2. The application's database is a frequent target for attackers because it typically contains sensitive or critical data.",https://raw.githubusercontent.com/OWASP/CheatSheetSeries/master/cheatsheets/SQL_Injection_Prevention_Cheat_Sheet.md
1409,OWASP Cheat Sheets,SQL Injection - What Is a SQL Injection Attack?,"Attackers can use SQL injection on an application if it has dynamic database queries that use string concatenation and user-supplied input. To avoid SQL injection flaws, developers need to:  1. Stop writing dynamic queries with string concatenation. 2. Prevent malicious SQL input from being included in executed queries.  There are simple techniques for preventing SQL injection vulnerabilities, and they can be used with practically any kind of programming language and any type of database. While ...","Attackers can use SQL injection on an application if it has dynamic database queries that use string concatenation and user-supplied input. To avoid SQL injection flaws, developers need to:

1. Stop writing dynamic queries with string concatenation.
2. Prevent malicious SQL input from being included in executed queries.

There are simple techniques for preventing SQL injection vulnerabilities, and they can be used with practically any kind of programming language and any type of database. While XML databases can have similar problems (e.g., XPath and XQuery injection), these techniques can be used to protect them as well.",https://raw.githubusercontent.com/OWASP/CheatSheetSeries/master/cheatsheets/SQL_Injection_Prevention_Cheat_Sheet.md
1410,OWASP Cheat Sheets,SQL Injection - Anatomy of a Typical SQL Injection Vulnerability,"A common SQL injection flaw in Java is shown below. Because its unvalidated ""customerName"" parameter is simply appended to the query, an attacker can enter SQL code into that query and the application would take the attacker's code and execute it on the database.","A common SQL injection flaw in Java is shown below. Because its unvalidated ""customerName"" parameter is simply appended to the query, an attacker can enter SQL code into that query and the application would take the attacker's code and execute it on the database.

```java
String query = ""SELECT account_balance FROM user_data WHERE user_name = ""
             + request.getParameter(""customerName"");
try {
    Statement statement = connection.createStatement( ... );
    ResultSet results = statement.executeQuery( query );
}

...
```",https://raw.githubusercontent.com/OWASP/CheatSheetSeries/master/cheatsheets/SQL_Injection_Prevention_Cheat_Sheet.md
1411,OWASP Cheat Sheets,SQL Injection - Primary Defenses,- **Option 1: Use of Prepared Statements (with Parameterized Queries)** - **Option 2: Use of Properly Constructed Stored Procedures** - **Option 3: Allow-list Input Validation** - **Option 4: STRONGLY DISCOURAGED: Escaping All User Supplied Input**,"- **Option 1: Use of Prepared Statements (with Parameterized Queries)**
- **Option 2: Use of Properly Constructed Stored Procedures**
- **Option 3: Allow-list Input Validation**
- **Option 4: STRONGLY DISCOURAGED: Escaping All User Supplied Input**",https://raw.githubusercontent.com/OWASP/CheatSheetSeries/master/cheatsheets/SQL_Injection_Prevention_Cheat_Sheet.md
1412,OWASP Cheat Sheets,SQL Injection - Defense Option 1: Prepared Statements (with Parameterized Queries),"When developers are taught how to write database queries, they should be told to use prepared statements with variable binding (aka parameterized queries). Prepared statements are simple to write and easier to understand than dynamic queries, and parameterized queries force the developer to define all SQL code first and pass in each parameter to the query later.  If database queries use this coding style, the database will always distinguish between code and data, regardless of what user input i...","When developers are taught how to write database queries, they should be told to use prepared statements with variable binding (aka parameterized queries). Prepared statements are simple to write and easier to understand than dynamic queries, and parameterized queries force the developer to define all SQL code first and pass in each parameter to the query later.

If database queries use this coding style, the database will always distinguish between code and data, regardless of what user input is supplied. Also, prepared statements ensure that an attacker cannot change the intent of a query, even if SQL commands are inserted by an attacker.

#### Safe Java Prepared Statement Example

In the safe Java example below, if an attacker were to enter the userID as `tom' or '1'='1`, the parameterized query would look for a username that literally matches the entire string `tom' or '1'='1`. Thus, the database would be protected against injections of malicious SQL code.

The following code example uses a `PreparedStatement`, Java's implementation of a parameterized query, to execute the same database query.

```java
// This should REALLY be validated too
String custname = request.getParameter(""customerName"");
// Perform input validation to detect attacks
String query = ""SELECT account_balance FROM user_data WHERE user_name = ? "";
PreparedStatement pstmt = connection.prepareStatement( query );
pstmt.setString( 1, custname);
ResultSet results = pstmt.executeQuery( );
```

#### Safe C\# .NET Prepared Statement Example

In .NET, the creation and execution of the query doesn't change. Just pass the parameters to the query using the `Parameters.Add()` call as shown below.

```csharp
String query = ""SELECT account_balance FROM user_data WHERE user_name = ?"";
try {
  OleDbCommand command = new OleDbCommand(query, connection);
  command.Parameters.Add(new OleDbParameter(""customerName"", CustomerName Name.Text));
  OleDbDataReader reader = command.ExecuteReader();
  // …
} catch (OleDbException se) {
  // error handling
}
```

While we have shown examples in Java and .NET, practically all other languages (including Cold Fusion and Classic ASP) support parameterized query interfaces. Even SQL abstraction layers, like the [Hibernate Query Language](http://hibernate.org/) (HQL) with the same type of injection problems (called [HQL Injection](http://cwe.mitre.org/data/definitions/564.html))  support parameterized queries as well:

#### Hibernate Query Language (HQL) Prepared Statement (Named Parameters) Example

```java
// This is an unsafe HQL statement
Query unsafeHQLQuery = session.createQuery(""from Inventory where productID='""+userSuppliedParameter+""'"");
// Here is a safe version of the same query using named parameters
Query safeHQLQuery = session.createQuery(""from Inventory where productID=:productid"");
safeHQLQuery.setParameter(""productid"", userSuppliedParameter);
```

#### Other Examples of Safe Prepared Statements

If you need examples of prepared queries/parameterized languages, including Ruby, PHP, Cold Fusion, Perl, and Rust, see the [Query Parameterization Cheat Sheet](Query_Parameterization_Cheat_Sheet.md) or this [site](http://bobby-tables.com/).

Generally, developers like prepared statements because all the SQL code stays within the application, which makes applications relatively database independent.",https://raw.githubusercontent.com/OWASP/CheatSheetSeries/master/cheatsheets/SQL_Injection_Prevention_Cheat_Sheet.md
1413,OWASP Cheat Sheets,SQL Injection - Defense Option 2: Stored Procedures,"Though stored procedures are not always safe from SQL injection, developers can use certain standard stored procedure programming constructs. This approach has the same effect as using parameterized queries, as long as the stored procedures are implemented safely (which is the norm for most stored procedure languages).  #### Safe Approach to Stored Procedures  If stored procedures are needed, the safest approach to using them requires the developer to build SQL statements with parameters that ar...","Though stored procedures are not always safe from SQL injection, developers can use certain standard stored procedure programming constructs. This approach has the same effect as using parameterized queries, as long as the stored procedures are implemented safely (which is the norm for most stored procedure languages).

#### Safe Approach to Stored Procedures

If stored procedures are needed, the safest approach to using them requires the developer to build SQL statements with parameters that are automatically parameterized, unless the developer does something largely out of the norm. The difference between prepared statements and stored procedures is that the SQL code for a stored procedure is defined and stored in the database itself, then called from the application. Since prepared statements and safe stored procedures are equally effective in preventing SQL injection, your organization should choose the approach that makes the most sense for you.

#### When Stored Procedures Can Increase Risk

Occasionally, stored procedures can increase risk when a system is attacked. For example, on MS SQL Server, you have three main default roles: `db_datareader`, `db_datawriter` and `db_owner`. Before stored procedures came into use, DBAs would give `db_datareader` or `db_datawriter` rights to the webservice's user, depending on the requirements.

However, stored procedures require execute rights, a role not available by default. In some setups where user management has been centralized, but is limited to those 3 roles, web apps would have to run as `db_owner` so stored procedures could work. Naturally, that means that if a server is breached, the attacker has full rights to the database, where previously, they might only have had read-access.

#### Safe Java Stored Procedure Example

The following code example uses Java's implementation of the stored procedure interface (`CallableStatement`) to execute the same database query. The `sp_getAccountBalance` stored procedure has to be predefined in the database and use the same functionality as the query above.

```java
// This should REALLY be validated
String custname = request.getParameter(""customerName"");
try {
  CallableStatement cs = connection.prepareCall(""{call sp_getAccountBalance(?)}"");
  cs.setString(1, custname);
  ResultSet results = cs.executeQuery();
  // … result set handling
} catch (SQLException se) {
  // … logging and error handling
}
```

#### Safe VB .NET Stored Procedure Example

The following code example uses a `SqlCommand`, .NET's implementation of the stored procedure interface, to execute the same database query. The `sp_getAccountBalance` stored procedure must be predefined in the database and use the same functionality as the query defined above.

```vbnet
 Try
   Dim command As SqlCommand = new SqlCommand(""sp_getAccountBalance"", connection)
   command.CommandType = CommandType.StoredProcedure
   command.Parameters.Add(new SqlParameter(""@CustomerName"", CustomerName.Text))
   Dim reader As SqlDataReader = command.ExecuteReader()
   '...
 Catch se As SqlException
   'error handling
 End Try
```",https://raw.githubusercontent.com/OWASP/CheatSheetSeries/master/cheatsheets/SQL_Injection_Prevention_Cheat_Sheet.md
1414,OWASP Cheat Sheets,SQL Injection - Defense Option 3: Allow-list Input Validation,"If you are faced with parts of SQL queries that can't use bind variables, such as table names, column names, or sort order indicators (ASC or DESC), input validation or query redesign is the most appropriate defense. When table or column names are needed, ideally those values come from the code and not from user parameters.  #### Sample Of Safe Table Name Validation  WARNING: Using user parameter values to target table or column names is a symptom of poor design and a full rewrite should be cons...","If you are faced with parts of SQL queries that can't use bind variables, such as table names, column names, or sort order indicators (ASC or DESC), input validation or query redesign is the most appropriate defense. When table or column names are needed, ideally those values come from the code and not from user parameters.

#### Sample Of Safe Table Name Validation

WARNING: Using user parameter values to target table or column names is a symptom of poor design and a full rewrite should be considered if time allows. If that is not possible, developers should map the parameter values to the legal/expected table or column names to make sure unvalidated user input doesn't end up in the query.

In the example below, since `tableName` is identified as one of the legal and expected values for a table name in this query, it can be directly appended to the SQL query. Keep in mind that generic table validation functions can lead to data loss if table names are used in queries where they are not expected.

```text
String tableName;
switch(PARAM):
  case ""Value1"": tableName = ""fooTable"";
                 break;
  case ""Value2"": tableName = ""barTable"";
                 break;
  ...
  default      : throw new InputValidationException(""unexpected value provided""
                                                  + "" for table name"");
```

#### Safest Use Of Dynamic SQL Generation (DISCOURAGED)

When we say a stored procedure is ""implemented safely,"" that means it does not include any unsafe dynamic SQL generation. Developers do not usually generate dynamic SQL inside stored procedures. However, it can be done, but should be avoided.

If it can't be avoided, the stored procedure must use input validation or proper escaping, as described in this article, to make sure that all user supplied input to the stored procedure can't be used to inject SQL code into the dynamically generated query. Auditors should always look for uses of `sp_execute`, `execute` or `exec` within SQL Server stored procedures. Similar audit guidelines are necessary for similar functions for other vendors.

#### Sample of Safer Dynamic Query Generation (DISCOURAGED)

For something simple like a sort order, it is best if the user supplied input is converted to a boolean, and then that boolean is used to select the safe value to append to the query. This is a very standard need in dynamic query creation.

For example:

```java
public String someMethod(boolean sortOrder) {
 String SQLquery = ""some SQL ... order by Salary "" + (sortOrder ? ""ASC"" : ""DESC"");
 ...
```

Any time user input can be converted to a non-String, like a date, numeric, boolean, enumerated type, etc. before it is appended to a query, or used to select a value to append to the query, this ensures it is safe to do so.

Input validation is also recommended as a secondary defense in ALL cases, even when using bind variables as discussed earlier in this article. More techniques on how to implement strong input validation techniquies are described in the [Input Validation Cheat Sheet](Input_Validation_Cheat_Sheet.md).",https://raw.githubusercontent.com/OWASP/CheatSheetSeries/master/cheatsheets/SQL_Injection_Prevention_Cheat_Sheet.md
1415,OWASP Cheat Sheets,SQL Injection - Defense Option 4: STRONGLY DISCOURAGED: Escaping All User-Supplied Input,"In this approach, the developer will escape all user input before putting it in a query. It is very database specific in its implementation.  This methodology is fragile compared to other defenses, and we CANNOT guarantee that this option will prevent all SQL injections in all situations.  If an application is built from scratch or requires low risk tolerance, it should be built or re-written using parameterized queries, stored procedures, or some kind of Object Relational Mapper (ORM) that buil...","In this approach, the developer will escape all user input before putting it in a query. It is very database specific in its implementation.  This methodology is fragile compared to other defenses, and we CANNOT guarantee that this option will prevent all SQL injections in all situations.

If an application is built from scratch or requires low risk tolerance, it should be built or re-written using parameterized queries, stored procedures, or some kind of Object Relational Mapper (ORM) that builds your queries for you.",https://raw.githubusercontent.com/OWASP/CheatSheetSeries/master/cheatsheets/SQL_Injection_Prevention_Cheat_Sheet.md
1416,OWASP Cheat Sheets,SQL Injection - Additional Defenses,"Beyond adopting one of the four primary defenses, we also recommend adopting all of these additional defenses to provide defense in depth. These additional defenses are:  - **Least Privilege** - **Allow-list Input Validation**","Beyond adopting one of the four primary defenses, we also recommend adopting all of these additional defenses to provide defense in depth. These additional defenses are:

- **Least Privilege**
- **Allow-list Input Validation**",https://raw.githubusercontent.com/OWASP/CheatSheetSeries/master/cheatsheets/SQL_Injection_Prevention_Cheat_Sheet.md
1417,OWASP Cheat Sheets,SQL Injection - Least Privilege,"To minimize the potential damage of a successful SQL injection attack, you should minimize the privileges assigned to every database account in your environment. Start from the ground up to determine what access rights your application accounts require, rather than trying to figure out what access rights you need to take away.  Make sure that accounts that only need read access are only granted read access to the tables they need access to. DO NOT ASSIGN DBA OR ADMIN TYPE ACCESS TO YOUR APPLICAT...","To minimize the potential damage of a successful SQL injection attack, you should minimize the privileges assigned to every database account in your environment. Start from the ground up to determine what access rights your application accounts require, rather than trying to figure out what access rights you need to take away.

Make sure that accounts that only need read access are only granted read access to the tables they need access to. DO NOT ASSIGN DBA OR ADMIN TYPE ACCESS TO YOUR APPLICATION ACCOUNTS. We understand that this is easy, and everything just ""works"" when you do it this way, but it is very dangerous.

#### Minimizing Application and OS Privileges

SQL injection is not the only threat to your database data. Attackers can simply change the parameter values from one of the legal values they are presented with, to a value that is unauthorized for them, but the application itself might be authorized to access. As such, minimizing the privileges granted to your application will reduce the likelihood of such unauthorized access attempts, even when an attacker is not trying to use SQL injection as part of their exploit.

While you are at it, you should minimize the privileges of the operating system account that the DBMS runs under. Don't run your DBMS as root or system! Most DBMSs run out of the box with a very powerful system account. For example, MySQL runs as system on Windows by default! Change the DBMS's OS account to something more appropriate, with restricted privileges.

#### Details Of Least Privilege When Developing

If an account only needs access to portions of a table, consider creating a view that limits access to that portion of the data and assigning the account access to the view instead of the underlying table. Rarely, if ever, grant create or delete access to database accounts.

If you adopt a policy where you use stored procedures everywhere, and don't allow application accounts to directly execute their own queries, then restrict those accounts to only be able to execute the stored procedures they need. Don't grant them any rights directly to the tables in the database.

#### Least Admin Privileges For Multiple DBs

The designers of web applications should avoid using the same owner/admin account in the web applications to connect to the database. Different DB users should be used for different web applications.

In general, each separate web application that requires access to the database should have a designated database user account that the application will use to connect to the DB. That way, the designer of the application can have good granularity in the access control, thus reducing the privileges as much as possible. Each DB user will then have select access to only what it needs, and write-access as needed.

As an example, a login page requires read access to the username and password fields of a table, but no write access of any form (no insert, update, or delete). However, the sign-up page certainly requires insert privilege to that table; this restriction can only be enforced if these web apps use different DB users to connect to the database.

#### Enhancing Least Privilege with SQL Views

You can use SQL views to further increase the granularity of access by limiting the read access to specific fields of a table or joins of tables. It could have additional benefits.

For example, if the system is required (perhaps due to some specific legal requirements) to store the passwords of the users, instead of salted-hashed passwords, the designer could use views to compensate for this limitation. They could revoke all access to the table (from all DB users except the owner/admin) and create a view that outputs the hash of the password field and not the field itself.

Any SQL injection attack that succeeds in stealing DB information will be restricted to stealing the hash of the passwords (could even be a keyed hash), since no DB user for any of the web applications has access to the table itself.",https://raw.githubusercontent.com/OWASP/CheatSheetSeries/master/cheatsheets/SQL_Injection_Prevention_Cheat_Sheet.md
1418,OWASP Cheat Sheets,SQL Injection - Allow-list Input Validation,"In addition to being a primary defense when nothing else is possible (e.g., when a bind variable isn't legal), input validation can also be a secondary defense used to detect unauthorized input before it is passed to the SQL query. For more information please see the [Input Validation Cheat Sheet](Input_Validation_Cheat_Sheet.md). Proceed with caution here. Validated data is not necessarily safe to insert into SQL queries via string building.","In addition to being a primary defense when nothing else is possible (e.g., when a bind variable isn't legal), input validation can also be a secondary defense used to detect unauthorized input before it is passed to the SQL query. For more information please see the [Input Validation Cheat Sheet](Input_Validation_Cheat_Sheet.md). Proceed with caution here. Validated data is not necessarily safe to insert into SQL queries via string building.",https://raw.githubusercontent.com/OWASP/CheatSheetSeries/master/cheatsheets/SQL_Injection_Prevention_Cheat_Sheet.md
1419,OWASP Cheat Sheets,SQL Injection - Related Articles,**SQL Injection Attack Cheat Sheets**:  The following articles describe how to exploit different kinds of SQL injection vulnerabilities on various platforms (that this article was created to help you avoid):  - [SQL Injection Cheat Sheet](https://www.netsparker.com/blog/web-security/sql-injection-cheat-sheet/) - Bypassing WAF's with SQLi - [SQL Injection Bypassing WAF](https://owasp.org/www-community/attacks/SQL_Injection_Bypassing_WAF)  **Description of SQL Injection Vulnerabilities**:  - OWASP...,"**SQL Injection Attack Cheat Sheets**:

The following articles describe how to exploit different kinds of SQL injection vulnerabilities on various platforms (that this article was created to help you avoid):

- [SQL Injection Cheat Sheet](https://www.netsparker.com/blog/web-security/sql-injection-cheat-sheet/)
- Bypassing WAF's with SQLi - [SQL Injection Bypassing WAF](https://owasp.org/www-community/attacks/SQL_Injection_Bypassing_WAF)

**Description of SQL Injection Vulnerabilities**:

- OWASP article on [SQL Injection](https://owasp.org/www-community/attacks/SQL_Injection) Vulnerabilities
- OWASP article on [Blind_SQL_Injection](https://owasp.org/www-community/attacks/Blind_SQL_Injection) Vulnerabilities

**How to Avoid SQL Injection Vulnerabilities**:

- [OWASP Developers Guide](https://github.com/OWASP/DevGuide) article on how to avoid SQL injection vulnerabilities
- OWASP Cheat Sheet that provides [numerous language specific examples of parameterized queries using both Prepared Statements and Stored Procedures](Query_Parameterization_Cheat_Sheet.md)
- [The Bobby Tables site (inspired by the XKCD webcomic) has numerous examples in different languages of parameterized Prepared Statements and Stored Procedures](http://bobby-tables.com/)

**How to Review Code for SQL Injection Vulnerabilities**:

- [OWASP Code Review Guide](https://wiki.owasp.org/index.php/Category:OWASP_Code_Review_Project) article on how to [Review Code for SQL Injection](https://wiki.owasp.org/index.php/Reviewing_Code_for_SQL_Injection) Vulnerabilities

**How to Test for SQL Injection Vulnerabilities**:

- [OWASP Testing Guide](https://owasp.org/www-project-web-security-testing-guide) article on how to [Test for SQL Injection](https://owasp.org/www-project-web-security-testing-guide/stable/4-Web_Application_Security_Testing/07-Input_Validation_Testing/05-Testing_for_SQL_Injection.html) Vulnerabilities",https://raw.githubusercontent.com/OWASP/CheatSheetSeries/master/cheatsheets/SQL_Injection_Prevention_Cheat_Sheet.md
